,dev_u,dev_v,slope_u,slope_v,norm,acc_std_max,n,session,maha,flag_maha,cusum,flag_cusum,iso,flag_iso,lstm,flag_lstm,flag_sensor,votes,status,split
2026-09-05 05:32:06.706673+00:00,179.24209742832866,101.71112742733652,-3.6394306827426717,0.16576934714814542,10.077690705621393,0.0978287000090185,22,0,93.4183142496269,True,20.673475477439823,False,0.651098863990113,True,3.080737,True,False,3,ALARM,train
2026-09-05 06:07:11.255524+00:00,179.40859726333963,101.55398291295101,-4.331154591626807,-0.2769840389913684,10.056140426412785,0.020497804760510583,25,3,92.95843741860284,True,41.19889152407302,False,0.6003502919861521,True,0.094207734,True,False,3,ALARM,train
2026-09-05 06:19:33.835608+00:00,-169.17991168771667,103.7540335812405,-4.722421046172121,-2.2347897850330667,10.076783653093536,0.1294241758094316,27,4,26.73006204930249,True,24.978883035939337,False,0.6554060277544903,True,6.588586,True,False,3,ALARM,train
2026-09-05 06:29:48.353547+00:00,-163.23209873824894,100.53694961847512,41.45197933963524,-23.582093746630957,10.078666196140995,0.12042856803931531,25,4,95.99668499620306,True,33.067137893965324,False,0.681524468855189,True,3.337274,True,False,3,ALARM,train
2026-09-05 06:39:55.173645+00:00,-162.95200968509855,100.16549186499081,-2.844973127501657,0.5916698119042494,10.061056278065953,0.013609081548426471,26,4,23.94074914196608,True,48.374922067327276,False,0.5573053923622454,True,0.039905563,False,False,2,WARNING,train
2026-09-05 06:44:37.352323+00:00,-163.14011403572908,100.15584654849334,3.2717173285347343,-1.8899036115020313,10.04289897682578,0.018787229705307808,25,4,22.884364582559545,True,64.37057123508556,False,0.5458272859788076,True,0.056587532,True,False,3,WARNING,train
2026-09-05 06:49:39.128604+00:00,-162.74485035628484,100.22434572228025,14.633378991557704,-2.970181459395339,10.05881801106822,0.025294127765319054,26,4,37.03627996218592,True,80.3532100848758,True,0.599103008313265,True,0.06366409,True,False,4,ALARM,train
2026-09-05 06:54:41.210386+00:00,-162.6104749627311,100.11948412069198,-4.8372586386852365,1.4973431232464973,10.055192112124113,0.017790251700174346,24,4,25.281495656670575,True,96.35172538783138,True,0.5560867271943053,True,0.04707863,False,False,3,ALARM,train
2026-09-05 07:32:11.704703+00:00,-154.22260262718078,99.30457098341593,-29.385065502301007,-2.0175123787139495,10.070922389791324,0.1225778561276645,23,5,65.289952992255,True,111.68216628059439,True,0.6434228444629864,True,5.161999,True,False,4,ALARM,train
2026-09-05 07:42:05.816592+00:00,-155.88023215604312,99.25235070515521,-3.3140033232818,-0.27470725379985045,10.053200871835177,0.023720528995751108,29,6,22.888873856823974,True,127.26132645210458,True,0.5346177598770225,True,0.10031631,True,False,4,ALARM,train
2026-09-05 07:47:07.775170+00:00,-156.06080592464454,99.32111328881635,3.839084081753774,-0.878252948256874,10.044683843390064,0.05537902793200557,28,6,23.05135492085094,True,142.89469566974233,True,0.5546214875194553,True,0.78925586,True,False,4,ALARM,train
2026-09-05 07:52:30.325401+00:00,-156.06743616425555,99.27841220478057,-4.481593115813475,0.04199891359914688,10.043820791960897,0.023953287874527465,25,6,23.98443331592402,True,158.56361318057097,True,0.5286324649865424,True,0.115709335,True,False,4,ALARM,train
2026-09-05 07:57:11.814415+00:00,-156.16969978619002,99.29118664664175,3.893213904020004,0.20259524711314292,10.055643123941836,0.016629588385661805,27,6,23.370507379650224,True,174.27876728172245,True,0.5168838284952472,True,0.056840904,True,False,4,ALARM,train
2026-09-05 08:02:13.986034+00:00,-156.0782428193449,99.2818762194333,-5.699081242736368,0.744081764290098,10.051300414695186,0.017612611437053845,28,6,25.67559228794561,True,190.0193095807283,True,0.5333246485692986,True,0.07291177,True,False,4,ALARM,train
2026-09-05 08:07:06.291925+00:00,-156.11084638525355,99.29241357198481,0.8758641031357616,0.727438060853829,10.052261053964024,0.02004432957045401,26,6,22.198139677732275,True,205.79899147955868,True,0.5133155111203073,True,0.09799593,True,False,4,ALARM,train
2026-09-05 08:12:08.052288+00:00,-156.06676776938454,99.28244579099831,2.139842208873271,-0.7681797652455553,10.057436017014867,0.019144959975288815,27,6,22.1335174399834,True,221.60968008226814,True,0.5033787482916885,True,0.1138688,True,False,4,ALARM,train
2026-09-05 08:17:10.011620+00:00,-156.22314131105767,99.30855900539234,3.66985851402721,-0.4098487428240967,10.047872838262977,0.019603683315243575,29,6,22.949942192951216,True,237.47341432328798,True,0.49750524961248416,True,0.08146389,True,False,4,ALARM,train
2026-09-05 08:27:14.257121+00:00,-155.49541885963777,99.50195756706005,4.961546543217914,-1.742482288328688,10.051925410928703,0.018221287169748322,28,6,23.797904239968553,True,253.33044016061294,True,0.5155942684787785,True,0.07718842,True,False,4,ALARM,train
2026-09-05 08:32:16.338750+00:00,-155.29431081819249,99.46984769626054,5.9378528542987254,-0.7840624019134088,10.050812219334794,0.01930774755496463,21,6,24.714689319121323,True,269.2020768485725,True,0.506652808348845,True,0.07767435,True,False,4,ALARM,train
2026-09-05 08:37:08.382152+00:00,-155.4185226810253,99.48656398039394,-7.8636244508656254,1.8388646848747765,10.050219050171489,0.019482185594936193,30,6,28.584368464179644,True,285.1238963922435,True,0.5473041618559005,True,0.090029374,True,False,4,ALARM,train
2026-09-05 08:42:10.363493+00:00,-155.51271491584333,99.56091296579383,3.6918045663481998,-0.879976793761829,10.045773117293011,0.013846153846153847,26,6,23.521186887128433,True,301.09274540973115,True,0.5116620733346554,True,0.050811887,False,False,3,ALARM,train
2026-09-05 08:47:12.434611+00:00,-155.02001259038207,99.53677890368662,11.753632320928267,-0.03907383079959957,10.048826065482185,0.020108178509631282,22,6,32.243353268619224,True,317.04479136764314,True,0.5254117751351869,True,0.072364755,True,False,4,ALARM,train
2026-09-05 08:52:14.832072+00:00,-154.7135835760548,99.56778798657763,5.512416550243249,1.352650588972639,10.051678210538151,0.015774473658552886,27,6,25.218722682638347,True,333.00040711809027,True,0.527848273058971,True,0.05215947,False,False,3,ALARM,train
2026-09-05 08:57:06.559988+00:00,-154.36112121329097,99.55106804514979,1.4368984074743638,-0.43006026471940356,10.059844260464955,0.020080393975771615,30,6,22.097112152770244,True,348.9546422348926,True,0.4948736011560698,True,0.0667704,True,False,4,ALARM,train
2026-09-05 09:02:08.648975+00:00,-154.23886198603628,99.50512583929252,1.9826160851397083,-0.6492660689983719,10.048653426224961,0.01630950643029974,20,6,22.530492768276655,True,364.9326197430188,True,0.4979582255068057,True,0.04550253,False,False,3,ALARM,train
2026-09-05 09:07:30.915031+00:00,-154.16904105087676,99.52904250738337,3.640267052003285,0.7832537929271381,10.052557530622868,0.015131228688796006,28,7,23.771080380834732,True,380.94008070046664,True,0.5194568805491557,True,0.05928521,True,False,4,ALARM,train
2026-09-05 09:12:32.984804+00:00,-154.20889583146334,99.53982304434133,-0.4796454543112808,-0.07033743661959535,10.056190016773067,0.02148786622868145,27,7,22.1683444011098,True,396.98898351537406,True,0.510884369201508,True,0.09882038,True,False,4,ALARM,train
2026-09-05 09:17:34.940464+00:00,-100.17420739077559,57.496775134514955,3265.8307014419242,-2539.10621745482,9.99613730659592,7.9182445644326584,27,7,7937.024108789277,True,407.1888588723507,True,0.820918202971821,True,205.48845,True,False,4,ALARM,train
2026-09-05 09:22:35.623326+00:00,42.976994642381285,-42.98324980284772,-548.681008236245,-567.2523626181151,9.82192195663411,4.5892816341078655,26,7,1458.5426193338988,True,401.8320183596319,True,0.7494281684731482,True,36.476303,True,False,4,ALARM,train
2026-09-05 09:31:00.744329+00:00,153.33046595600214,96.81580297915421,8.218233151643306,0.2592991226823523,10.075305748661073,0.13777608109069603,26,8,80.60078109076821,True,384.5207320104323,True,0.6352089613924914,True,7.346223,True,False,4,ALARM,train
2026-09-05 09:41:05.205836+00:00,178.5405475184483,101.43102793102719,-4.268396181190674,-0.13722898102675937,10.04235241719491,0.017950549357115347,24,8,91.34758383022591,True,364.5369800171373,True,0.5376970465104755,True,0.104345135,True,False,4,ALARM,train
2026-09-05 09:46:06.775368+00:00,178.48477856424148,101.38000844668926,-2.9269722291421014,0.11726569058168061,10.0323581031134,0.020195054758192575,26,8,91.05313967929851,True,344.5960118850087,True,0.5378062529661155,True,0.09805104,True,False,4,ALARM,train
2026-09-05 09:51:09.407724+00:00,178.54168944847808,101.41258092365453,-0.161372591425014,-0.43309993124689194,10.045967060428495,0.015162584807747572,27,8,89.45845519492805,True,324.68542710789603,True,0.5303845913418715,True,0.057527833,True,False,4,ALARM,train
2026-09-05 09:56:01.198661+00:00,178.55760251634078,101.41478335128173,-0.2689748889085289,0.44673234175549625,10.044458802866647,0.03353911819025057,28,8,89.79511877830537,True,304.80954822429123,True,0.545416421428208,True,0.16341515,True,False,4,ALARM,train
2026-09-05 10:01:13.248115+00:00,178.37597194390037,101.41665373147731,-0.593882071464751,-0.04744250176850087,10.038563514904954,0.019688939051855123,27,8,89.81232664327045,True,284.9897333217788,True,0.5246391193170336,True,0.05594022,True,False,4,ALARM,train
2026-09-05 10:06:05.673607+00:00,178.45907608413316,101.4542617747688,6.864558435320159,0.8233912939811756,10.056429167598816,0.08442205478033171,24,8,89.19346577195255,True,268.7853316272465,True,0.5898157825148732,True,2.404668,True,False,4,ALARM,train
2026-09-05 10:11:06.413324+00:00,178.33687422348498,101.40252958098088,-10.147940324345916,-1.3976300173411442,10.04720650751769,0.0319530906173411,20,8,94.52790886168818,True,276.94380666949434,True,0.5902662346438654,True,0.23654784,True,False,4,ALARM,train
2026-09-05 10:16:19.450892+00:00,178.19462286828602,101.31789261218078,3.7431143744109208,0.32505570200141404,10.051326141038249,0.015869840952317867,27,8,88.2184217708892,True,285.1017130908181,True,0.5322612975358485,True,0.053569123,False,False,3,ALARM,train
2026-09-05 10:21:10.873096+00:00,178.33676092876192,101.35150543156696,3.6262205270517014,1.4917356157898622,10.046861379245001,0.019032603605392828,25,8,88.6062764524269,True,293.2712028446032,True,0.5423285734540048,True,0.076353244,True,False,4,ALARM,train
2026-09-05 10:26:02.722175+00:00,178.35443520904118,101.46989973258687,3.791413892508586,0.6702255217711126,10.050674701683977,0.01912485294061144,25,8,88.37122449538458,True,301.46107920935043,True,0.5359040465800845,True,0.10039636,True,False,4,ALARM,train
2026-09-05 10:31:04.641537+00:00,178.51711997731863,101.5249426981759,-0.06680118362240008,1.583793984786121,10.041443184060778,0.017187442022165923,28,8,89.68582345881437,True,309.66533727237174,True,0.5427009935482107,True,0.062474832,True,False,4,ALARM,train
2026-09-05 10:36:07.298597+00:00,178.47584190651526,101.53790651802886,-2.5309225644718443,0.2570293092834662,10.031928588855685,0.01781684596105612,25,8,90.69891878376407,True,317.8800937974833,True,0.5377638065723103,True,0.07147887,True,False,4,ALARM,train
2026-09-05 10:41:08.995149+00:00,178.54402896607047,101.54876631117837,1.3923421445290798,-0.15274336350647744,10.037915482819736,0.016850834320114777,27,8,89.14396180071105,True,326.1054562078747,True,0.5328808139279612,True,0.06621036,True,False,4,ALARM,train
2026-09-05 10:46:10.856620+00:00,178.5069521633935,101.56275581767602,2.1848571920967963,0.5366651987704592,10.04377041976109,0.012672282142293488,28,8,88.83549353016019,True,334.3420504457549,True,0.552771820161148,True,0.028084742,False,False,3,ALARM,train
2026-09-05 10:51:03.179083+00:00,178.90900898466631,101.46216213782314,1.3164500519779958,-1.8286179032802152,10.042220998238328,0.01471869559437928,25,8,88.84890301189829,True,342.57873376356406,True,0.5617111508842795,True,0.052168883,False,False,3,ALARM,train
2026-09-10 05:14:43.913891+00:00,-9.531154986774563,-70.33374568763698,-15.572600628588374,6.258431288033252,9.385776297141094,0.03709182393259335,23,9,47.371112491542995,True,333.75103065461695,True,0.625139248716865,True,0.04610045,False,False,3,ALARM,train
2026-09-10 05:19:09.620976+00:00,-10.728252922158841,-70.46972375143771,-35.87214649385834,-11.57602424832305,9.389317205853697,0.15226949793047853,20,9,83.93227524113988,True,324.8970484028535,True,0.6394126029081607,True,0.12202173,True,False,4,ALARM,train
2026-09-10 05:24:12.318143+00:00,16.77761896904621,-59.83419289426574,774.9214714123964,411.9913343117791,9.637795204928837,2.575813916674365,30,9,1746.6530017571677,True,317.0935316065266,True,0.7286280071531217,True,19.918003,True,False,4,ALARM,train
2026-09-10 05:29:14.088102+00:00,34.263447951744226,-48.301468418093044,-6.028879338898317,14.316021166928152,9.812934148813667,0.06242862591258378,30,9,40.1557869994338,True,310.4304099748919,True,0.5650015981451686,True,0.05113977,False,False,3,ALARM,train
2026-09-10 06:00:47.881117+00:00,31.726276316443496,-44.61113525939243,0.217015422463717,-1.1086307697575613,9.789916013717596,0.015365372581106346,26,11,28.649487552880597,True,314.13779209779165,True,0.4574021189259471,True,0.053035207,False,False,3,ALARM,train
2026-09-10 06:05:57.333523+00:00,31.65023771264749,-44.60991262303152,-4.914119784924126,3.4530792791212566,9.792551471546018,0.02037154878746336,20,11,28.83542235371275,True,318.57785564328566,True,0.4978334688185217,True,0.03987848,False,False,3,ALARM,train
2026-09-10 06:10:59.323803+00:00,31.355035386102784,-44.43390029813529,-0.05913172901426931,0.18369807972297272,9.785049157896399,0.02107683695163608,29,11,28.5732176177344,True,322.9598351022093,True,0.4562743202850477,True,0.06382445,True,False,4,ALARM,train
2026-09-10 06:15:51.567467+00:00,31.356699011392504,-44.567126885236576,0.8138871100683132,-1.4282550688671682,9.787625904809872,0.013741281962187176,29,11,28.807135332073152,True,327.3154960142719,True,0.4543558507853909,True,0.038073476,False,False,3,ALARM,train
2026-09-10 06:21:03.899840+00:00,31.361350752428027,-44.56418027666765,1.6577794370416097,-0.10605905216916266,9.788253435205085,0.015059055346501515,26,11,29.077322698166647,True,331.63912568445176,True,0.4486359618672207,True,0.026591914,False,False,3,ALARM,train
2026-09-10 09:23:46.959704+00:00,5.9082963774028165,-56.96185491100796,-98.48303126150205,-53.30461497469443,9.75727203485446,1.0162129928715276,23,19,221.91302225971245,True,331.95057917366813,True,0.5839275341054007,True,0.97644246,True,False,4,ALARM,train
2026-09-10 09:28:49.357209+00:00,5.944199930638501,-59.036791414082494,-26.026417645327566,-100.97998621272079,9.713549544519477,0.9821309476577486,22,19,180.70430743155515,True,332.2289261790475,True,0.5802747253737118,True,3.541249,True,False,4,ALARM,train
2026-09-10 09:33:42.413494+00:00,5.29300972058602,-58.30562717203895,-42.61132183598649,-52.50031421484534,9.73489673416864,0.8793240266259378,22,19,130.32459299264926,True,332.3993829332856,True,0.559676964252213,True,2.6562347,True,False,4,ALARM,train
2026-09-10 09:38:43.359616+00:00,7.527398454646607,-58.324837218040244,-93.32499069875925,-12.536842995588978,9.713799910484575,1.216737016344185,22,19,194.66884186830285,True,332.7763626119734,True,0.5606711740177865,True,4.979395,True,False,4,ALARM,train
2026-09-10 09:45:06.535564+00:00,5.782700584959368,-60.32191119699372,-71.86371331643126,88.63898478652993,9.687865350004985,0.6892348134701074,22,19,206.13518561062793,True,332.9118332812021,True,0.5963128745721148,True,6.646564,True,False,4,ALARM,train
2026-09-10 09:48:48.250519+00:00,5.044270241796909,-59.31418130790059,-7.270507758459335,7.069784088841948,9.72270032678661,0.5269731358153433,27,19,51.85006937755114,True,332.9448836001777,True,0.5192414243104689,True,3.8937407,True,False,4,ALARM,train
2026-09-10 09:53:40.193114+00:00,4.499740308269827,-57.83522049548503,22.4435643206168,1.6630647807731052,9.756976794605142,0.04644917125422244,28,19,68.60344073392835,True,332.88208954247256,True,0.5051761781889038,True,0.11483896,True,False,4,ALARM,train
2026-09-10 09:58:42.680156+00:00,5.79594279303158,-58.34495580158115,-23.331309089252137,32.50596356697775,9.740285682513228,0.36616468358561133,29,19,80.6695455703332,True,332.9241166649309,True,0.5381072394288409,True,1.3577714,True,False,4,ALARM,train
2026-09-10 10:03:45.167856+00:00,5.803912852566531,-58.3785452966931,2.448366147925974,3.4459099736401524,9.74675911406973,0.3635908873078826,30,19,51.012137439633086,True,332.9308025890693,True,0.5028462764440488,True,1.5916333,True,False,4,ALARM,train
2026-09-10 10:08:47.254882+00:00,10.256073163050251,-57.26845864226943,87.04074397870956,25.69403669985429,9.748531965424881,1.0445698742651073,30,19,199.71466710593054,True,333.38644799527935,True,0.5707009971596428,True,1.2769322,True,False,4,ALARM,train
2026-09-10 10:13:49.345730+00:00,13.691847601134768,-57.43022220835088,-111.57322006200921,4.600339098973936,9.701546418671528,1.5868671039842912,29,19,230.31161947689702,True,334.18053774706476,True,0.5758675896878213,True,9.79121,True,False,4,ALARM,train
2026-09-10 10:18:42.102500+00:00,16.713288681512896,-57.03680932240924,-227.69984353414924,-7.726773400263719,9.673762219419768,1.9172460927751533,29,19,468.56557466109103,True,335.268156705619,True,0.6237309082960983,True,11.671075,True,False,4,ALARM,train
2026-09-10 10:27:55.899919+00:00,19.505807153305305,-55.261671811922774,151.65710463652454,174.05938034837945,9.677087820974652,2.0577263882472057,30,20,429.15542254142935,True,336.5964914618222,True,0.650967919628285,True,11.52086,True,False,4,ALARM,train
2026-09-10 10:32:57.963926+00:00,25.06073779938044,-50.65082519818465,130.88077357944545,170.0594181129187,9.713729272729195,1.942982501207872,30,20,393.13594910499194,True,338.4950375619682,True,0.6430838822631281,True,9.489809,True,False,4,ALARM,train
2026-09-10 10:38:00.998433+00:00,29.790980064447663,-46.477290137897064,44.43819737105929,87.58414268864841,9.748289204894043,1.2927835601264948,30,20,177.38048006561436,True,340.8673547380763,True,0.5960679376168939,True,4.50953,True,False,4,ALARM,train
2026-09-10 10:43:03.467285+00:00,27.99048853529369,-46.874349312481236,17.737284132065074,21.425191603515664,9.764633231817548,1.2919021720789166,30,20,72.28250646209678,True,343.0092845340367,True,0.5589559807930063,True,2.2956834,True,False,4,ALARM,train
2026-09-10 10:48:05.754462+00:00,30.749036152843104,-44.55929353608543,0.27828754165083586,-0.5459187404398816,9.782077776230983,0.011909522857523714,28,20,28.657780053009066,True,345.4177724030664,True,0.41301314187842525,True,0.028097574,False,False,3,ALARM,train
2026-09-10 10:52:57.797440+00:00,30.261511298620515,-45.533708329962316,-17.851245436046188,-38.56851186710369,9.768840977585878,0.9292128688064729,30,20,84.37925108226547,True,347.7462441653512,True,0.5668481606341282,True,1.7428799,True,False,4,ALARM,train
2026-09-10 10:58:00.419520+00:00,30.753606717884736,-44.57852236058581,-0.00545355044542736,-0.12563615760253635,9.784242821664268,0.012775845264491296,30,20,28.63472734253439,True,350.0883776784361,True,0.4036342584221283,True,0.032423016,False,False,3,ALARM,train
2026-09-10 11:03:02.501067+00:00,30.69019705396647,-44.64995638270855,-3.119775700205487,-3.8631561484681107,9.780401819683691,0.024964419124470366,30,20,30.454872968330445,True,352.39072019868274,True,0.4552595541153127,True,0.041624665,False,False,3,ALARM,train
2026-09-10 11:12:57.227830+00:00,30.615034554719102,-44.75744029982976,-0.6435673870370233,0.1778596421644778,9.783879791172918,0.015567059238447496,30,20,28.7388161453578,True,354.6266590651741,True,0.40066518048478644,True,0.043972798,False,False,3,ALARM,train
2026-09-10 11:17:59.318773+00:00,30.598863507318015,-44.766419598250415,0.601945872579426,0.2249183235674675,9.786015438735124,0.012631530214330944,30,20,29.04579958627926,True,356.8290628340344,True,0.4009976322507418,True,0.03420308,False,False,3,ALARM,train
2026-09-10 11:23:01.499462+00:00,30.583188781426582,-44.76712708398875,0.6490809625915112,-0.5479249214321033,9.781590867377275,0.014851112939963699,30,20,29.205705503590675,True,358.99219372238787,True,0.3969425333694732,False,0.053228978,False,False,2,WARNING,train
2026-09-10 11:28:03.990242+00:00,30.596488198684412,-44.760439969482434,-0.44419924659110566,0.7568514079260004,9.777586572959667,0.014158941494929531,29,20,28.359811891207947,True,361.1259553819274,True,0.40116121439436087,True,0.035609264,False,False,3,WARNING,train
2026-09-10 11:32:56.349360+00:00,30.593316584561432,-44.77127508085719,-0.6661419709281506,0.5357767745612466,9.781630084027887,0.01507389207279329,30,20,28.580207575019095,True,363.23504621277317,True,0.3973115477704705,False,0.03497892,False,False,2,WARNING,train
2026-09-10 11:37:59.160145+00:00,30.60745002007362,-44.798352689580824,0.7513529021223014,-0.04886284715726136,9.779710339542582,0.01430229196861661,30,20,29.052731979444598,True,365.3156934079464,True,0.3971829114381496,False,0.051823225,False,False,2,WARNING,train
2026-09-10 11:43:00.921745+00:00,30.587752428998495,-44.79148192871505,1.123550854024104,-0.49957039797141367,9.775636555264642,0.015691469727919766,30,20,29.262895328358958,True,367.3588548977864,True,0.40155179578567357,True,0.04839337,False,False,3,WARNING,train
2026-09-10 11:48:05.182911+00:00,30.61215154929103,-44.80163021032048,0.796707204267365,-1.110716199526288,9.782136091015952,0.014142135623730977,23,20,29.425793799031876,True,369.3757739049584,True,0.40464740131407495,True,0.040751733,False,False,3,ALARM,train
2026-09-10 11:53:35.904787+00:00,30.604477716759046,-44.81997415350861,-0.08296138392930297,-0.34676974757693574,9.785999966952367,0.012854442282360391,26,20,28.97893236493485,True,371.3634710322276,True,0.39924451762868934,True,0.03246688,False,False,3,ALARM,train
2026-09-10 11:57:57.643145+00:00,30.577799053796543,-44.79019451463198,-1.686312271413906,0.7949832778986473,9.784191113504217,0.013780017739062954,30,20,28.418563491380944,True,373.32593267316054,True,0.4132385979728907,True,0.030808263,False,False,3,ALARM,train
2026-09-10 12:03:00.032667+00:00,30.599573650652406,-44.78478238379398,-0.25075077870355134,0.7553965442088558,9.778069278616668,0.015055453054181635,30,20,28.54701485201452,True,375.2579206221803,True,0.3968756272605444,False,0.027032902,False,False,2,WARNING,train
2026-09-10 12:08:02.109989+00:00,30.5613278442247,-44.70283678083583,1.4238827650743038,-1.1228603708454366,9.779032753530746,0.012806248474865651,30,20,29.48196433771564,True,377.15897961361844,True,0.41222980246519997,True,0.03632779,False,False,3,WARNING,train
2026-09-10 12:13:04.540069+00:00,30.63782473090086,-44.734511910870836,-0.27149491299533624,0.406753143046199,9.782561707248991,0.015148884576888746,29,20,28.749683529986488,True,379.04217572018405,True,0.3966042862661431,False,0.0360383,False,False,2,WARNING,train
2026-09-10 12:17:56.550857+00:00,30.59587425549307,-44.73206852193213,-0.366118315066592,-0.5450826464538044,9.782292813059904,0.014922019523732922,30,20,28.882924069279017,True,380.9002619232683,True,0.39622960092797316,False,0.030754566,False,False,2,WARNING,train
2026-09-11 04:52:25.754390+00:00,21.985589723349,-57.27919082954876,-0.9783020329613691,-2.558513916394619,9.791734407830502,0.01890834498849824,28,21,38.64767513661364,True,384.59369439465206,True,0.48253417106588165,True,0.07235903,True,False,4,WARNING,train
2026-09-11 04:57:28.859192+00:00,21.82178187574601,-57.36105810063852,-0.6953637153300306,0.7568880273869572,9.793205618155376,0.018734993995194793,20,21,38.08029245407506,True,388.2529706190312,True,0.46994667431450077,True,0.062802464,True,False,4,ALARM,train
2026-09-11 05:02:29.212680+00:00,21.62813847297829,-57.34567292772199,0.17215300203429584,0.1622201164751603,9.792173095629888,0.015887840299667805,28,21,38.20203275078402,True,391.8741175066054,True,0.4603358672600946,True,0.058105428,True,False,4,ALARM,train
2026-09-11 05:07:31.263922+00:00,21.63077165758155,-57.368549114682324,0.4794664306927364,-0.16512339149536495,9.7953461088246,0.013984117975601722,30,21,38.387847774285895,True,395.4778009848377,True,0.46333986918988646,True,0.05516158,False,False,3,ALARM,train
2026-09-11 07:07:45.399408+00:00,27.42452294664776,41.94266693802654,15.976855970928966,3.73482317314764,9.769455063391671,0.07117752454251271,25,22,41.53957820405104,True,399.09880901275613,True,0.5446710868710936,True,0.0353402,False,False,3,ALARM,train
2026-09-11 10:41:15.807808+00:00,6.716188040436706,14.696845607774376,0.09487468945895614,-0.7213237861183082,9.811631658768523,0.01489332818713798,28,27,2.124383778862397,False,398.93694585766576,True,0.3321701963622049,False,0.034652516,False,False,1,WATCH,train
2026-09-11 10:51:19.177994+00:00,6.715905858863908,14.62900380191899,0.5264232269400394,0.0785732911859888,9.811485145857514,0.01315778208850959,29,27,2.144447789294,False,398.7072480006479,True,0.33070972821397865,False,0.029020952,False,False,1,WATCH,train
2026-09-11 10:56:30.323398+00:00,6.803820001886359,14.231060348637603,-4.051974063501309,20.246223561788707,9.815457971860283,0.3577059846138606,28,27,42.38232881315422,True,398.4537339140104,True,0.5042544783947974,True,0.3069392,True,False,4,WATCH,train
2026-09-11 11:04:56.522410+00:00,6.762366301205233,14.667221981595436,-0.2755728792003812,0.7503165540470322,9.813690130817747,0.0144808106662238,28,28,2.410661423340218,False,398.14303215599006,True,0.3334249525431779,False,0.03932432,False,False,1,WATCH,train
2026-09-11 11:09:58.462808+00:00,6.777577527554709,14.619617267443491,-0.21596002571740383,-0.5323312189314683,9.812511034654737,0.017109938632268673,20,28,2.2441849110219767,False,397.80156471862654,True,0.33296187224601104,False,0.02700938,False,False,1,WATCH,train
2026-09-11 11:15:01.884190+00:00,6.756798502625145,14.64531706066313,0.08697460384299406,0.13411897579743698,9.816517780610145,0.014715826703096083,30,28,1.5544274437793173,False,397.4194573939295,True,0.33017677102914056,False,0.06732907,True,False,2,WATCH,train
2026-09-11 11:20:02.944747+00:00,6.773026461033367,14.620773257599259,-0.04987709328878955,0.3731818353391151,9.813648234567086,0.01723448137875834,29,28,2.191289916882465,False,397.00759771465835,True,0.33440655637530237,False,0.06388882,True,False,2,WARNING,train
2026-09-11 11:25:06.358089+00:00,6.763392606357769,14.591612785597013,0.5103354733751122,0.3812423063547259,9.814273051818718,0.017536405281701306,28,28,2.315310996110714,False,396.5636028842724,True,0.3341178305049708,False,0.0411159,False,False,1,WATCH,train
2026-09-11 11:29:56.970284+00:00,6.745553762553481,14.564150734193033,0.15076993477395687,-0.5215820668017784,9.80933823288448,0.012489995996796798,30,28,2.361259297607777,False,396.093118967247,True,0.33197652332813066,False,0.016446395,False,False,1,WATCH,train
2026-09-11 11:34:59.153904+00:00,6.7877749494857245,14.587675978009333,0.44294397393204543,-0.8741205107663482,9.81018901818349,0.015620499351813309,30,28,2.2016906091754653,False,395.59696762797745,True,0.3334095906079062,False,0.035974387,False,False,1,WATCH,train
2026-09-11 11:40:01.767980+00:00,6.773337880532781,14.561540305358113,0.3608053613989997,-0.5928246350115922,9.803320155446587,0.015914456219605973,29,28,2.273322156605447,False,395.0635522309404,True,0.3344764973847582,False,0.040466662,False,False,1,WATCH,train
2026-09-11 11:45:13.359428+00:00,6.763700795678388,14.531252540136165,1.0790102486987418,-0.23655889186451817,9.80003157485125,0.01730769230769244,26,28,3.051336665818998,False,394.499884667656,True,0.3404329650880618,False,0.046079304,False,False,1,WATCH,train
2026-09-11 11:50:01.102943+00:00,6.75048646950175,14.523160003198571,-0.4056022140806085,0.48557825457093184,9.801602899146546,0.010594683790163723,29,28,3.8641506526316016,False,393.90608141944597,True,0.35428351494675153,False,0.014958547,False,False,1,WATCH,train
2026-09-11 12:00:54.962846+00:00,6.699909615565443,14.50386209449298,0.533398978506195,-0.025416793195275237,9.811277153570398,0.0119572240345145,22,28,2.4205153889913484,False,393.25094914194193,True,0.3364298084607628,False,0.022612907,False,False,1,WATCH,train
2026-09-11 12:05:01.527671+00:00,6.720173801142605,14.4463701608138,-0.01926982262160952,0.012066552847050986,9.806346083886519,0.01376841170933437,21,28,2.013201118809287,False,392.5709274959667,True,0.3319155123675299,False,0.03170888,False,False,1,WATCH,train
2026-09-11 12:10:12.823779+00:00,6.703833507506916,14.434259508480228,-1.2562499661173425,-2.556192642317175,9.813262424358662,0.023299294900428702,21,28,5.858547166929724,False,391.8625883523337,True,0.36534127734352656,False,0.08305946,True,False,2,WATCH,train
2026-09-11 12:15:00.573056+00:00,6.655286175083185,14.351881625949348,0.5709843897767307,-1.0417688942984038,9.806539002036553,0.02008898160500622,29,28,3.1615255035811876,False,391.1229952354506,True,0.3490506184780852,False,0.03310475,False,False,1,WATCH,train
2026-09-11 12:24:56.747549+00:00,6.640169215934281,14.362121858358508,0.43865979643519176,0.5222924044905347,9.80483514047464,0.015006934584130306,29,28,2.179967588288319,False,390.3364977942408,True,0.335484468004252,False,0.022120558,False,False,1,WATCH,train
2026-09-11 12:29:56.684020+00:00,6.657571053878795,14.369403539859688,-0.2307091847796857,0.4934680074823817,9.796543841749735,0.014074711470316241,29,28,2.748548047795788,False,389.52759657603224,True,0.33768541763189364,False,0.039624304,False,False,1,WATCH,train
2026-09-11 12:35:08.023387+00:00,6.647060870453257,14.33655869469936,0.10009205466774454,-0.7178251545580352,9.804105907072373,0.01559614682921289,28,28,1.9830205756033175,False,388.6892071118326,True,0.3369165543761088,False,0.022118863,False,False,1,WATCH,train
2026-09-11 12:40:02.902619+00:00,6.654703606574142,14.33364163487312,0.8293091807578457,-0.11824152916842895,9.801705665453484,0.013148721948877347,30,28,2.5340403918465166,False,387.8287238640324,True,0.34144707085718473,False,0.04119079,False,False,1,WATCH,train
2026-09-11 12:45:05.185824+00:00,6.631165708428215,14.33300838743043,0.04093819443702936,0.13173342883765266,9.79941495745879,0.01630387458644794,28,28,2.1455988466304317,False,386.943392030787,True,0.33717318792217693,False,0.07120742,True,False,2,WATCH,train
2026-09-11 12:49:57.748805+00:00,6.638113143209706,14.302852855027409,0.14562414049106617,-0.5317197757185962,9.793180525467191,0.016829564609534775,29,28,2.435805244999884,False,386.04145857454733,True,0.33912729576486034,False,0.077159114,True,False,2,WARNING,train
2026-09-11 12:55:01.088185+00:00,6.64135431940157,14.279174171318738,0.4883523023781431,0.07627670646415535,9.803410292745218,0.014209239846921738,29,28,1.959840753207,False,385.11463495329315,True,0.3363657302708516,False,0.033531055,False,False,1,WATCH,train
2026-09-11 12:59:59.452084+00:00,6.646796826441464,14.304701819291346,0.019079322321018603,-1.0992735192741123,9.79586593041528,0.01295378143689136,21,28,2.931508990155124,False,384.172112450341,True,0.3426536918750356,False,0.047858234,False,False,1,WATCH,train
2026-09-11 13:05:04.302477+00:00,6.619625088371174,14.285851971370072,0.5492141215051322,0.5617741652530646,9.798354557152871,0.011591542285497549,29,28,3.162867298093654,False,383.203010469098,True,0.3480220360492269,False,0.024929995,False,False,1,WATCH,train
2026-09-11 13:10:04.348242+00:00,6.643860194538337,14.27227903960172,0.5436956142446433,-0.0050006374756361134,9.801096927208748,0.015617161957265549,27,28,2.0011307538987673,False,382.21762561272266,True,0.3345843237423741,False,0.038962282,False,False,1,WATCH,train
2026-09-11 13:14:58.843433+00:00,6.655742683823436,14.249546565088002,-0.047939589161469044,0.23940098461228326,9.80032706746297,0.017904065335994375,30,28,2.3532372420075456,False,381.2189009085093,True,0.3374455339563357,False,0.028208043,False,False,1,WATCH,train
2026-09-11 13:19:58.682928+00:00,6.664719113356964,14.265430672155693,-0.08082969658832334,-0.24491017363650808,9.798823312106267,0.016196707484341787,30,28,2.015067474434175,False,380.20349861485806,True,0.3341548210708783,False,0.042281058,False,False,1,WATCH,train
2026-09-11 13:25:00.262759+00:00,6.659145569507801,14.239375099012918,-0.05362955873395543,-0.14809703441253785,9.797560292865152,0.014919522519161335,29,28,2.0155035985716823,False,379.16724855989503,True,0.33541999338872014,False,0.031834718,False,False,1,WATCH,train
2026-09-11 13:30:04.082940+00:00,6.662291102860038,14.218678767960949,0.7054848747917136,-0.6030700322436744,9.800705677652463,0.016630559381775854,29,28,2.2771097114188663,False,378.11527161581404,True,0.3398902500528535,False,0.0372528,False,False,1,WATCH,train
2026-09-11 13:35:06.869280+00:00,6.6583190571876125,14.220461480715631,0.39864110487308857,-0.44896455274088004,9.803054163289021,0.015006934584130606,29,28,1.7754189339874338,False,377.04752575805344,True,0.3365085261261989,False,0.037879113,False,False,1,WATCH,train
2026-09-11 13:39:59.329676+00:00,6.66140346131388,14.180517472082578,0.20550835282702468,-0.01893688021480608,9.797796161018123,0.018620689655172412,29,28,2.4140952563602234,False,375.9683798073876,True,0.34050199399214454,False,0.030589275,False,False,1,WATCH,train
2026-09-11 13:47:41.052344+00:00,6.65887173741976,14.185060263522319,0.7885480669767638,-0.2766274252823644,9.802148067016686,0.0151625848077476,27,29,2.142815168605443,False,374.8669220454254,True,0.34034130173772087,False,0.04415007,False,False,1,WATCH,train
2026-09-11 13:52:42.149130+00:00,6.643120523119477,14.16327838585199,0.15452176182762803,-0.659771395680222,9.801358678446677,0.015153535218873545,27,29,1.8333141262266106,False,373.7509579723876,True,0.33933547149546456,False,0.053884003,False,False,1,WATCH,train
2026-09-11 13:57:44.502331+00:00,6.64712192778163,14.15078738046404,0.6758003973522365,0.5829189472936053,9.802292017689673,0.012862348152650818,25,29,2.654404126355186,False,372.62340205591624,True,0.3434848041931125,False,0.046411164,False,False,1,WATCH,train
2026-09-11 14:02:46.688507+00:00,6.6748841592442805,14.150850811978737,0.15846878227120725,0.004944781410795396,9.799667278934265,0.014293003212355389,26,29,1.878261198944583,False,371.4876111113851,True,0.33956661152700046,False,0.042947326,False,False,1,WATCH,train
2026-09-11 14:07:42.017791+00:00,6.6509040639003025,14.141733900290065,-0.3832935724403053,-1.1572049078072082,9.799364373378646,0.01264911064067352,30,29,2.9679780519737626,False,370.33872258289983,True,0.3443502251038286,False,0.037072185,False,False,1,WATCH,train
2026-09-11 14:12:45.018800+00:00,6.6626716918561595,14.097023179419391,-0.2580263321380173,-1.0962534278251819,9.799959430177578,0.0169492492792338,29,29,2.4747814946480946,False,369.18140939495805,True,0.3436893113301812,False,0.031207837,False,False,1,WATCH,train
2026-09-11 14:17:44.847246+00:00,6.670438809283387,14.144572049229607,0.6280132972989918,0.031139697183305608,9.793622671485172,0.01598181408177142,27,29,2.315390886530207,False,368.0160192264299,True,0.3414072403799664,False,0.049651023,False,False,1,WATCH,train
2026-09-11 14:22:47.446869+00:00,6.632546497748133,14.085032433696249,-0.2266586737269742,-0.5803508856214548,9.799350403247832,0.015270761576361706,27,29,2.010951500593503,False,366.83836600245695,True,0.3384323766453942,False,0.016628934,False,False,1,WATCH,train
2026-09-11 14:32:49.462552+00:00,6.65213967187447,14.04194799639044,-0.33324671458471955,-0.7146999238588311,9.794747623135718,0.01780861522988342,27,29,2.5541862767859085,False,365.64895463034304,True,0.34355613185526224,False,0.039513215,False,False,1,WATCH,train
2026-09-11 14:37:42.228152+00:00,6.6853694126319185,14.02349380212062,-0.947315285012417,1.0828139733437838,9.804947604745717,0.016400168207716018,29,29,3.573294946328166,False,364.45741254420244,True,0.34983105946036597,False,0.03985502,False,False,1,WATCH,train
2026-09-11 14:42:48.299651+00:00,6.6712734151096145,14.033288956942298,-0.20458279972819907,0.09675456346176659,9.805270651018864,0.017143187827498383,30,29,2.1845584607674153,False,363.2593853753037,True,0.34343405545898714,False,0.04248272,False,False,1,WATCH,train
2026-09-11 14:47:47.729518+00:00,6.676816541837132,14.005843492831614,0.019864081319817976,-0.1511926308852127,9.80498398392243,0.012688577540449521,30,29,2.1725610667496444,False,362.057815745252,True,0.3464759418657857,False,0.021336872,False,False,1,WATCH,train
2026-09-11 14:52:49.289852+00:00,6.691829787745527,13.958517328354556,-0.0034143992902132964,0.6280381115261574,9.801645491191353,0.01523478800089121,27,29,2.3695768797480388,False,360.85454051623617,True,0.3454899678895727,False,0.043851204,False,False,1,WATCH,train
2026-09-11 14:57:44.530383+00:00,6.692097565946915,13.953110834022295,0.08675754175955018,-0.18865111715871857,9.803672745880643,0.017204650534085257,30,29,2.1488037767270622,False,359.6487602816991,True,0.3471773636146642,False,0.03682943,False,False,1,WATCH,train
2026-09-11 15:02:44.142811+00:00,6.6704990106140505,13.934135051918886,0.11701843772921641,0.5866053482470701,9.806647952131717,0.017344519089599025,29,29,2.6376808097505786,False,358.4389011491219,True,0.35204806654854337,False,0.05248141,False,False,1,WATCH,train
2026-09-11 15:07:43.267660+00:00,6.697663326092065,13.896228684440574,-0.8703311485483649,0.3498766654464421,9.803914798906314,0.01674979270186815,24,29,3.0498171964247547,False,357.23108384721087,True,0.35327402029979177,False,0.05519212,False,False,1,WATCH,train
2026-09-11 15:13:07.148970+00:00,6.691958245709187,13.88812432106458,-0.11991935318507947,0.1229724548880574,9.808909521769829,0.01673647930028889,27,29,2.320622151327694,False,356.0226126970694,True,0.35295551130693276,False,0.037870213,False,False,1,WATCH,train
2026-09-11 15:17:42.093064+00:00,6.680492285344125,13.857344026407073,-0.3634646155311335,-0.8457420352142451,9.802951687175593,0.011764635937401366,29,29,3.0182024160206273,False,354.8135184310786,True,0.36025827677346245,False,0.022352856,False,False,1,WATCH,train
2026-09-11 15:22:48.682040+00:00,6.719711687554092,13.82552403564689,0.1345255755456587,-0.36173775271158326,9.805043282690113,0.014019827229875395,30,29,2.120665677467372,False,353.6102068975181,True,0.35293863685837146,False,0.022444895,False,False,1,WATCH,train
2026-09-11 15:27:49.237475+00:00,6.69403392058506,13.796797152459435,1.1740422085494437,-0.21682666606521853,9.806991081994893,0.01379847111866456,27,29,3.192716741394665,False,352.40641701389376,True,0.36351888243409086,False,0.023388889,False,False,1,WATCH,train
2026-09-11 15:32:42.728318+00:00,6.697014112696166,13.748803488473891,-0.4845080182905066,-0.9541554521643935,9.808312633511767,0.015129074290546959,30,29,2.672580667257801,False,351.20607776675627,True,0.35947753040430913,False,0.030161401,False,False,1,WATCH,train
2026-09-11 15:37:41.624125+00:00,6.701179769106747,13.743887278169174,0.6549728151356676,-0.7592853339501034,9.808503265838226,0.014299100870834002,28,29,2.7333588062484275,False,350.0101240135817,True,0.36237207760141055,False,0.0263995,False,False,1,WATCH,train
2026-09-11 15:42:42.583367+00:00,6.692036872789189,13.698725025103863,-0.3922665086345009,-0.8909888478045439,9.809423909173956,0.011023701629755711,29,29,3.4386118500996345,False,348.8179098743578,True,0.37747771091578275,False,0.01728228,False,False,1,WATCH,train
2026-09-11 15:47:43.122848+00:00,6.691455395243538,13.636174120260241,-0.667916938168556,-0.7275297038453888,9.810458882217054,0.01641678793548319,31,29,2.9826091094488163,False,347.63116956087765,True,0.36194513046071874,False,0.042948868,False,False,1,WATCH,train
2026-09-11 15:52:44.692782+00:00,6.685245197750968,13.540960272026606,-0.025858274017317308,-0.06497576351472556,9.809837947262679,0.013518505834595795,20,29,2.5195944157957713,False,346.4500888854943,True,0.3609237545736397,False,0.030123983,False,False,1,WATCH,train
2026-09-11 15:57:46.993491+00:00,6.680268843373347,13.49410616356064,0.8026476227830824,-0.10178437359053058,9.805295235178283,0.014142135623730949,28,29,2.9600877258025817,False,345.2755981994915,True,0.3639252213368862,False,0.02650804,False,False,1,WATCH,train
2026-09-11 16:02:52.668740+00:00,6.688305872068923,13.41213283997951,-0.08729039690303528,-0.7927199596049844,9.80751644030013,0.01697837760572119,28,29,2.915935971712307,False,344.1099076317202,True,0.364135759313572,False,0.057482295,True,False,2,WATCH,train
2026-09-11 16:07:41.458242+00:00,6.6803576622828595,13.323806236332128,0.3684467075952217,-1.9109965413264531,9.806288800585127,0.021228612374650187,29,29,4.7062712786080345,False,342.95206465361264,True,0.3787566195307244,False,0.044038188,False,False,1,WATCH,train
2026-09-11 16:12:43.928938+00:00,6.67346787864748,13.228414999376954,-1.0236718113691092,-2.8055105480176987,9.80837739422112,0.01812924185262284,27,29,5.503839490905827,False,341.8029691946003,True,0.38699213095997914,False,0.055590563,True,False,2,WATCH,train
2026-09-11 16:17:41.188259+00:00,6.673116274478518,13.090352015186179,-0.07722099619684814,-0.5179856111302628,9.804310115700586,0.01577973383805977,30,29,2.7601558563248307,False,340.6641135855401,True,0.36452013761222496,False,0.04926932,False,False,1,WATCH,train
2026-09-11 16:22:48.597919+00:00,6.655691340162416,12.945892819996493,-0.1690244524720868,-0.6697795719744343,9.806725682719172,0.014894705007245412,31,29,2.848077301014654,False,339.5344132100626,True,0.3720968807766012,False,0.03332711,False,False,1,WATCH,train
2026-09-11 16:27:50.578854+00:00,6.682619793635061,12.79635534180399,0.36238791710934465,-1.3289564409704304,9.79838608478996,0.018886984741557453,29,29,3.797823068487394,False,338.4194695429275,True,0.374089208045769,False,0.046443906,False,False,1,WATCH,train
2026-09-11 16:32:48.587394+00:00,6.660030687280964,12.59166737768791,-1.0391040141527044,-2.453178864047074,9.805267025088499,0.017746572300091273,26,29,5.161929174331078,False,337.31465285604764,True,0.38917364901931245,False,0.060267773,True,False,2,WATCH,train
2026-09-11 16:38:44.922072+00:00,6.650774080439781,12.235660928193525,0.5980101812995973,-3.846243477969387,9.800360793023286,0.021817250939642395,23,29,7.231954224935647,False,336.2249334791381,True,0.4025484171868477,True,0.0433954,False,False,2,WARNING,train
2026-09-11 16:42:48.849587+00:00,6.622216700828617,11.79197408554964,-0.21175734700566384,-6.443721882323226,9.799030022840839,0.03250588643709358,28,29,11.897847979670631,True,335.14344162615174,True,0.4187719230103038,True,0.033824623,False,False,3,WARNING,train
2026-09-11 16:47:43.067558+00:00,6.56884427735936,11.307888292979548,-0.09643052832615463,-5.9694469687011225,9.792249273588343,0.029066972475455526,30,29,10.827001933217431,False,334.0709790663835,True,0.40800013932119483,True,0.03993388,False,False,2,WARNING,train
2026-09-11 16:52:46.654713+00:00,6.534245762641148,10.823512756784,-0.8786430858795676,-5.718313345921635,9.786396901364329,0.02547329756605706,30,29,10.135303482043225,False,333.0103290990684,True,0.40024369949629585,True,0.041310903,False,False,2,WARNING,train
2026-09-11 16:57:43.822419+00:00,6.517897199704122,10.326244626223518,-0.858059464265463,-9.079821854420125,9.784847837685799,0.040313869643242725,29,29,16.284095322213133,True,331.9642105316743,True,0.43027541372958655,True,0.029740933,False,False,3,WARNING,train
2026-09-11 17:02:46.029080+00:00,6.510139866173865,9.514240633478776,-0.5597412693298467,-13.902925552910881,9.774446075410431,0.05458332019010209,22,29,24.07055532194709,True,330.93428226133346,True,0.4498492232066488,True,0.028077887,False,False,3,ALARM,train
2026-09-11 17:07:44.302201+00:00,6.4287754018887995,8.287067328324026,-1.374107592274042,-13.32128074641098,9.760714624128413,0.05623462752907086,30,29,23.39076531628072,True,329.91324102317526,True,0.44989229295748956,True,0.019976018,False,False,3,ALARM,train
2026-09-11 17:12:48.023106+00:00,6.373185157245549,7.317216186412314,-0.9479258041563016,-10.291954540615013,9.750185845576867,0.04246808191182539,31,29,18.10680784034689,True,328.90460094044784,True,0.42147327026145753,True,0.026834415,False,False,3,ALARM,train
2026-09-11 17:17:42.832547+00:00,6.331653351495802,6.575535711313222,-1.2260237975156227,-7.782817427248774,9.746908668048862,0.04019950248448352,20,29,14.528855128907585,True,327.91059112538386,True,0.406944173380778,True,0.022443892,False,False,3,ALARM,train
2026-09-11 17:22:44.617710+00:00,6.2192296110306255,5.889282006931225,-1.209715350935755,-7.174408474049325,9.734919953994295,0.03458323293158117,30,29,13.12026852379647,True,326.9241777365592,True,0.39585868264907914,False,0.03380194,False,False,2,WARNING,train
2026-09-11 17:27:47.718735+00:00,6.122355102652625,5.356506666737314,-0.7767490001406838,-5.811239890481936,9.729117466474554,0.028275862068965544,29,29,10.439076255357822,False,325.9477337210355,True,0.37865594823888754,False,0.04548877,False,False,1,WATCH,train
2026-09-11 17:32:43.967212+00:00,6.045740397002306,4.912086129634296,-1.3453574998158948,-5.790003165581087,9.72510784143894,0.027707933734523245,28,29,10.564174802200856,False,324.98413539161163,True,0.38085127693372156,False,0.01850093,False,False,1,WATCH,train
2026-09-11 17:37:41.748391+00:00,5.95659284555838,4.505221246996727,-1.4635514294110372,-3.7145569286908913,9.721794592716153,0.019610088106776984,30,29,6.883311231556308,False,324.03267679737775,True,0.3659245754742188,False,0.033200387,False,False,1,WATCH,train
2026-09-11 17:42:41.928014+00:00,5.864281565949816,4.153653642222261,-1.8527367994577122,-4.278066218761199,9.72274817502445,0.02515114831560067,29,29,8.661312132224477,False,323.09366218690417,True,0.38198423083673216,False,0.041318752,False,False,1,WATCH,train
2026-09-11 17:47:43.590450+00:00,5.749466846944983,3.8415483682276625,-2.202801110156525,-4.864619886708774,9.715698513955711,0.024128144407262738,27,29,9.561497831095826,False,322.16527838146027,True,0.3853801847058741,False,0.022781081,False,False,1,WATCH,train
2026-09-11 17:52:43.110369+00:00,5.624969308995746,3.605713261720828,-1.4429416775850719,-2.2239355687553437,9.714865245094568,0.016385661200713074,29,29,4.687533841445762,False,321.2470977692719,True,0.3485618634536296,False,0.048096422,False,False,1,WATCH,train
2026-09-11 17:57:47.314448+00:00,5.488191219481398,3.4157601959453223,-2.6099893593363057,-2.4430547708215498,9.709964067701307,0.017850110106137903,31,29,6.699152290665576,False,320.3383984507994,True,0.3665185506448393,False,0.043846272,False,False,1,WATCH,train
2026-09-11 18:02:50.629717+00:00,5.31473515312379,3.1919583660758595,-1.7386862865135464,-2.9861461683325183,9.704626444656858,0.01825741858350552,21,29,6.090368309018349,False,319.43578925558086,True,0.3613985658604382,False,0.02636445,False,False,1,WATCH,train
2026-09-11 18:07:45.041036+00:00,5.2139211817885736,2.9698156601055046,-1.5257609778494794,-1.5080531654385583,9.706457634312136,0.018249266130058898,28,29,4.27794094756517,False,318.5477756053904,True,0.34788854981517336,False,0.03476148,False,False,1,WATCH,train
2026-09-11 18:12:44.149500+00:00,5.063048182329149,2.8295546187375282,-1.5658571627715854,-2.2867507198387624,9.703595489882932,0.018556722823549962,29,29,5.135957467748898,False,317.66948463642643,True,0.35434398999851074,False,0.030113323,False,False,1,WATCH,train
2026-09-11 18:17:57.189010+00:00,4.917002451455942,2.6514903330653277,-1.5031243468519622,-2.6412082324552117,9.698087634131094,0.021461284553676616,28,29,5.86207545988597,False,316.8020099242696,True,0.3563931373701896,False,0.03173186,False,False,1,WATCH,train
2026-09-11 18:22:46.773171+00:00,4.768759406648586,2.4655631973188568,-2.8427513476117596,-3.1323429904239855,9.693384899100396,0.020354009783964316,28,29,7.935024695080402,False,315.9456671209489,True,0.37017223935274673,False,0.025523165,False,False,1,WATCH,train
2026-09-11 18:27:41.609398+00:00,4.5289915116217525,2.209094903987537,-4.74502473847845,-3.985842632769344,9.692342534428922,0.021730541668515235,31,29,11.84915893268412,True,315.09102824305523,True,0.39261734683332306,False,0.031099346,False,False,2,WATCH,train
2026-09-11 18:32:52.507029+00:00,2.3466808984665386,0.805995437653346,-70.13282479801596,-41.11606340508917,9.675685424671194,0.20857221019087205,26,29,159.72744303930608,True,314.0270164836943,True,0.5862403531037357,True,0.1481284,True,False,4,WARNING,train
2026-09-11 18:37:41.788047+00:00,0.41120288191816373,-0.11632242929060614,-0.9294420187985786,1.5706389942499563,9.658059731890033,0.018861785284382586,29,29,4.267563253008958,False,312.7810351692566,True,0.3591971860967445,False,0.033244364,False,False,1,WATCH,train
2026-09-11 18:42:47.637062+00:00,0.3632671710069711,-0.032700167324708984,0.022996432027722186,0.6623088211945277,9.656414850391373,0.017261494247992223,21,29,2.680617210840477,False,311.5592001232663,True,0.34081415190791187,False,0.040846612,False,False,1,WATCH,train
2026-09-11 18:47:49.107153+00:00,0.35233968712184416,-0.0019301968868184374,0.38790716119490976,0.6472770556582885,9.660038225849396,0.01778088861671434,25,29,2.972972011813244,False,310.3660303103947,True,0.3389713825585114,False,0.029702991,False,False,1,WATCH,train
2026-09-11 18:52:43.813020+00:00,0.33726686119758587,-0.018192730832816424,-0.3536390241191293,1.2596817359124228,9.662092044757554,0.014940623220676637,30,29,3.00186299428308,False,309.201547533898,True,0.3429944922926093,False,0.020720532,False,False,1,WATCH,train
2026-09-11 18:57:42.517579+00:00,0.3198552878754387,0.026756387628794395,-0.03668545185334196,-1.2540167525568755,9.660810406697344,0.01569146972791977,30,29,2.8559518993170743,False,308.06595595855157,True,0.3368803489301523,False,0.025144888,False,False,1,WATCH,train
2026-09-11 19:02:46.448193+00:00,0.30949753790805284,0.041934805170495096,-0.027700293780446653,-0.0791781326188249,9.66003558976209,0.017220677226460392,29,29,2.2819280127616737,False,306.96046824983614,True,0.3332990837981928,False,0.037853114,False,False,1,WATCH,train
2026-09-11 19:07:41.968048+00:00,0.3116682993771019,0.06698401875701927,-0.06833608086855629,0.2057956878717708,9.656066928110324,0.018393839548428523,30,29,2.482224245570329,False,305.8868785786261,True,0.33561161052675337,False,0.034706958,False,False,1,WATCH,train
2026-09-11 19:12:48.867648+00:00,0.2822360960490165,0.08955766029298945,-0.5520451008702635,0.2455978068993444,9.659226088934064,0.014236104336041772,30,29,2.056016095996538,False,304.84215870463765,True,0.3307597385860978,False,0.016213385,False,False,1,WATCH,train
2026-09-11 19:17:46.959703+00:00,0.2665875911639209,0.09345534842955283,-0.15113896663010545,0.38763950438225714,9.660582297665254,0.013186693629901632,30,29,1.984575164297563,False,303.8282091935262,True,0.3291241177987061,False,0.019216381,False,False,1,WATCH,train
2026-09-11 19:22:47.210026+00:00,0.2971416767558809,0.0673134882553012,-0.6295559024238416,-0.5408033250792561,9.66077467672982,0.016041612554021298,30,29,2.30920724963183,False,302.8504466181701,True,0.32827660474612896,False,0.018535387,False,False,1,WATCH,train
2026-09-11 19:27:48.768956+00:00,0.27183954609944505,0.11343534581345796,-0.22275366203521238,-0.20734068181443469,9.656647732067436,0.012990381056766611,20,29,1.767743337075165,False,301.9031544148529,True,0.32796435660043105,False,0.033972308,False,False,1,WATCH,train
2026-09-11 19:32:50.439425+00:00,0.27946805535448976,0.10459788786579442,0.6073916123849536,-0.3820264557950101,9.659736554516973,0.013753478224264057,28,29,2.238514136150123,False,300.99027195975003,True,0.33121478630789425,False,0.033267315,False,False,1,WATCH,train
2026-09-11 19:37:43.410689+00:00,0.2454572774507283,0.08755162502194595,-0.3028320769897665,-0.4736385565498679,9.659214347047458,0.013337499349161726,30,29,1.8411743597096362,False,300.10759957580166,True,0.32777691211930915,False,0.015343893,False,False,1,WATCH,train
2026-09-11 19:42:45.904918+00:00,0.28016253618918197,0.10197707133271149,-0.10621215736801708,0.14550582380370447,9.659420869923395,0.01238278374733784,30,29,1.8422425842064873,False,299.2629427004015,True,0.32753898935471926,False,0.018883802,False,False,1,WATCH,train
2026-09-11 19:47:49.319335+00:00,0.2765215071951078,0.12275677455072233,-0.3122369289344909,0.46448295836123554,9.659231650844504,0.014449880579142744,29,29,1.7062086367071285,False,298.4524279347234,True,0.3281759348698351,False,0.032341346,False,False,1,WATCH,train
2026-09-11 19:52:49.764410+00:00,0.26177202652395926,0.10689470372256027,-0.5165741881157629,-0.30591037133966825,9.659925494531432,0.01595922271090506,29,29,1.9274560015255713,False,297.67513252073496,True,0.32654633149061785,False,0.020968424,False,False,1,WATCH,train
2026-09-11 19:57:42.124507+00:00,0.25075486009080955,0.12850216217926066,0.3390586699455721,0.2571420069507694,9.659499689049166,0.013585122581543251,30,29,1.7517857595302768,False,296.9317337634386,True,0.32842733001319946,False,0.015909536,False,False,1,WATCH,train
2026-09-11 20:02:45.139808+00:00,0.23724790609467228,0.1526987013822109,-0.18137183762982498,0.5978307275384968,9.659397393718182,0.012671051872498819,30,29,1.8753577161155746,False,296.22221447598486,True,0.3293678039706279,False,0.023980219,False,False,1,WATCH,train
2026-09-11 20:12:48.880021+00:00,0.22650580293290823,0.11016480992306937,-0.6613628511870688,0.021303883302079437,9.658767797718363,0.013343617433075465,27,29,1.81900591802442,False,295.5829213337946,True,0.32871812539943074,False,0.018652009,False,False,1,WATCH,train
2026-09-11 20:17:41.553780+00:00,0.22319701658628102,0.150526928227499,-0.3206697287705806,-0.053564556515474634,9.660792846761327,0.01308519095092703,30,29,1.5646293236141835,False,294.97927927115364,True,0.3288581340903118,False,0.019562671,False,False,1,WATCH,train
2026-09-11 20:22:43.419571+00:00,0.23310250401686866,0.13335653563132807,0.8142563867635259,0.38270494972228525,9.65561308244,0.01380821011813868,30,29,2.288586105591258,False,294.41291383491347,True,0.33240369651488927,False,0.036149245,False,False,1,WATCH,train
2026-09-11 20:27:45.809432+00:00,0.22232048232420143,0.14067068063589916,-0.4659659264774709,-0.04282259369449967,9.656964327552647,0.01510958779324598,29,29,1.5274970286984646,False,293.8817403455987,True,0.3275223258047248,False,0.026240608,False,False,1,WATCH,train
2026-09-11 20:32:47.892081+00:00,0.24299068193301487,0.17026635391197467,0.11529692462276683,0.4342775288459678,9.660225800972201,0.012413793103448294,29,29,1.8042088610968587,False,293.3893365145575,True,0.33280452190561355,False,0.026336176,False,False,1,WATCH,train
2026-09-11 20:37:50.793938+00:00,0.22417432168044724,0.1347088805577941,0.5567503720174127,0.9766178158169609,9.65857285659712,0.01571348402636774,27,29,2.713254997944886,False,292.9315351499522,True,0.3350089364527154,False,0.022849053,False,False,1,WATCH,train
2026-09-11 20:42:41.822244+00:00,0.23038551081259906,0.13357638968600774,0.08709606645873078,-0.19436867678265446,9.661024631680695,0.013801721445647964,29,29,1.5480566427162121,False,292.51117928397963,True,0.33226619112635936,False,0.013646007,False,False,1,WATCH,train
2026-09-11 20:47:44.757493+00:00,0.20549535708961086,0.1611449964376049,0.5111566150936955,-0.28148965449916,9.659621259661714,0.010482790129010893,30,29,2.79099095231904,False,292.12498020108524,True,0.351445906856117,False,0.020879634,False,False,1,WATCH,train
2026-09-11 20:52:46.088117+00:00,0.20149075693097998,0.13386968478227135,-0.5486793438984672,-1.0647664541808628,9.658231444504025,0.013219304066402315,20,29,2.374750637697683,False,291.7752946892161,True,0.33646895711077435,False,0.032619633,False,False,1,WATCH,train
2026-09-11 20:57:47.657497+00:00,0.2095110722957902,0.16018362567122266,0.14414625477634924,0.2947213419493824,9.654315429350735,0.012575574157800343,29,29,1.47267952642508,False,291.46349674078346,True,0.33193134606447455,False,0.021338949,False,False,1,WATCH,train
2026-09-11 21:02:50.662645+00:00,0.22191702389131224,0.17057533095631386,-0.6913100555420215,-0.3938444283221291,9.657089402641022,0.014356965173029842,28,29,1.8859979170801706,False,291.1901105675422,True,0.3334949642733749,False,0.033300992,False,False,1,WATCH,train
2026-09-11 21:07:42.607759+00:00,0.2109826320607094,0.1439554275642916,-0.2096459158248702,-0.4970623847858475,9.663389860116096,0.014742229591663995,30,29,1.9477270415791677,False,290.9526224885673,True,0.33395892920357495,False,0.03950581,False,False,1,WATCH,train
2026-09-11 21:12:45.612578+00:00,0.22315756492203015,0.12741530929516032,-0.10918946259695791,0.5450446496560492,9.661686819682183,0.0151620872207255,30,29,2.034253101426093,False,290.75356103835543,True,0.33653070731777585,False,0.027081529,False,False,1,WATCH,train
2026-09-11 21:17:46.979543+00:00,0.21308199322762653,0.15469476033424334,-0.9073564579949723,-0.3595112932779633,9.65936002042513,0.014996295838935993,30,29,2.367570679407889,False,290.5904959443799,True,0.33678967530749526,False,0.02751723,False,False,1,WATCH,train
2026-09-11 21:22:49.066362+00:00,0.18519943052993781,0.1688478135478493,-0.05385809447158204,0.9760422868155791,9.658987313583882,0.013974283961795606,28,29,2.207771195117332,False,290.46146332144724,True,0.3391825552756237,False,0.03051924,False,False,1,WATCH,train
2026-09-11 21:27:41.315239+00:00,0.19011971345216866,0.17827971437980453,0.8816665790851043,-0.4755490102328611,9.658776234475932,0.019310331143947007,30,29,3.819220868240223,False,290.3699946856355,True,0.3462394490369767,False,0.022501193,False,False,1,WATCH,train
2026-09-11 21:32:44.534567+00:00,0.19144276867300677,0.1530120200234446,0.563252556885997,-0.011660739431634952,9.659932913855505,0.011287613031084484,23,29,2.4824688108623354,False,290.3156387870142,True,0.34592047500917716,False,0.018822024,False,False,1,WATCH,train
2026-09-11 21:38:27.159240+00:00,0.16411450138997818,0.1722593342067613,0.42237642539074266,-0.931583994232458,9.657681580907049,0.012409435234539733,26,29,2.483410694086539,False,290.3025651209491,True,0.3401994391562445,False,0.016050493,False,False,1,WATCH,train
2026-09-11 21:42:49.204447+00:00,0.17079642241327078,0.15649109864628868,0.10694263245290657,-0.8182599652414854,9.6531635771826,0.013780017739062891,30,29,1.8932408629796333,False,290.3196488656614,True,0.33481708891292566,False,0.020556642,False,False,1,WATCH,train
2026-09-11 21:47:50.263105+00:00,0.19405550294348514,0.17951088821137187,-0.3411551973537335,0.08707032747419957,9.658832068597286,0.012777531299998836,28,29,1.729265748533973,False,290.37595128598474,True,0.3373451982051225,False,0.023041166,False,False,1,WATCH,train
2026-09-11 21:52:42.210194+00:00,0.1840399185251007,0.17870370591963267,-0.6583891407987499,1.0750338536553705,9.660220777734025,0.012772592536173858,29,29,2.6983515823381192,False,290.46771817436235,True,0.35009154669454035,False,0.030900972,False,False,1,WATCH,train
2026-09-11 21:57:45.620270+00:00,0.18529376363338626,0.1867978587504146,-0.6882050337322894,0.025677175507188597,9.65608897318211,0.011175369742826813,30,29,2.420925736948991,False,290.5960302142123,True,0.34950671275643935,False,0.023598835,False,False,1,WATCH,train
2026-09-11 22:02:46.785594+00:00,0.1695397732573677,0.1724782484173054,-0.27702917624449297,-0.09430529335115977,9.66181412834071,0.011247935469172425,29,29,2.263697426243673,False,290.758870453728,True,0.35020990453571854,False,0.023394989,False,False,1,WATCH,train
2026-09-11 22:07:49.994763+00:00,0.17754724652239773,0.17510301902761286,0.07742482897935465,-0.06712056725913731,9.658784572591074,0.011450871101343836,28,29,2.0908112371316525,False,290.9586457831448,True,0.3505872793115896,False,0.023964498,False,False,1,WATCH,train
2026-09-11 22:12:45.039224+00:00,0.19172735983949252,0.18953542751432648,-0.726176301937091,-0.5691162661895101,9.65813166841455,0.011756794725698952,30,29,2.5457065030399635,False,291.195829938238,True,0.34838798708891805,False,0.032885578,False,False,1,WATCH,train
2026-09-11 22:17:43.614885+00:00,0.1680501526112634,0.17938934606297877,-0.6089638891439645,0.13244335127899795,9.658081403641233,0.010677078252031194,20,29,2.62907660337882,False,291.46608330175184,True,0.3612781705606024,False,0.027188519,False,False,1,WATCH,train
2026-09-11 22:22:45.596544+00:00,0.14172874878402972,0.16851882592780992,0.37104610598306836,0.6695483016719269,9.658881402603143,0.012132835921213257,29,29,2.3851767377463364,False,291.7688851353027,True,0.3518344953095242,False,0.03447646,False,False,1,WATCH,train
2026-09-13 19:36:29.130937+00:00,-0.32668767900473467,0.1324558454155327,0.018740169684346077,0.20265263078262769,9.63896079753516,0.012686114456365352,24,30,1.7228809567969554,False,290.81707859069513,True,0.3298592754954179,False,0.033592418,False,False,1,WATCH,train
2026-09-13 19:41:31.221268+00:00,-0.3047077359233443,0.11905943286122654,-0.36122866733204867,-0.69102387360005,9.642683142633352,0.01182512289619465,29,30,2.4051236533036,False,289.90183864716613,True,0.3347693248299881,False,0.019452086,False,False,1,WATCH,train
2026-09-13 19:46:30.342587+00:00,-0.29140332854010004,0.11272863911897076,-0.0671813436659481,-0.002118824413767649,9.636455043797447,0.013417294109202556,29,30,1.3074705822476562,False,289.0225272789297,True,0.3294042998880703,False,0.02948606,False,False,1,WATCH,train
2026-09-13 19:51:29.231617+00:00,-0.29799444236711864,0.13802950701848143,-0.05461141178818454,-0.23452670371060555,9.642650457239323,0.012310790208413011,30,30,1.6640821122416412,False,288.1772678314109,True,0.32839610975610256,False,0.033096213,False,False,1,WATCH,train
2026-09-13 19:58:10.153133+00:00,-0.3212183078152173,0.1259388631744267,0.09085399874903811,-0.5410862840429935,9.638390449903083,0.013583229815894493,22,30,1.3238063634046382,False,287.3786131143208,True,0.32854840981809785,False,0.024598101,False,False,1,WATCH,train
2026-09-13 20:01:36.902065+00:00,-0.32164232033339807,0.130924604085103,0.7233562118679071,0.06359256170281391,9.637630180374263,0.012904630659395788,27,30,1.9163147381529684,False,286.6011229656149,True,0.3314331701654046,False,0.025425248,False,False,1,WATCH,train
2026-09-13 20:06:32.911701+00:00,-0.30655588057571337,0.1436142585563578,-0.11548481748930149,-0.5748112627587385,9.643716841858101,0.012452048334667424,29,30,1.6730271364822193,False,285.86081814666795,True,0.3275729186703631,False,0.031737328,False,False,1,WATCH,train
2026-09-13 20:11:27.101775+00:00,-0.30288584765590915,0.1137591711171079,0.45500152010264044,0.4157020215283013,9.641247685137866,0.011999999999999969,30,30,1.947142141517493,False,285.15667870691055,True,0.33100575408184835,False,0.035097186,False,False,1,WATCH,train
2026-09-13 20:16:27.751856+00:00,-0.2965578508461155,0.11202673535477331,-0.1746044772834433,-0.7068437595499915,9.643682814152239,0.010706327376731172,29,30,2.622124622261868,False,284.4892008264654,True,0.3440575224848862,False,0.016209846,False,False,1,WATCH,train
2026-09-13 20:21:27.301610+00:00,-0.28952067642211854,0.13029130901389643,0.13303019358025525,0.3681260078335462,9.641470240337842,0.014079141387961932,30,30,0.9872751878464107,False,283.85865127890264,True,0.3278335364543621,False,0.039043665,False,False,1,WATCH,train
2026-09-13 20:26:32.335903+00:00,-0.30164646520593047,0.11570264357002154,-0.3362829609351607,-0.43864179496072053,9.641963457909721,0.01388882314251367,26,30,1.1205993847695697,False,283.2631149093087,True,0.32627379829773084,False,0.02173125,False,False,1,WATCH,train
2026-09-13 20:31:42.136153+00:00,-0.2905808307140595,0.11881278066144772,0.705113189951726,-1.0506655535530265,9.640306583451352,0.014093553770696592,27,30,2.2674113987642435,False,282.70527302926286,True,0.33178059336562676,False,0.034327343,False,False,1,WATCH,train
2026-09-13 20:36:38.351297+00:00,-0.3134044525418148,0.12781858265060375,0.012873312736314554,0.5640032365546895,9.63589246520102,0.012439855304624799,20,30,1.4802591913843905,False,282.18157165541083,True,0.33003091357624603,False,0.02130783,False,False,1,WATCH,train
2026-09-13 20:41:35.781282+00:00,-0.3147480372605743,0.11555351194687981,-0.1299351450449956,-0.23371447781276997,9.640195191848594,0.012551668363139094,26,30,1.1226513073811046,False,281.6944708749785,True,0.3268697479197726,False,0.034966033,False,False,1,WATCH,train
2026-09-13 20:46:52.981601+00:00,-0.31195909572087466,0.1604346040214227,-0.3487586289963258,0.4101088914239029,9.632547176498655,0.0141421356237309,25,30,1.114810219973159,False,281.2445235818647,True,0.32842081942842705,False,0.04242847,False,False,1,WATCH,train
2026-09-13 20:51:30.901148+00:00,-0.30691439188469755,0.1250861830893462,0.6243267999140918,-0.10403297362765145,9.641821967476492,0.01730260573697658,22,30,2.1445000934510365,False,280.8320606913537,True,0.3312966609355279,False,0.019274358,False,False,1,WATCH,train
2026-09-13 20:56:32.432634+00:00,-0.30678451192554007,0.10790188610421729,-0.37579613656495586,-0.8185747773911388,9.639535906318846,0.015540046832476253,24,30,1.6154065654932204,False,280.4566144314891,True,0.32878182390930333,False,0.053230308,False,False,1,WATCH,train
2026-09-13 21:01:31.238698+00:00,-0.2979254125459415,0.1334474265248527,0.7377651556323563,0.5666182390767682,9.639924293817923,0.010454523047666772,21,30,2.838492247684627,False,280.11918569576994,True,0.348570117451047,False,0.013843577,False,False,1,WATCH,train
2026-09-13 21:07:01.703103+00:00,-0.28777818428102386,0.16095604675989306,-0.6178323660085059,0.5124646878908878,9.638811080625564,0.01916629694999823,21,30,2.7879048700402786,False,279.8273664679747,True,0.3379963840689307,False,0.032085296,False,False,1,WATCH,train
2026-09-13 21:16:33.942964+00:00,-0.3150080347422536,0.08176140102484711,0.23418113026782442,-1.3942631271970576,9.6446044629183,0.014142135623730937,25,30,2.4066647309285036,False,279.59935791079397,True,0.33382843059547757,False,0.019708082,False,False,1,WATCH,train
2026-09-13 21:21:30.261260+00:00,-0.305007737852644,0.11289709916219967,1.032216407419416,-0.18939589919991506,9.644018333572228,0.010942024088644007,21,30,2.9008333933503994,False,279.40951472840106,True,0.34512304651543935,False,0.029466825,False,False,1,WATCH,train
2026-09-13 21:26:34.593220+00:00,-0.3246370006425525,0.11043394957497348,0.0925643221168386,-0.6308313118199984,9.639563149304008,0.012883020694783639,24,30,1.289035378148362,False,279.25457106044917,True,0.3286328335850776,False,0.029465947,False,False,1,WATCH,train
2026-09-13 21:31:44.274470+00:00,-0.2977631784952621,0.16326273140649106,-0.5272405651372323,-0.30342452446991247,9.641015648966205,0.01288302069478359,24,30,1.4373880721394823,False,279.1395367205547,True,0.32802877531219,False,0.034134153,False,False,1,WATCH,train
2026-09-13 21:41:33.073825+00:00,-0.3090610857361861,0.10131320632154166,-0.3020414187280355,0.2839878641104376,9.641074323069397,0.013302631318652784,25,30,1.1009753384786551,False,279.0969974872977,True,0.3286020151171531,False,0.025849381,False,False,1,WATCH,train
2026-09-13 21:56:51.594927+00:00,-0.3126157190250953,0.11544096859881252,1.0721078306708556,-0.8971615144055995,9.642489139887916,0.014422205101855943,25,30,2.898064425394538,False,279.1638019891176,True,0.33774667228632665,False,0.017149694,False,False,1,WATCH,train
2026-09-13 22:01:28.079242+00:00,-0.3105547533221742,0.10339329944354989,-0.1689653070640533,0.7905024879632268,9.639102697221158,0.015567403295624479,23,30,1.8834740121796174,False,279.26710954681755,True,0.33294616551653233,False,0.027138546,False,False,1,WATCH,train
2026-09-13 22:06:33.337248+00:00,-0.31775147195635106,0.12786709440929064,-0.20580750590942676,0.03806821676108018,9.638670882386643,0.014740554623801763,27,30,1.106754304785136,False,279.4057336432481,True,0.3305599125345002,False,0.012924458,False,False,1,WATCH,train
2026-09-13 22:11:28.761253+00:00,-0.3234136745364193,0.13641826930046422,-0.524964525153593,-0.757630967488083,9.639985522834984,0.013130643285972257,29,30,1.892347302834622,False,279.5796461982864,True,0.3342646089823151,False,0.021846864,False,False,1,WATCH,train
2026-09-13 22:16:34.251266+00:00,-0.3189405560130628,0.11649223664589747,0.5568940250676218,-0.06450503150234405,9.639743803888267,0.013641735181988801,28,30,1.5682133290611597,False,279.7897389480865,True,0.33492096584309533,False,0.017127637,False,False,1,WATCH,train
2026-09-13 22:21:30.193368+00:00,-0.33387248132459557,0.09252171782017268,0.5783746891647854,0.2875225099612723,9.635563439440368,0.011269058371288393,29,30,2.1171375025540256,False,280.0336687418385,True,0.3428573811089181,False,0.01344751,False,False,1,WATCH,train
2026-09-13 22:26:25.591306+00:00,-0.34445534092227287,0.11007873981955774,-0.17197662583431614,-0.12609168765694545,9.639028968937616,0.013329889362377419,22,30,1.1351635559370712,False,280.31166313909205,True,0.3322618804997489,False,0.031389456,False,False,1,WATCH,train
2026-09-14 18:06:40.564161+00:00,-0.40393187916485085,0.04830711788756077,-0.10945894475192404,-0.5100335020723098,9.63956507053404,0.014761059883656353,30,32,3.0025030043969947,False,278.8065216962606,True,0.3542701881227032,False,0.025595345,False,False,1,WATCH,train
2026-09-14 18:12:20.920515+00:00,-0.4021545558340467,0.07606585750095081,-0.21342585263887812,-0.2993508578682197,9.644290827956189,0.015224021588704355,24,32,2.771230987806021,False,277.33289377705626,True,0.35044011540952075,False,0.053811133,False,False,1,WATCH,train
2026-09-14 18:16:50.540328+00:00,-0.3921922980374275,0.060049724245449826,-0.7670953223568437,0.024371405569203877,9.638025776045655,0.013989974327655703,29,32,3.2811101093928823,False,275.8816865375642,True,0.3540645384829534,False,0.022852562,False,False,1,WATCH,train
2026-09-14 18:21:41.665713+00:00,-0.413056868564755,0.03784325550797523,0.5673401742975339,-0.7954467458193797,9.64285171158322,0.01648669841083398,28,32,3.1066702355639366,False,274.4553768617605,True,0.3520670147519926,False,0.017465677,False,False,1,WATCH,train
2026-09-14 18:26:43.646077+00:00,-0.3999486201530283,0.055018936897417596,-0.007513932412805874,0.03993536396791761,9.643578045472301,0.014743143673401338,29,32,2.4748987628596923,False,273.0582101300784,True,0.34390616381125705,False,0.038620304,False,False,1,WATCH,train
2026-09-14 18:31:46.959815+00:00,-0.4277969277287759,0.05559958775510251,0.32007241617501875,0.43444970742905403,9.639929396674619,0.01465156535483286,28,32,2.6121091118365216,False,271.68625630505954,True,0.34695988091102653,False,0.021154068,False,False,1,WATCH,train
2026-09-14 18:36:47.844850+00:00,-0.4006349981529431,0.03938040019428594,0.13764965659037326,-0.8565603183609495,9.640767047923896,0.013716331692622503,28,32,2.7837178423628943,False,270.3460257862442,True,0.34722214641046295,False,0.02368588,False,False,1,WATCH,train
2026-09-14 18:46:45.728752+00:00,-0.4119106008625628,0.04380021558716495,-0.3081936487535263,-1.4036743289546605,9.640745752113167,0.014996295838936014,30,32,3.122231113666791,False,269.0635950083299,True,0.34772597541343553,False,0.029986186,False,False,1,WATCH,train
2026-09-14 18:51:43.203026+00:00,-0.4470598374294522,0.06448350920625585,0.1828673958353343,0.4518400383174742,9.63801729512145,0.015860503004493764,30,32,2.274087796351837,False,267.8075707724967,True,0.3403238852390093,False,0.05709741,True,False,2,WATCH,train
2026-09-14 18:56:47.027327+00:00,-0.42631992114610895,0.061626556326327596,0.18883517506877923,-0.6076705877515086,9.641868226984093,0.01590248058916877,30,32,2.2090237128481287,False,266.58450304566077,True,0.33681100786117474,False,0.03624637,False,False,1,WATCH,train
2026-09-14 19:01:46.156473+00:00,-0.4203682836803807,0.03642283128213773,0.5967763354061281,-0.4795484845214552,9.637674830719602,0.016716137439366657,29,32,2.4640568841858017,False,265.39322813130553,True,0.33961289238988757,False,0.04990703,False,False,1,WATCH,train
2026-09-14 19:06:48.526753+00:00,-0.41503404867804333,0.013432908520055485,-0.35461694807746996,0.3228105047346793,9.639360975514661,0.015153535218873177,27,32,2.0397823707635725,False,264.2341111755804,True,0.3345841780700887,False,0.01611288,False,False,1,WATCH,train
2026-09-14 19:11:41.092690+00:00,-0.4129290655843602,0.03541583428857066,-0.2785748459316925,0.2230857164510444,9.639078460152403,0.012364824660660785,30,32,2.353529050390608,False,263.1072177810524,True,0.33501968382681335,False,0.039425857,False,False,1,WATCH,train
2026-09-14 19:16:41.328884+00:00,-0.41732179244732825,0.07447941398409716,0.0015124064423508972,0.0974387517365132,9.642350689250346,0.015040685563571323,30,32,1.6228001363038338,False,262.01224228219274,True,0.3301374828951282,False,0.026217572,False,False,1,WATCH,train
2026-09-14 19:21:41.068169+00:00,-0.42645520598027264,0.0326846079284425,-0.19197650359247392,-0.6320154581221032,9.64005108854846,0.016360521589077352,30,32,1.9483122849884067,False,260.9490549910766,True,0.33243922865673253,False,0.025200443,False,False,1,WATCH,train
2026-09-14 19:26:45.206290+00:00,-0.4250049627117212,0.062350494464547414,0.1674356477544742,0.0449344220400697,9.637220453195786,0.01275735082217307,20,32,1.8757834907169881,False,259.9191799323327,True,0.3307821200751521,False,0.020288907,False,False,1,WATCH,train
2026-09-14 19:31:45.333637+00:00,-0.4084023665558449,0.041819640237762086,-0.7417766002933094,0.3600755891796748,9.642565407032865,0.015431712643191656,28,32,2.165896213538123,False,258.9246230294044,True,0.33107443665960934,False,0.023325559,False,False,1,WATCH,train
2026-09-14 19:36:49.046403+00:00,-0.41356203780609846,0.007245474774456326,-0.41519565195255653,-0.08231723195385321,9.639571678329611,0.018772945144216308,28,32,2.3482095080671335,False,257.9633530635295,True,0.3362674517985311,False,0.03401947,False,False,1,WATCH,train
2026-09-14 19:41:42.123583+00:00,-0.40694668164052045,0.050715704528986355,-0.6156811711684107,0.32681751720671015,9.642818839751147,0.015860503004493785,30,32,1.9280551783174658,False,257.0369759993747,True,0.3293462493602105,False,0.026373273,False,False,1,WATCH,train
2026-09-14 19:46:45.126755+00:00,-0.4223870768258771,0.033569836002931196,0.27289158931440183,0.08754531795502016,9.643302432188106,0.014057804903889344,29,32,1.3699705753971336,False,256.1433962738657,True,0.32851148495505866,False,0.036951452,False,False,1,WATCH,train
2026-09-14 19:51:45.057224+00:00,-0.42546758608838753,0.08585519069064798,0.1066457085067628,0.5868726516859817,9.642578213503624,0.0157692307692308,26,32,1.650026827438632,False,255.28425088720493,True,0.3282968352656704,False,0.021417327,False,False,1,WATCH,train
2026-09-14 19:56:46.015759+00:00,-0.41640946509039506,0.03511631134143885,0.8282493858121299,0.017947102330659225,9.639855451793194,0.0160335557759485,29,32,2.161295034554191,False,254.4611361891211,True,0.3310681844621039,False,0.038025364,False,False,1,WATCH,train
2026-09-14 20:01:48.101274+00:00,-0.43453177590853365,0.055533011842373595,-0.5092526347133394,0.24521365816274823,9.637566803432495,0.012877437725217891,26,32,1.7581542114304887,False,253.67134873555455,True,0.3283919905134259,False,0.01738883,False,False,1,WATCH,train
2026-09-14 20:06:41.080714+00:00,-0.42674035628014695,0.05600168633539119,0.4963017405027469,0.6763066015577349,9.63705932226128,0.016085707942145443,20,32,1.964111189307546,False,252.91795194863127,True,0.32943544871502345,False,0.016188435,False,False,1,WATCH,train
2026-09-14 20:11:50.011751+00:00,-0.4585046455789235,0.018665414828220435,0.14296927470615617,1.2583089693435514,9.638437237643064,0.01718373103388485,28,32,2.676645349394878,False,252.1968605996778,True,0.3351821852082835,False,0.022156378,False,False,1,WATCH,train
2026-09-14 20:16:44.523241+00:00,-0.43332481285216773,0.06613901780476027,0.22379568735197902,-0.642256540262129,9.639463715778108,0.015022773041925504,29,32,1.3148472966724216,False,251.514484383351,True,0.3268098650530416,False,0.014460583,False,False,1,WATCH,train
2026-09-14 20:21:47.422952+00:00,-0.43464880564034586,0.021813829507195306,0.9282715165069721,-0.5676196803574638,9.640151478631068,0.015315351775261285,25,32,2.3135470798079947,False,250.8681256989671,True,0.3304243950364614,False,0.027860343,False,False,1,WATCH,train
2026-09-14 20:26:49.093017+00:00,-0.4190573273815392,0.03679957700493844,0.47786477276822065,-0.638710000954768,9.639283602289883,0.016190434753730155,26,32,1.7741214335751765,False,250.2597994974197,True,0.32838687752671775,False,0.038623184,False,False,1,WATCH,train
2026-09-14 20:31:48.617845+00:00,-0.4208787030053067,0.025753049774165367,0.45130966166076975,0.7143142001953994,9.640089568057178,0.017004800419628145,27,32,2.1903437206642415,False,249.6877639741315,True,0.330925485112963,False,0.032283317,False,False,1,WATCH,train
2026-09-14 20:36:50.608680+00:00,-0.42204914087083606,0.023397637773617013,0.7798056720948697,1.1958797130380383,9.643077646342086,0.01671406593262091,25,32,3.0494065702028785,False,249.15222768755834,True,0.3367604382613366,False,0.014357524,False,False,1,WATCH,train
2026-09-14 20:41:42.237965+00:00,-0.43316307948631544,0.03146511840230965,-0.9043758352027413,0.09628929638451092,9.638825006420815,0.015876744185038722,26,32,2.0396475003817045,False,248.65222768755834,True,0.3289200282746581,False,0.04303482,False,False,1,WATCH,train
2026-09-14 20:46:44.228616+00:00,-0.4407421775553385,0.0069113904705213145,-0.13919139254328713,-1.3053700007798354,9.639973774759575,0.013362634470792072,25,32,2.1824317169957816,False,248.188251760768,True,0.33192670704194244,False,0.011656485,False,False,1,WATCH,train
2026-09-14 20:51:47.236072+00:00,-0.45323167205651915,0.03856007691032411,-0.09228109902921662,-0.5138852435204715,9.640771005522057,0.012526615655205606,21,32,1.3234514696304656,False,247.75985019652097,True,0.32769886095316264,False,0.024271037,False,False,1,WATCH,train
2026-09-14 20:56:45.309175+00:00,-0.43233808960261716,0.0533576949147783,-0.4261115241754733,1.318277188094578,9.638317341992718,0.012550916707718279,28,32,2.542588154907709,False,247.3707271002045,True,0.33849198042586076,False,0.026897112,False,False,1,WATCH,train
2026-09-14 21:01:51.403396+00:00,-0.42167703656503525,0.013657382332630726,0.17584284371290715,-0.26564340421105775,9.639534843630091,0.011766968108291066,26,32,1.5212699190096275,False,247.01981781893923,True,0.331838784843113,False,0.0070016063,False,False,1,WATCH,train
2026-09-14 21:06:48.049455+00:00,-0.43470261484279177,0.05971271455785468,0.38052703955232814,0.576413760431903,9.637919837220666,0.014994211846205495,24,32,1.453361524701391,False,246.70457447898576,True,0.32969015001238716,False,0.04192114,False,False,1,WATCH,train
2026-09-14 21:11:41.218975+00:00,-0.4476782155468886,0.060447531082187755,0.21248536555334,1.1225679083061715,9.638464607368851,0.01499421184620549,24,32,2.0763068743209545,False,246.42501723895765,True,0.3318466539775979,False,0.037962493,False,False,1,WATCH,train
2026-09-14 21:17:08.598207+00:00,-0.4457870216175936,0.03876216148954698,0.22003664303913534,-1.4371587545857925,9.64118754110779,0.014666429922331695,24,32,2.426445134103654,False,246.19018004636138,True,0.33219619626968105,False,0.02145356,False,False,1,WATCH,train
2026-09-14 21:21:41.808944+00:00,-0.4442832451715445,0.04191393938541412,-1.006238583106664,-0.23614757270585376,9.640579712573597,0.014987995196156161,25,32,2.164522865725483,False,245.98516526654694,True,0.32927217846298845,False,0.030299574,False,False,1,WATCH,train
2026-09-14 21:37:03.969485+00:00,-0.4277770672381001,0.031040917165226806,0.16541328153017465,-0.770240605966664,9.639224138956003,0.017672758383707056,24,32,2.280426907497275,False,245.90024796741895,True,0.3347081682700891,False,0.037894852,False,False,1,WATCH,train
2026-09-14 21:41:50.448656+00:00,-0.44634328773660964,0.04945540937854028,0.3728140904780148,0.357170215303764,9.637660276915247,0.011594426549998923,27,32,1.745926850347523,False,245.84275427201717,True,0.3365627148238723,False,0.012090515,False,False,1,WATCH,train
2026-09-14 21:46:44.628079+00:00,-0.4391065392778459,0.05353990255766176,-0.5804093963557694,-0.009323611079657358,9.637119083855554,0.012740737376183883,24,32,1.4996531117114769,False,245.82275771435312,True,0.32892896908720154,False,0.024941895,False,False,1,WATCH,train
2026-09-14 21:51:49.291419+00:00,-0.4428235429100618,0.006307225614220263,0.6399618065351773,-0.2700731599418211,9.640794385199506,0.016711872848412565,27,32,2.2655085021067722,False,245.8389390419663,True,0.3326693194870866,False,0.028492173,False,False,1,WATCH,train
2026-09-14 21:56:54.229055+00:00,-0.44691779989930536,0.022103716473492806,0.9007118049410237,-1.1141135618988671,9.638634153554245,0.0151472769830092,25,32,2.8259037555417432,False,245.89111371300604,True,0.33615423764926566,False,0.029292256,False,False,1,WATCH,train
2026-09-14 22:01:56.611654+00:00,-0.4147731294884417,0.051681416291797844,-0.013768687961667204,-0.3609599513530347,9.639248231964851,0.01613557104503106,27,32,1.5629686061914847,False,245.98306852622454,True,0.3312861875297566,False,0.035953403,False,False,1,WATCH,train
2026-09-14 22:06:49.766331+00:00,-0.45988196610220594,-0.004929456337785588,-0.18851815250055626,0.7378909813638354,9.639379225417406,0.013203534880225607,30,32,1.570537499155044,False,246.10621002503248,True,0.3332079237922128,False,0.027107818,False,False,1,WATCH,train
2026-09-14 22:11:51.776702+00:00,-0.42167561498002076,0.022471986927075683,-1.1679950994632933,0.8510662411106351,9.639378356980828,0.014325244152454616,27,32,2.925193891232354,False,246.26941868366458,True,0.3403221045968451,False,0.014621609,False,False,1,WATCH,train
2026-09-14 22:21:44.171189+00:00,-0.4519240468934261,0.03054033036308999,-0.4514530458991801,0.9307574420617225,9.640766298677267,0.011220198623146447,28,32,2.483888636012637,False,246.50048885218692,True,0.34735441028273206,False,0.017469238,False,False,1,WATCH,train
2026-09-14 22:26:41.443375+00:00,-0.4347721457688292,0.011239931622011744,0.20921343542581075,-0.3559638605461513,9.639360364450654,0.01375347822426409,28,32,1.299090411617061,False,246.76864483470476,True,0.3331939069640854,False,0.02131477,False,False,1,WATCH,train
2026-09-14 22:31:41.757311+00:00,-0.45014935898623004,-0.015229932778058508,0.000368118254082687,0.16628749054310374,9.642332054963061,0.01295104597462054,28,32,1.2540390632842096,False,247.07008020524975,True,0.3355973517386256,False,0.023240216,False,False,1,WATCH,train
2026-09-14 22:36:41.383181+00:00,-0.44614441811133226,0.02440231651967844,0.13271927546899537,0.1771526677310301,9.636279619616541,0.009937303457175896,20,32,2.584598852665878,False,247.40662671382614,True,0.3595575347383013,False,0.013174175,False,False,1,WATCH,train
2026-09-14 22:41:53.470410+00:00,-0.44372364256235197,0.0005996028387908724,-0.3647470766722497,-0.40582735435441636,9.63500128696303,0.012570787221094209,27,32,1.6043234860057547,False,247.7778156982717,True,0.3353900767407951,False,0.020842781,False,False,1,WATCH,train
2026-09-14 22:46:47.963125+00:00,-0.44945017247659247,0.01785949351161489,-0.5078115114540797,-0.830297737973848,9.637495912215694,0.014761416201842696,26,32,2.1152680143971314,False,248.18244719622365,True,0.3360923834592206,False,0.02671834,False,False,1,WATCH,train
2026-09-14 22:51:50.254317+00:00,-0.43846501021500306,0.021198061094930273,0.7106291852404494,1.4717593665587054,9.640800402000803,0.016302135970117797,21,32,3.4994423160452697,False,248.6220129786852,True,0.348940519342636,False,0.024803042,False,False,1,WATCH,train
2026-09-14 23:02:33.308246+00:00,-0.4375429823542915,0.007616979794616431,-0.40227654012245717,-0.553491303294649,9.640068180241451,0.013146843962443585,27,33,1.8011015642098709,False,249.13466620923262,True,0.3373134032381685,False,0.025612913,False,False,1,WATCH,train
2026-09-14 23:12:35.020167+00:00,-0.43171185118062655,0.05719726406278965,0.532157355356009,0.2679594578771901,9.640179787625145,0.013453624047073722,20,33,1.8508760939501108,False,249.71271728856564,True,0.3394250996753292,False,0.02561732,False,False,1,WATCH,train
2026-09-14 23:37:46.383606+00:00,-0.42650247695738996,0.0033089100355480675,-0.10593619796253287,0.10507079236715827,9.640255024365777,0.011874977438430637,27,35,1.7536853045350655,False,250.44580130759607,True,0.34391036938944697,False,0.019321814,False,False,1,WATCH,train
2026-09-14 23:47:49.799745+00:00,-0.45208386440114107,0.014049021494699164,-0.17394961294395572,0.6639345752321067,9.638254722082564,0.012095495872768664,28,35,2.003436340967019,False,251.23459967129625,True,0.34508405723410274,False,0.016220672,False,False,1,WATCH,train
2026-09-14 23:52:49.083508+00:00,-0.4354293576387231,0.024070535075999384,0.1650949872018618,0.13132199854121687,9.641332348918791,0.014833671399332159,23,35,1.8734625304467856,False,252.05370216536332,True,0.3414546913763002,False,0.01835516,False,False,1,WATCH,train
2026-09-14 23:57:50.788857+00:00,-0.44763496073170594,0.0238718135130719,-0.17681898404181123,0.365559698521104,9.64030439382583,0.013143439428094915,20,35,1.7279327761769407,False,252.89943978204894,True,0.34181945318774243,False,0.029646209,False,False,1,WATCH,train
2026-09-15 00:34:23.666610+00:00,-0.45318621397939907,0.030188266706185213,-0.819746253527062,-0.7236861942074058,9.640496031974228,0.018249266130058932,28,36,3.586969604274821,False,253.9339327935419,True,0.35336501389863295,False,0.017590307,False,False,1,WATCH,train
2026-09-15 00:39:25.654118+00:00,-0.43187950461403873,0.01032949677280327,-0.16286209555826575,0.35733535251603543,9.64266366824353,0.013635890143294636,24,36,1.8940844246478121,False,254.9938001728782,True,0.3459489290340794,False,0.03462781,False,False,1,WATCH,train
2026-09-15 00:44:57.742229+00:00,-0.4598710055025864,0.017139020384735693,-0.23223201629385137,-0.13662728321845632,9.637668157058119,0.01545962483374033,20,36,2.2045904996011148,False,256.0730321366009,True,0.3469060667322625,False,0.017848855,False,False,1,WATCH,train
2026-09-15 00:49:31.747430+00:00,-0.4506617416580847,0.019337271007290824,0.9858261656396438,-0.072164526712617,9.637909959357174,0.012956229935435963,23,36,2.7067450664311425,False,257.17503076337186,True,0.35082124227088046,False,0.024368107,False,False,1,WATCH,train
2026-09-15 00:54:31.084338+00:00,-0.45405207010098153,0.0481088278304925,0.06504297228071328,0.8218078934458379,9.643527311459982,0.013316315670580508,21,36,2.201135201683617,False,258.29776290758883,True,0.3487612752350401,False,0.034832276,False,False,1,WATCH,train
2026-09-15 00:59:25.795232+00:00,-0.4675856795461604,0.0014610432792741665,0.21911712269913552,0.16992613230021575,9.64221321262794,0.011086392257107934,27,36,2.270853636568692,False,259.4394529514122,True,0.3601939039101527,False,0.012856034,False,False,1,WATCH,train
2026-09-15 01:04:24.815150+00:00,-0.45659546005136153,0.01416490850057953,0.22927335797044718,0.46153170374343405,9.641543650168225,0.01401074660423794,28,36,2.0764847426976467,False,260.6020919194508,True,0.34827049722349646,False,0.023806576,False,False,1,WATCH,train
2026-09-15 01:14:28.544474+00:00,-0.44910237886277105,0.021709089621801507,0.44555423726728066,1.2495464967458758,9.639089302099299,0.013196577581477173,21,36,2.8133308822132492,False,261.8029720850376,True,0.35653895352281634,False,0.024525292,False,False,1,WATCH,train
2026-09-15 01:20:00.735323+00:00,-0.46420699891068046,0.024889729609132175,-0.07947754351598305,0.9531611805652063,9.636636198520062,0.014215601757693304,24,36,2.4883538173024937,False,263.0233077043923,True,0.35036061640277516,False,0.05419889,False,False,1,WATCH,train
2026-09-15 01:24:32.507446+00:00,-0.4828899894452803,0.013062461686367372,0.7400987643257363,0.06319190685182514,9.63742797915367,0.013994284547628716,25,36,2.488159340598513,False,264.2551021055775,True,0.34771946306197904,False,0.020333406,False,False,1,WATCH,train
2026-09-15 01:29:24.150920+00:00,-0.44250254655449894,-0.0024178381521567927,-0.7015474466242215,0.8916323968300652,9.638521701427344,0.011412274094149698,25,36,3.0326351480810994,False,265.50751129709823,True,0.36285907738967066,False,0.02700659,False,False,1,WATCH,train
2026-09-15 01:34:25.724031+00:00,-0.470381558439857,0.031047911900674643,-0.008638885603284565,-1.1852838864179986,9.63929401682811,0.015132516497779094,24,36,3.034856926167407,False,266.7723670512939,True,0.35429656451705965,False,0.028267767,False,False,1,WATCH,train
2026-09-15 01:39:27.596783+00:00,-0.45963294448022435,0.045382526315730275,-0.5842493738710387,0.5237084436297903,9.63640624833092,0.013111095547141693,22,36,2.555278328178114,False,268.0531379862492,True,0.35050727617710514,False,0.038725384,False,False,1,WATCH,train
2026-09-15 01:44:29.379595+00:00,-0.42952329077560447,-0.004224628504247001,-0.007551534822335909,0.12509386498604178,9.640034722977328,0.014871853370858355,23,36,2.229575878700078,False,269.351186949562,True,0.3475661036194509,False,0.043219823,False,False,1,WATCH,train
2026-09-15 01:54:23.057102+00:00,-0.44871190729228877,0.02173885974789105,-0.4557095939528937,-0.5352207863439769,9.637523023129225,0.013458174058154746,28,36,2.6057189820196194,False,270.67287700963607,True,0.34879729117267855,False,0.034653075,False,False,1,WATCH,train
2026-09-15 01:59:25.556384+00:00,-0.4465304497655605,0.00752598620474696,-0.5810297517334166,0.36967097326379,9.641932724057837,0.015858098560067944,26,36,2.825405811844283,False,272.00652569507827,True,0.3507897482568362,False,0.03788837,False,False,1,WATCH,train
2026-09-15 02:04:26.420439+00:00,-0.45692954183269047,0.007757706566557822,-0.046178046913249005,0.38049294461858685,9.639148328181241,0.01349928234457393,23,36,2.2166683419521487,False,273.3499918959588,True,0.349241035725002,False,0.019793723,False,False,1,WATCH,train
2026-09-15 02:09:28.700294+00:00,-0.4528496771191559,0.012866348621664405,-0.533369670470237,0.086847401429691,9.636884532925412,0.012901159222994358,21,36,2.5828050073437447,False,274.70407694409613,True,0.3505477203666029,False,0.016709765,False,False,1,WATCH,train
2026-09-15 02:14:30.138066+00:00,-0.45691583686218623,0.017844909199153828,1.0632867339967975,0.4476140665520504,9.638754424680373,0.012480608777745471,23,36,3.103713767434623,False,276.06711273823043,True,0.3550183639448231,False,0.029705338,False,False,1,WATCH,train
2026-09-15 02:19:32.263662+00:00,-0.47472130167627785,0.01838864072106986,-0.8711270082073207,-0.1683669473080063,9.636908969327688,0.016342062911824547,29,36,3.371445239955492,False,277.43681741745377,True,0.35440710975923784,False,0.013292528,False,False,1,WATCH,train
2026-09-15 02:24:29.110919+00:00,-0.47107784699184957,0.0035350597386603557,-0.2375709593808724,0.07734650548191915,9.635509285556525,0.011840272120848759,27,36,2.642993113430059,False,278.81473815693425,True,0.3536419486500242,False,0.016766377,False,False,1,WATCH,train
2026-09-15 02:29:23.587112+00:00,-0.46567364753659957,0.0035212266154441368,0.20562382470539253,-0.4301083511121013,9.6385645705847,0.013286482312670208,28,36,2.5334006938573452,False,280.2002737327371,True,0.3501956215690784,False,0.016662855,False,False,1,WATCH,train
2026-09-15 03:21:34.573852+00:00,-0.4798038863991966,0.05065281277677113,-0.22787514058837224,0.3857812226645664,9.638107290817937,0.013230268326832976,25,45,2.939582336776326,False,281.60973142001285,True,0.3538972655251388,False,0.02777217,False,False,1,WATCH,train
2026-09-15 03:26:36.754298+00:00,-0.4755530432907155,-0.02229750948574578,0.5606381736269679,-0.35624007707095834,9.639470622246561,0.011885302027319883,29,45,3.2593325327261167,False,283.017494960589,True,0.35935789507548976,False,0.023795644,False,False,1,WATCH,train
2026-09-15 03:31:41.069064+00:00,-0.47323695478070343,-0.008044523578105334,0.6865156857710906,0.5312351120248382,9.641892215562233,0.013946792876861245,27,45,3.150145960818805,False,284.42254613581156,True,0.35593919494216614,False,0.017596116,False,False,1,WATCH,train
2026-09-15 03:36:52.294664+00:00,-0.4968903173515283,0.022042792976647723,0.2647891479735249,0.5103093892233445,9.635490408877164,0.011867114323493463,26,45,3.2836244317254097,False,285.8212499839548,True,0.36603620566669354,False,0.021664508,False,False,1,WATCH,train
2026-09-15 03:41:43.303788+00:00,-0.4874919863029205,0.01685323790509997,0.1730164874731298,-0.9346853416459413,9.640349016949786,0.014755663042938271,28,45,3.5370693768813575,False,287.2164026453256,True,0.3598536861848674,False,0.023274006,False,False,1,WATCH,train
2026-09-15 03:46:38.014396+00:00,-0.16562542965549898,-0.07229972920224464,6.143098390937421,-3.2689844195170816,9.637980734210268,0.032974632505744304,24,45,15.685804824058245,True,288.6412399152816,True,0.4329152936706513,True,0.14395803,True,False,4,WATCH,train
2026-09-15 03:51:38.361415+00:00,-0.02428841627305222,-0.17781051246128182,0.9975552247345231,-0.4776308580347268,9.645691000178138,0.021852940772540498,21,45,5.215461290525909,False,290.0752967813972,True,0.3745195305752875,False,0.085390106,True,False,2,WARNING,train
2026-09-15 04:01:59.528050+00:00,-0.01572634221039534,-0.10071352902725249,-0.489747016287254,0.1685973387288304,9.641225655222577,0.020769207977195468,25,46,4.645995031105556,False,291.4955467826229,True,0.3739311312012748,False,0.055884838,True,False,2,WARNING,train
2026-09-15 04:07:13.489397+00:00,-0.028850521222896656,-0.1413765877480142,-0.07467912302461911,-0.3010320907239184,9.64481065531302,0.016426846010152738,21,46,3.601750900426504,False,292.9040055772188,True,0.36338575263335604,False,0.02133419,False,False,1,WATCH,train
2026-09-15 04:12:13.982583+00:00,-0.03172652017400225,-0.17970496930893873,-0.9352935841915359,-0.6177398463618734,9.645054747138849,0.01615549442140351,30,46,4.286090167943016,False,294.30265304383624,True,0.3678081789886588,False,0.03649856,False,False,1,WATCH,train
2026-09-15 04:17:02.440008+00:00,0.06769619974333901,-0.20026101285173956,4.467764440674707,-2.3891473714173985,9.643416315984187,0.02297825058615224,25,46,11.314816833014174,False,295.70185270221197,True,0.41475323451885504,True,0.057544503,True,False,3,WATCH,train
2026-09-15 04:22:03.896952+00:00,0.24524380768101905,-0.3050026788842596,0.16474931340408644,-0.5261536929781249,9.648856784609807,0.025152335875619946,25,46,5.7895912710074935,False,297.10933965361295,True,0.3909332584624675,False,0.07939625,True,False,2,WARNING,train
2026-09-15 04:32:00.221464+00:00,0.21131217064093072,-0.25553823101969375,0.1772383164935057,-0.7084492838436368,9.643223639525587,0.013964240043768951,20,46,3.89607722354848,False,298.4887193610468,True,0.371853723331694,False,0.04604968,False,False,1,WATCH,train
2026-09-15 04:59:49.651216+00:00,0.17710048709253498,-0.29298923715051745,-0.3803774952372734,-0.9575978779142883,9.642620498468188,0.013747727084867553,20,47,4.565701780995544,False,299.78346345829715,True,0.3820979877661273,False,0.03176381,False,False,1,WATCH,train
2026-09-15 06:15:18.280344+00:00,0.16165031176035366,-0.29952747382899214,-0.5191230855527632,0.4477533275435562,9.645575194727435,0.016378402878672992,29,54,5.313779963838796,False,300.74097684588577,True,0.39153960115876446,False,0.039418463,False,False,1,WATCH,train
2026-09-15 06:20:19.140209+00:00,0.1625057725186331,-0.34591533794661083,0.8850891855329527,-3.7062118762846867,9.644142675101923,0.02878491668515693,28,54,9.709335205264045,False,301.67152352101914,True,0.4359277210920327,True,0.035673138,False,False,2,WATCH,train
2026-09-15 06:25:20.998438+00:00,0.3599841749146013,-0.6951936839149295,-0.8891822484678055,-0.22617727123223347,9.647065559051612,0.010470951807645628,23,54,6.224469006319538,False,302.59597481607324,True,0.41418771373680985,True,0.021893399,False,False,2,WARNING,train
2026-09-15 06:30:24.732707+00:00,0.2932160251480713,-0.7376579562648053,-0.685338081369377,0.8541890046770403,9.643746858290989,0.015620499351813357,20,54,5.739267000942951,False,303.4850116419592,True,0.3971027019475861,False,0.025184903,False,False,1,WATCH,train
2026-09-15 06:35:17.067916+00:00,-0.2650092347170651,-1.3694945909013971,-15.447857285389965,-16.348792384333095,9.632092023302695,0.06794656175092524,27,54,43.342641696403405,True,304.28457774104726,True,0.5218674586027049,True,0.09125313,True,False,4,WATCH,train
2026-09-15 06:40:18.751901+00:00,-0.9129833972781979,-1.973677514456206,-1.1762765305579588,-0.514652869283864,9.62354186534562,0.012510864843424452,23,54,7.181462818928448,False,304.98438948490036,True,0.4059342740939432,True,0.02332724,False,False,2,WARNING,train
2026-09-15 06:53:02.051749+00:00,-0.9846430010406408,-2.1033045433071145,-0.3851197560049689,-0.9060026213658204,9.627467204599421,0.01574801574802356,25,55,6.7904184417945945,False,305.5982828122307,True,0.39989858171680615,True,0.029975507,False,False,2,WARNING,train
2026-09-15 06:58:06.116604+00:00,-0.9905458860575339,-2.076797443020159,0.35631873405530734,0.38159468876015273,9.62450508601592,0.014349813927828883,26,55,6.5516466101021935,False,306.1806552070653,True,0.4019573434061887,True,0.037718095,False,False,2,WARNING,train
2026-09-15 07:03:05.331819+00:00,-0.9876129157410678,-2.078243667815669,0.3472096201032912,-1.173281686277501,9.62773136211372,0.014422205101855887,25,55,6.9767405944333065,False,306.73202785899366,True,0.40423625316168443,True,0.011808384,False,False,2,WARNING,train
2026-09-15 07:08:06.814284+00:00,-1.021460038125505,-2.1143598152474636,-0.9739382713515238,-0.9733310852202707,9.63061084573927,0.012903218806001641,24,55,7.38660580398975,False,307.24796781501556,True,0.4060531842128458,True,0.057016075,True,False,3,WARNING,train
2026-09-15 07:36:08.864823+00:00,-1.0187154545793624,-2.113046819981815,-0.3159608415602892,-2.1320519585871915,9.623417653425664,0.017853571071357054,20,56,8.270543007907925,False,307.57926857233133,True,0.4205573803132512,True,0.02298126,False,False,2,WARNING,train
2026-09-15 07:46:10.928025+00:00,-1.0088912813569337,-2.1511738950141472,0.2669768568188364,-0.7733223368377162,9.627030359720301,0.020088965366400903,27,56,7.633073080271726,False,307.84298792723973,True,0.41093851779812063,True,0.04063403,False,False,2,WARNING,train
2026-09-15 07:51:15.488541+00:00,-1.0239631799731261,-2.1472567615033453,0.2866405180356132,-0.3423355497616076,9.627866451304286,0.01572768260106996,25,56,7.301798814567414,False,308.0702955602706,True,0.40295732336436,True,0.021522779,False,False,2,WARNING,train
2026-09-15 07:56:28.108599+00:00,-1.0270425634166012,-2.1210377928482007,0.6132936815294948,-1.6406636259210177,9.626152866331402,0.015960889699512332,20,56,8.025864382699394,False,308.26222378218904,True,0.415790287405126,True,0.04491794,False,False,2,WARNING,train
2026-09-15 08:01:08.907299+00:00,-1.001680366439987,-2.0965661474269077,0.4781583453636365,-0.3965936759266595,9.627227693006697,0.014117561955081103,24,56,7.50541853917591,False,308.42161341683715,True,0.407257956413859,True,0.051401373,False,False,2,WARNING,train
2026-09-15 08:26:35.553305+00:00,-1.0257789422116432,-2.1375837136284885,0.3237210154512988,0.060296924349351695,9.624157054645153,0.01545603082582615,24,59,7.7692842322494435,False,308.39860235369287,True,0.41943887076884667,True,0.080527686,True,False,3,WARNING,train
2026-09-15 08:31:36.919180+00:00,-1.0415089482890327,-2.145021895691629,0.08191096080266545,0.7121205590517099,9.628106519113292,0.015713484026367693,27,59,7.744870443060128,False,308.337388700407,True,0.4211935094951402,True,0.055723257,True,False,3,ALARM,train
2026-09-15 08:36:39.331759+00:00,-1.0209515832623375,-2.1661780315432067,0.6066833659259615,0.3373033586524214,9.628722494346182,0.011779218989389748,20,59,8.091966148198509,False,308.24178767242546,True,0.4291853645524818,True,0.019705502,False,False,2,WARNING,train
2026-09-15 08:41:41.294346+00:00,-1.0529142528595006,-2.8433963311347306,-0.9770986040384354,-15.011103305529277,9.736109246492074,0.08952887523661741,21,59,29.464549044529587,True,308.10595792507576,True,0.4640039536407806,True,1.2275043,True,False,4,WARNING,train
2026-09-15 08:46:45.969531+00:00,-1.2149228113136927,-3.178493143316463,-1.0933990952997004,-1.2968576383678272,9.784909562019166,0.017004651224453434,28,59,10.367622671668205,False,307.9156305358182,True,0.36243573523390143,False,0.03917054,False,False,1,WATCH,train
2026-09-15 08:53:04.141506+00:00,-1.2362078521837208,-3.1550541698652936,0.3033666101031468,0.5788155585994311,9.79152329307971,0.015088551921671262,21,59,10.228057106661975,False,307.67125578186034,True,0.34824162026348193,False,0.04758363,False,False,1,WATCH,train
2026-09-15 08:56:35.894288+00:00,-1.2622860512102492,-3.174907342084024,-0.08679588093490688,-0.3697025651209368,9.785913155479212,0.013343958351620966,28,59,9.950894707522533,False,307.4018316531994,True,0.3447856919043111,False,0.018959511,False,False,1,WATCH,train
2026-09-15 09:01:38.174647+00:00,-1.2495788919575828,-3.185572027785068,-0.5496335068735415,0.19632567933842002,9.786955645903506,0.012310790208412916,30,59,9.82685294329231,False,307.09673926194046,True,0.3478090450200103,False,0.029268257,False,False,1,WATCH,train
2026-09-15 09:06:40.878578+00:00,-1.2653098980268696,-3.1728464624581463,-0.15278561224617743,-0.26572374293524254,9.784940411667883,0.013840359661351095,30,59,9.940493549755056,False,306.7528484093069,True,0.3436746415684291,False,0.042312134,False,False,1,WATCH,train
2026-09-15 09:11:42.452633+00:00,-1.2546437273750852,-3.1619637882837104,-0.16453952184330342,0.5032196279955671,9.784931624330998,0.014408677528121564,29,59,9.876670922374442,False,306.3730198852858,True,0.3440126564644153,False,0.038738765,False,False,1,WATCH,train
2026-09-15 09:16:34.386411+00:00,-1.269113735911263,-3.162023400853991,-0.24182991423947234,-0.2297311827255054,9.788667988153765,0.014234322372793269,29,59,10.111396079994323,False,305.9545184917124,True,0.34371902120963704,False,0.04395216,False,False,1,WATCH,train
2026-09-15 09:21:36.483452+00:00,-1.2981176795955045,-3.1734713994690815,-1.4922601207479975,0.19306563682879285,9.7858789157672,0.013253930234714006,30,59,10.039693029494623,False,305.4957816129329,True,0.35772695529440224,False,0.0324337,False,False,1,WATCH,train
2026-09-15 09:26:39.676815+00:00,-1.2934330830583818,-3.161467139884436,-0.6031698783143215,0.24399705625759552,9.78813187333139,0.01406729856400611,30,59,10.019420539911609,False,305.0005172632658,True,0.34569603248718295,False,0.02869012,False,False,1,WATCH,train
2026-09-15 09:36:33.098275+00:00,-1.2831744943128747,-3.181036417958289,-0.23560091334050903,0.08783440694130437,9.78622539290207,0.015464739353293505,28,59,10.15019492140767,False,304.4324800763145,True,0.3426649598629956,False,0.040701263,False,False,1,WATCH,train
2026-09-15 09:41:35.177199+00:00,-1.2703349093236576,-3.1739850481392553,0.5723267343079779,-0.18575757483757682,9.7878450889077,0.014487542541400446,30,59,10.516200595840125,False,303.8290241482889,True,0.3445461620128662,False,0.035052545,False,False,1,WATCH,train
2026-09-15 09:46:37.791580+00:00,-1.2624599493612152,-3.197909038965036,0.08392868629051556,-0.32404450924695033,9.784517744770879,0.014817407180595195,30,59,10.266793673156032,False,303.18971723525505,True,0.3441396935572655,False,0.025159396,False,False,1,WATCH,train
2026-09-15 09:51:39.552103+00:00,-1.2593308524390543,-3.187477704366001,0.269268663894691,-0.4239622197301109,9.787051797208752,0.012405196043952238,30,59,10.418909365536841,False,302.5141683949304,True,0.34575319427627127,False,0.04727573,False,False,1,WATCH,train
2026-09-15 09:56:42.037675+00:00,-1.3071129425170116,-3.189010646111649,0.5159393033739339,0.7776521398960928,9.781609822196568,0.016486942190181854,29,59,10.406019770922185,False,301.7969752028393,True,0.3504010039247742,False,0.08794167,True,False,2,WATCH,train
2026-09-15 10:01:33.782121+00:00,-1.2814200259864956,-3.1940128653287196,0.15848130147797862,0.08321659524659808,9.785304427589288,0.015080943015927531,27,59,10.331232393577404,False,301.0463022483117,True,0.34314637009720095,False,0.038829118,False,False,1,WATCH,train
2026-09-15 10:06:36.278779+00:00,-1.2775845757311253,-3.1900670179572956,0.1024153556043676,0.37712922619837663,9.780866120557569,0.012171974203257099,29,59,10.098571516029075,False,300.2599466044528,True,0.35055508142185354,False,0.029665947,False,False,1,WATCH,train
2026-09-15 10:11:37.949037+00:00,-1.2811948933896344,-3.205187014971483,0.12299208705312968,0.07603338402993255,9.783908005041232,0.013287420951996453,30,59,10.262310964203438,False,299.437292425291,True,0.3442096465249905,False,0.039879635,False,False,1,WATCH,train
2026-09-15 10:21:33.212458+00:00,-1.2758869856442803,-3.1905395819461577,-0.20053049968547346,0.2866532467167017,9.788981028862272,0.014821422206152046,26,59,10.406544779343655,False,298.5440599082809,True,0.34443476477459534,False,0.049644306,False,False,1,WATCH,train
2026-09-15 10:26:36.943906+00:00,-1.2975119329318205,-3.2020710517150155,-0.6458404500708617,-0.4516910218198087,9.786434038037894,0.014000211325539377,26,59,10.394571891649923,False,297.6132543181948,True,0.34849263033318884,False,0.038615778,False,False,1,WATCH,train
2026-09-15 10:31:39.316711+00:00,-1.293617704735165,-3.1760191183024835,0.7979667285689044,-0.40087813196308975,9.78795799908712,0.011487453643904147,27,59,10.921065090436015,False,296.6479184724359,True,0.3578844929112931,False,0.021496534,False,False,1,WATCH,train
2026-09-15 10:36:41.820381+00:00,-1.2916710899336403,-3.1621727095780585,-0.17910459850409616,-0.41021034194468287,9.784545646367349,0.01536544626021355,28,59,10.441535786894164,False,295.6481198051263,True,0.3444191653647219,False,0.041350737,False,False,1,WATCH,train
2026-09-15 10:41:33.553938+00:00,-1.2957770682139644,-3.180888803112809,0.2968120527730098,0.4896963294695021,9.785080485381343,0.012725960060169482,29,59,10.450855055252013,False,294.6134950889856,True,0.34825779358485515,False,0.028930882,False,False,1,WATCH,train
2026-09-15 10:46:37.681253+00:00,-1.3006479535305664,-3.1808100974968707,0.8299162019103558,-0.018859979555762546,9.783927470865757,0.011591542285497657,29,59,10.783903848507054,False,293.5442734588219,True,0.3591566571000462,False,0.03064635,False,False,1,WATCH,train
2026-09-15 10:51:37.312302+00:00,-1.3087769974445758,-3.1871166186604154,0.4937475798230415,0.8331573272090027,9.788135254584697,0.01396645009997377,27,59,10.707156041294478,False,292.44042866760884,True,0.35082068674610206,False,0.03569738,False,False,1,WATCH,train
2026-09-15 10:56:39.907233+00:00,-1.2852848795686982,-3.1837685465308745,0.029314825870757743,-0.9424551551088378,9.790547957034994,0.012083045973594454,20,59,10.914393600291664,False,291.30575000922147,True,0.35382419479259125,False,0.0404606,False,False,1,WATCH,train
2026-09-15 11:01:41.683024+00:00,-1.2990259791435588,-3.216179323234981,0.31755920325562303,0.8252207700416998,9.783580734994406,0.013790524697362564,28,59,10.513752129254634,False,290.1365422067992,True,0.3509240266244154,False,0.026612246,False,False,1,WATCH,train
2026-09-15 11:06:33.117323+00:00,-1.2911620256853444,-3.2503000440647387,-0.06983251270412807,1.1477686061678611,9.784907034931006,0.014313940369055866,30,59,10.509277757952226,False,288.9355350915388,True,0.35849413386830264,False,0.037785247,False,False,1,WATCH,train
2026-09-15 11:11:34.991863+00:00,-1.303331930492654,-3.2410220098690403,-0.008873132086087225,-0.006196675220417654,9.785625925211539,0.013585122581543051,30,59,10.552421452133041,False,287.7009382158969,True,0.34809776038881945,False,0.02877,False,False,1,WATCH,train
2026-09-15 11:16:36.271904+00:00,-1.33073164101248,-3.2291646880543947,-0.13087392718040045,0.014911759523026329,9.784344262312935,0.010857664983268185,30,59,10.598285543037536,False,286.4314998046364,True,0.3663505666998753,False,0.014385466,False,False,1,WATCH,train
2026-09-15 11:21:39.772342+00:00,-1.2991674840922185,-3.2307941255367956,-0.46092644929971865,-0.6267021747221038,9.786700957688906,0.013628326100254672,29,59,10.661973371647363,False,285.134065330014,True,0.35436009210880487,False,0.04409706,False,False,1,WATCH,train
2026-09-15 11:26:33.077568+00:00,-1.3425118649712529,-3.2243789124455406,-0.8662786383017558,-0.4234521205156627,9.784811346270608,0.014487542541400443,30,59,10.566996267735162,False,283.8009122001299,True,0.3569819112941298,False,0.03305489,False,False,1,WATCH,train
2026-09-15 11:31:33.411597+00:00,-1.3160997042897988,-3.2546470280232884,-0.12333569996868868,0.14320745000055857,9.783875189491503,0.015771857415212726,29,59,10.581516060037773,False,282.44009127175116,True,0.3526762697000194,False,0.010361471,False,False,1,WATCH,train
2026-09-15 11:36:36.931947+00:00,-1.3178362799309298,-3.2427201250998436,0.15821844066556745,-0.6770455337272413,9.781125905561908,0.010624918300339367,30,59,10.820426283262089,False,281.0490028950363,True,0.37370557110713515,False,0.023958908,False,False,1,WATCH,train
2026-09-15 11:46:39.443056+00:00,-1.3353563043165353,-3.241332270766223,-0.01828737549382385,-1.0131816676748429,9.78557691013922,0.010954451150103277,30,59,11.019589714512861,False,279.59730646532665,True,0.3714811020703235,False,0.024560744,False,False,1,WATCH,train
2026-09-15 11:51:42.443853+00:00,-1.3119807610759768,-3.246596136190238,-0.2201669392895144,-0.3070295145305987,9.787692486305744,0.013887654266112938,27,59,10.73106638955525,False,278.1195630467274,True,0.354184782278547,False,0.043670043,False,False,1,WATCH,train
2026-09-15 11:56:34.587181+00:00,-1.3337277088425643,-3.2207544825868664,0.08632174987946434,-0.7917854210541017,9.786127043401235,0.014651565354832825,28,59,10.90204106712244,False,276.611379862061,True,0.3576925129181614,False,0.04797356,False,False,1,WATCH,train
2026-09-15 12:01:36.791803+00:00,-1.3126448931248849,-3.2232518489561826,0.26772898518484145,-1.826890103966463,9.768989503818188,0.06378285099347723,29,59,15.763839738621341,True,275.0779583332344,True,0.43197808126449694,True,0.78284764,True,False,4,WATCH,train
2026-09-15 12:06:33.451541+00:00,-1.3321403734062032,-3.2717948772012133,0.8018510320733144,-1.045369932513151,9.783213350515693,0.015423647068345618,30,59,11.285178284236023,False,273.51542715788827,True,0.37036390234547334,False,0.033227634,False,False,1,WATCH,train
2026-09-15 12:11:40.552607+00:00,-1.316512656672299,-3.263886439193513,0.3273133982748784,0.7170369792545217,9.78420326637051,0.015347819244295085,30,59,10.781720207206089,False,271.928174213133,True,0.363617406937717,False,0.038110163,False,False,1,WATCH,train
2026-09-15 12:16:43.127064+00:00,-1.3136361103983152,-3.2690560120877628,-0.3025175087610923,-0.6894425233750113,9.781575142636019,0.01444988057914267,29,59,10.656866511235592,False,270.3153848889235,True,0.3613141823000151,False,0.019964637,False,False,1,WATCH,train
2026-09-15 12:21:34.046707+00:00,-1.342676846548744,-3.23763347010209,-0.36222293151179713,-0.537181982903704,9.778454326601647,0.015384179141699242,23,59,10.518144679263644,False,268.67416907016707,True,0.3623520104518245,False,0.012253303,False,False,1,WATCH,train
2026-09-15 12:27:06.772847+00:00,-1.3371609697686144,-3.265519864640362,0.38201233144467556,0.9308626463042421,9.783327332891192,0.016777409856157152,27,59,10.899363867119485,False,267.0040298457642,True,0.37375645742542696,False,0.021923237,False,False,1,WATCH,train
2026-09-15 12:31:38.622133+00:00,-1.3197174108898533,-3.2584778885709067,0.051610892073533796,-1.458259522193344,9.782610404947524,0.013266499161421494,30,59,11.072236240828099,False,265.31659693946085,True,0.37320758603360327,False,0.02247791,False,False,1,WATCH,train
2026-09-15 12:36:40.606742+00:00,-1.3401988947670864,-3.291128174386855,-0.4408545409660411,0.016049772451708463,9.783544750893233,0.015006934584130209,29,59,10.60181928167162,False,263.60350103592043,True,0.36439353252153667,False,0.031228295,False,False,1,WATCH,train
2026-09-15 12:41:43.033216+00:00,-1.3509872579583473,-3.306155725914632,0.07995273481299797,0.6266443602146006,9.787097416349729,0.012413793103448194,29,59,10.809672329015042,False,261.8664310991212,True,0.37033253399189325,False,0.022682242,False,False,1,WATCH,train
2026-09-15 12:46:35.041848+00:00,-1.3497491095911491,-3.2729893994523693,-0.14599131610816132,-0.13361576992478,9.782580453647334,0.013085190950926964,30,59,10.610784317587337,False,260.1073411256196,True,0.3650012846609312,False,0.032760322,False,False,1,WATCH,train
2026-09-15 12:51:37.327813+00:00,-1.3322314155244874,-3.2632668997478094,0.9036663353876891,-0.013618358420156717,9.781051197643876,0.016058919293927814,30,59,11.069971330672576,False,258.328658949181,True,0.37289536952889674,False,0.02568873,False,False,1,WATCH,train
2026-09-15 12:56:39.852182+00:00,-1.332583083607049,-3.288960079727645,-0.5562803342911621,-0.3426506315588762,9.781064006223032,0.017275827655000416,29,59,10.68010340494926,False,256.52910271850584,True,0.37271714700213565,False,0.041740835,False,False,1,WATCH,train
2026-09-15 13:01:42.117539+00:00,-1.3552171936880602,-3.2757438812926485,-0.771982182385397,0.8656594780775848,9.785219704509322,0.011915277615979946,29,59,10.633398663677983,False,254.70691977216774,True,0.3827851619590441,False,0.011625532,False,False,1,WATCH,train
2026-09-15 13:09:55.393979+00:00,-1.3414451923016746,-3.28112999789608,-0.12121988998039625,-0.2227550682276137,9.784932215630912,0.015595583420386012,30,60,10.76679358787637,False,252.85540626151501,True,0.37014277766199705,False,0.0239201,False,False,1,WATCH,val
2026-09-15 13:14:57.767420+00:00,-1.3653317337651643,-3.2800652949034492,-0.11711505929231324,0.5396788969414813,9.78328376820781,0.012023125864580868,30,60,10.620984357154414,False,250.98292769853393,True,0.37526097637615613,False,0.025820434,False,False,1,WATCH,val
2026-09-15 13:19:59.752297+00:00,-1.3460996707114954,-3.298762608800793,1.4061599437133248,0.14013480297347952,9.782965275877634,0.013597385369580644,30,60,11.4235823570317,False,249.09488871557332,True,0.37860858747786824,False,0.016614283,False,False,1,WATCH,val
2026-09-15 13:25:02.343025+00:00,-1.3349080556685806,-3.281169192365311,-0.15113381343089938,0.21724624738071868,9.78013276979447,0.011180339887498893,30,60,10.55793415552165,False,247.1878282381465,True,0.3817251323361052,False,0.020329552,False,False,1,WATCH,val
2026-09-15 13:30:04.239060+00:00,-1.3467799850367248,-3.2857805179668675,0.9844278494489196,0.35937586288191736,9.780547697326952,0.014267697148673854,29,60,11.00479343605939,False,245.26340498527054,True,0.37482031408725147,False,0.036071587,False,False,1,WATCH,val
2026-09-15 13:34:56.272173+00:00,-1.3278005371867458,-3.279475013530065,1.4149544968127183,-0.40610346742271414,9.783454767091321,0.014985177861992618,30,60,11.5416307645472,True,243.32872120281428,True,0.3765668300269952,False,0.02706799,False,False,2,WATCH,val
2026-09-15 13:39:58.997597+00:00,-1.3462225306509812,-3.273533103827833,-0.6489724161633345,0.8592188890328364,9.783444325038685,0.015216949614017703,30,60,10.542705893982614,False,241.3772863609363,True,0.3742242143281688,False,0.027146809,False,False,1,WATCH,val
2026-09-15 13:45:00.742775+00:00,-1.3238431583320236,-3.286398995811483,-0.8881105208904829,0.3281061511894806,9.784151108732258,0.016763054614240155,30,60,10.631458468310221,False,239.41158175238309,True,0.3750228145399303,False,0.031371888,False,False,1,WATCH,val
2026-09-15 13:54:55.912725+00:00,-1.3383088965440504,-3.3022364794011763,0.1880988690276181,-0.6116128849717324,9.782099880739155,0.015351438586225855,30,60,10.802925522374546,False,237.4212794889196,True,0.36789378524116323,False,0.020664342,False,False,1,WATCH,val
2026-09-15 14:00:01.074131+00:00,-1.3551889586397465,-3.2796190924728723,-0.5406896362868072,-0.3062707000069937,9.785415383187036,0.013496817786745417,29,60,10.624900174659107,False,235.41516555862628,True,0.3687638408873606,False,0.025315732,False,False,1,WATCH,val
2026-09-15 14:04:59.653526+00:00,-1.3401513097739493,-3.311428390228878,-0.1422148696353046,-0.1735576560031072,9.782763565131935,0.013628326100254762,29,60,10.577717211355507,False,233.40199129049805,True,0.36863432111328764,False,0.014526927,False,False,1,WATCH,val
2026-09-15 14:10:01.948736+00:00,-1.355831903021996,-3.3081769498090017,0.0946185124104679,-0.2765293251570225,9.783437220354068,0.013535960336164556,30,60,10.686272309501634,False,231.37499313765798,True,0.3666270852050553,False,0.020734075,False,False,1,WATCH,val
2026-09-15 14:15:04.132574+00:00,-1.3251769613557605,-3.2950820011683466,-0.2837053609677995,0.593389285824849,9.784881492009763,0.011550437396168298,29,60,10.599912495941606,False,229.34209731093816,True,0.3783349566269687,False,0.025220547,False,False,1,WATCH,val
2026-09-15 14:19:56.277739+00:00,-1.3425808473903929,-3.2825610439565738,1.1504535070154729,0.6790528527431325,9.786461609307464,0.01530795000427331,30,60,11.358828450415137,False,227.3004818125956,True,0.37364307846481987,False,0.024290226,False,False,1,WATCH,val
2026-09-15 14:24:58.464625+00:00,-1.3387165794717222,-3.2828498347015675,0.5519694940477817,-0.6591809291094571,9.785082622884618,0.01164283279771522,30,60,11.044546396122207,False,225.25146808727527,True,0.3763340076104343,False,0.027813388,False,False,1,WATCH,val
2026-09-15 14:30:00.749227+00:00,-1.3697096620182994,-3.321827505638611,0.48244453436358253,0.5382871426133802,9.785202552921247,0.015998582167803494,23,60,10.93670510327126,False,225.7762165954493,True,0.368751007418533,False,0.030639563,False,False,1,WATCH,val
2026-09-15 14:35:33.147533+00:00,-1.3456497563963894,-3.3063566194787253,0.08095279897701756,0.2814286267957751,9.784595971848935,0.013466414046442731,27,60,10.620034415718754,False,226.33745901715224,True,0.3668398023883225,False,0.026556455,False,False,1,WATCH,val
2026-09-15 14:40:07.477825+00:00,-1.3307189362697691,-3.319590072197305,0.13572498413629835,0.7868409425120831,9.787770187478554,0.015597493624687696,29,60,10.855392237704017,False,226.8827372057401,True,0.3696792470641001,False,0.026573999,False,False,1,WATCH,val
2026-09-15 14:44:57.292395+00:00,-1.3602036936993969,-3.2716263372662726,-0.28866865692861593,-0.7788330298266626,9.780278300415189,0.014209239846921651,29,60,10.49909622263046,False,227.40940991027844,True,0.367581607070393,False,0.023986408,False,False,1,WATCH,val
2026-09-15 14:49:59.558072+00:00,-1.3418204785309078,-3.2868374681963286,-0.48099594997507417,-0.0229090567120656,9.78396655743493,0.014866068747318405,30,60,10.474181634688943,False,227.9203662567363,True,0.36914939203723596,False,0.04181812,False,False,1,WATCH,val
2026-09-15 14:55:01.655076+00:00,-1.3458136158594136,-3.27991686659446,-0.38794126684568314,-0.6262222307512312,9.783270947666574,0.013585122581543157,30,60,10.530781501187686,False,228.40999985803506,True,0.3692175715652741,False,0.03213481,False,False,1,WATCH,val
2026-09-15 15:00:03.928712+00:00,-1.3613196925989461,-3.2722180309614957,-0.4922957351585248,0.06978823350835035,9.783615372569516,0.016312932651744546,29,60,10.502837741157682,False,228.88172499498762,True,0.36884998871586533,False,0.016467795,False,False,1,WATCH,val
2026-09-15 15:05:06.443090+00:00,-1.3704994497703205,-3.2719314226016514,0.06810117930027508,0.1811150076114775,9.780574759063683,0.013151394742515648,28,60,10.383368456709386,False,229.3363398044594,True,0.3672234734134059,False,0.02230022,False,False,1,WATCH,val
2026-09-15 15:09:58.672834+00:00,-1.3625086052064417,-3.2910555345543586,-0.03471981538512766,0.36813148737283397,9.782467066100386,0.013870472662840453,29,60,10.430148364252771,False,229.7792472674125,True,0.3672307521354036,False,0.029539403,False,False,1,WATCH,val
2026-09-15 15:15:00.447789+00:00,-1.3594893412386893,-3.2754230414403205,0.34324169165131885,0.7666054456758639,9.783571283464315,0.012845232578665053,20,60,10.611464754776327,False,230.2002522604704,True,0.37149125996073135,False,0.028452694,False,False,1,WATCH,val
2026-09-15 15:20:02.851832+00:00,-1.3755282973369778,-3.2960373243414947,-0.32137290948837915,-0.18699925421877575,9.781102491538816,0.014761059883656271,30,60,10.35330925019621,False,230.60645649138897,True,0.3670100652696377,False,0.03870274,False,False,1,WATCH,val
2026-09-15 15:25:05.032473+00:00,-1.3873248409030468,-3.2533489241156475,0.634427348716981,0.07664286052343357,9.78002920951966,0.01295104597462048,28,60,10.589657413004655,False,230.99162329707366,True,0.369545016875059,False,0.020874599,False,False,1,WATCH,val
2026-09-15 15:29:57.302102+00:00,-1.367279652435181,-3.308381069769373,1.09470146027888,-0.38460259315560585,9.782188711527478,0.014383899044561442,29,60,11.103232584289346,False,231.3689428755382,True,0.37183253942191585,False,0.02770262,False,False,1,WATCH,val
2026-09-15 15:35:01.626581+00:00,-1.3790342233135828,-3.286648771949515,0.3510519828932472,-0.18844283560885086,9.781545676823008,0.015495294984822444,24,60,10.614433434127172,False,231.72419610760303,True,0.36621865149870586,False,0.048550617,False,False,1,WATCH,val
2026-09-15 15:40:03.804866+00:00,-1.3574112176138675,-3.2492476673225688,0.05279073687264023,-0.0001170908477298106,9.7810255004047,0.012594470598448003,29,60,10.331904348559657,False,232.05925709028483,True,0.36742587746292665,False,0.024453068,False,False,1,WATCH,val
2026-09-15 15:44:56.468738+00:00,-1.3812845228315342,-3.3124131646163724,-0.31692139534414715,0.4834392821447897,9.7822741855177,0.01590248058916865,30,60,10.397980392191124,False,232.38755413398542,True,0.3692738612569259,False,0.050089188,False,False,1,WATCH,val
2026-09-15 15:49:57.754420+00:00,-1.368415488747871,-3.31761806583288,0.019020798112704188,0.23578974425361882,9.78415856643578,0.012966617708250382,29,60,10.46736888405094,False,232.7001408781745,True,0.3703448946654543,False,0.037982747,False,False,1,WATCH,val
2026-09-15 15:54:59.709895+00:00,-1.375255525481134,-3.3032213604563254,0.8333724829870588,0.8791876563901386,9.78259623721411,0.013312741300452789,27,60,10.825156275626872,False,232.9951936478488,True,0.3782790389911662,False,0.024781542,False,False,1,WATCH,val
2026-09-15 16:01:12.350228+00:00,-1.35297280890229,-3.294542376950853,-1.8420491446588847,0.40202276644028434,9.78555070359562,0.016233178002255984,23,60,10.648052659232413,False,233.2670876155419,True,0.38769284166790474,False,0.028681725,False,False,1,WATCH,val
2026-09-15 16:05:04.323014+00:00,-1.3364081078815346,-3.3018446299318946,-0.9155945943484773,0.9924809248810611,9.780795439932119,0.015286381827880417,28,60,10.231538063955645,False,233.52710718148555,True,0.3819163596749905,False,0.024097903,False,False,1,WATCH,val
2026-09-15 16:09:56.539015+00:00,-1.3557849954322074,-3.309214244215184,-0.600160840509469,-0.921855049346475,9.785228737418768,0.014685593847940367,30,60,10.588412227393425,False,233.77536118608597,True,0.3787953342429564,False,0.028514786,False,False,1,WATCH,val
2026-09-15 16:14:58.210032+00:00,-1.3689797021481451,-3.281029214302223,0.38681191013613914,-0.8201418096698116,9.78464073270912,0.016694784050910582,29,60,10.948503677580202,False,234.0053202358072,True,0.3794981463939417,False,0.02380523,False,False,1,WATCH,val
2026-09-15 16:20:00.020470+00:00,-1.353053121777147,-3.3034200859858145,0.2681508738153601,-0.7831270673065203,9.785009395055054,0.01673320053068144,30,60,10.907363353281024,False,234.2191719704065,True,0.38048866632419515,False,0.05714051,True,False,2,WATCH,val
2026-09-15 16:25:01.969424+00:00,-1.366128241397526,-3.3036338023696845,0.13527405103449872,0.6750299578749149,9.78022692445281,0.014079141387961876,30,60,10.300895618412287,False,234.4179567667221,True,0.3783076604450836,False,0.016365567,False,False,1,WATCH,val
2026-09-15 16:30:04.894369+00:00,-1.3728391229304204,-3.294699837510868,0.8323571152741464,-0.41738076229044274,9.776996060435787,0.013094570021973046,27,60,10.567001899161285,False,234.60094919411182,True,0.3799218573028589,False,0.040540755,False,False,1,WATCH,val
2026-09-15 16:34:57.948930+00:00,-1.3830064120690475,-3.3058736540326263,-0.5243460445922415,-0.2958940122164464,9.783718247357015,0.013130643285972163,29,60,10.30360118197879,False,234.77327937617778,True,0.38116015268658654,False,0.020765902,False,False,1,WATCH,val
2026-09-15 16:39:59.009807+00:00,-1.3606323568660823,-3.303863868663869,0.8868800668610977,-1.4859601164284175,9.781240729636291,0.013190905958272832,20,60,11.144685165371316,False,234.93086677577844,True,0.391516709434705,False,0.02130025,False,False,1,WATCH,val
2026-09-15 16:45:01.216398+00:00,-1.3769507175175404,-3.307098880828778,-0.5085574235830352,-0.09529874849376345,9.785338689689741,0.014126413400278036,30,60,10.368630813575265,False,235.0716028400384,True,0.38411545712073447,False,0.038407512,False,False,1,WATCH,val
2026-09-15 16:50:02.574466+00:00,-1.3784183129562597,-3.274785179492046,-0.4089465328588599,0.5231862156246012,9.77972909377949,0.016063192688071798,29,60,10.184640364430637,False,235.19503505941455,True,0.3822792341935922,False,0.027880102,False,False,1,WATCH,val
2026-09-15 16:55:04.455864+00:00,-1.387180435288529,-3.2803673105671978,-0.28985533810036684,-0.8114545684792638,9.783897204880242,0.017911129535476567,29,60,10.748462909418521,False,235.3051739365508,True,0.3887058513750819,False,0.03377162,False,False,1,WATCH,val
2026-09-15 16:59:56.995795+00:00,-1.3854356401638677,-3.3125962051958497,-0.7813253669779914,0.20744242720108322,9.783488622441299,0.017088981646019023,29,60,10.429244865273409,False,235.4076179250268,True,0.3890509833254731,False,0.031413298,False,False,1,WATCH,val
2026-09-15 17:04:59.685263+00:00,-1.3713848256257521,-3.3140497225349983,-0.5715429927975562,0.6296295920131664,9.780205120515031,0.015511401178793951,27,60,10.161587724450689,False,235.49677437860487,True,0.38685488275836144,False,0.05366293,False,False,1,WATCH,val
2026-09-15 17:10:01.274315+00:00,-1.3813073450884608,-3.294671549150989,-0.317447207616777,-0.8701112574958872,9.783116945467638,0.01194431524477918,30,60,10.424705118045074,False,235.5681941183163,True,0.3936323791653975,False,0.03217216,False,False,1,WATCH,val
2026-09-15 17:15:04.363218+00:00,-1.3766905820801403,-3.285850257177372,0.7388310010327052,-0.033090846295559584,9.781856140522564,0.013496817786745394,29,60,10.663117461153874,False,235.62583893225087,True,0.39389212626193365,False,0.024786744,False,False,1,WATCH,val
2026-09-15 17:19:56.133331+00:00,-1.3840405452140305,-3.3152994393464277,-0.18051908538743885,-0.33967749894966937,9.78060856794828,0.013399834161494428,30,60,10.212141972904925,False,235.67629555131907,True,0.3881707505157818,False,0.020031765,False,False,1,WATCH,val
2026-09-15 17:24:57.881954+00:00,-1.3933937549594078,-3.304024834648447,1.468498401452758,-0.5689669773430048,9.783039595033433,0.015644487847161954,20,60,11.519814627940608,False,235.71319558334218,True,0.39736574008629577,False,0.029573858,False,False,1,WATCH,val
2026-09-15 17:29:59.655799+00:00,-1.3816634875645033,-3.306004154373679,0.29027123963954443,-0.436630593232419,9.782435944059756,0.014940623220676576,30,60,10.580544100025401,False,235.73812943968755,True,0.39156256381273885,False,0.037891045,False,False,1,WATCH,val
2026-09-15 17:35:01.850730+00:00,-1.3835787015525625,-3.307814631827035,-0.017371986016749375,0.861242383795193,9.78495981102278,0.014360439485691961,30,60,10.503891083941,False,235.74900649898268,True,0.39733081031225853,False,0.037381977,False,False,1,WATCH,val
2026-09-15 17:40:05.561663+00:00,-1.3903299734856416,-3.3183142437704856,0.16592464684800803,-0.2271343800242866,9.782627456865617,0.015374825385936496,29,60,10.543956524668443,False,235.74937392640055,True,0.39161898992629923,False,0.03528631,False,False,1,WATCH,val
2026-09-15 17:44:56.292269+00:00,-1.3700876891702878,-3.2864401320576286,0.623220855357737,-0.06041082360943336,9.780760039617896,0.013808210118138617,30,60,10.555489140952785,False,235.73751291181696,True,0.3951628702869782,False,0.027134422,False,False,1,WATCH,val
2026-09-15 17:49:58.462615+00:00,-1.381198512559835,-3.327391333547994,0.1555141220398799,0.8060345865391536,9.783020365892343,0.014681810363696753,30,60,10.510041723135439,False,235.71870044181298,True,0.3950681363258621,False,0.021848734,False,False,1,WATCH,val
2026-09-15 17:55:00.647284+00:00,-1.3874881846127773,-3.311133892169877,-0.28479767318537497,-0.9030822770360151,9.783045662410244,0.014360439485691932,30,60,10.493701121841521,False,235.68539821009728,True,0.3923365848850909,False,0.022334136,False,False,1,WATCH,val
2026-09-15 18:00:02.944003+00:00,-1.386058127569163,-3.299196625113914,0.30940672899422994,-1.3517506811946685,9.780501969357317,0.01536229149573714,30,60,10.813293953220644,False,235.6405113145576,True,0.3943284375768782,False,0.021537343,False,False,1,WATCH,val
2026-09-15 18:09:57.274439+00:00,-1.378960454064496,-3.314264145430363,0.3180070210217809,-0.6027274167856778,9.781188786965753,0.015477582354991783,30,60,10.643994108913178,False,235.5791958831279,True,0.3874370884369265,False,0.03781183,False,False,1,WATCH,val
2026-09-15 18:14:59.358901+00:00,-1.3766010480956956,-3.3012660821739783,-0.544860162133535,0.07039324638378491,9.782821166262044,0.013747727084867453,30,60,10.215609006686448,False,235.50705447183446,True,0.390447809819981,False,0.018329864,False,False,1,WATCH,val
2026-09-15 18:20:04.013006+00:00,-1.3848324975089812,-3.293264331624777,-0.2583568572145588,-0.2198503431689963,9.783955939307551,0.013999999999999964,30,60,10.391065690840442,False,235.42310063480488,True,0.389306636580464,False,0.024336241,False,False,1,WATCH,val
2026-09-15 18:25:03.834681+00:00,-1.3854113810554427,-3.3203448730839775,-0.5908613146800415,-0.8000607610040887,9.783877377742488,0.017151489814408068,29,60,10.715433983603035,False,235.33303070346545,True,0.3923386594458864,False,0.034035396,False,False,1,WATCH,val
2026-09-15 18:29:56.083359+00:00,-1.3773947750733853,-3.299718316430394,-0.28832079707380387,0.1793282552342333,9.783720668788467,0.015779733838059435,30,60,10.48601442319226,False,235.23407669000449,True,0.3865152270465927,False,0.026723977,False,False,1,WATCH,val
2026-09-15 18:34:58.168836+00:00,-1.388368271936973,-3.310627435958702,-0.11352549326962497,-0.8979445783246666,9.779728172862205,0.017515069102345158,29,60,10.692202268460555,False,235.127982041385,True,0.3887725100569862,False,0.03188984,False,False,1,WATCH,val
2026-09-15 18:40:02.298702+00:00,-1.372806003946582,-3.2949219188264456,0.05589169678326488,-0.4082857428884064,9.77937687711401,0.01464012750399845,30,60,10.35188421677381,False,235.0108822569359,True,0.3847394788305306,False,0.03355126,False,False,1,WATCH,val
2026-09-15 18:45:02.843019+00:00,-1.3802127894230933,-3.2913399127185192,-0.5300978980374789,0.3667068703071919,9.781491797513807,0.012948616399703274,30,60,10.137424202734884,False,234.88593383098348,True,0.39219557461218113,False,0.040753007,False,False,1,WATCH,val
2026-09-15 18:54:56.976846+00:00,-1.3903545957178736,-3.3134241224356775,0.5545886137843543,-0.06819468657288093,9.780585288239921,0.013921813267714724,29,60,10.620684430379058,False,234.7505740709086,True,0.3877500969623027,False,0.026257588,False,False,1,WATCH,val
2026-09-15 18:59:57.171663+00:00,-1.3834100979515305,-3.3009078389332203,0.2593903390577541,-0.3809398237857396,9.777711498488035,0.01326246044830501,28,60,10.303463238759665,False,234.60743960331143,True,0.3860262060411956,False,0.0284578,False,False,1,WATCH,val
2026-09-15 19:04:55.831376+00:00,-1.3737262615377372,-3.2885392966980898,-0.6232171693498961,-1.5053746341344263,9.783779358338048,0.014627537173085495,32,60,10.78684646939117,False,234.45689657027043,True,0.3946323458643244,False,0.012992326,False,False,1,WATCH,val
2026-09-15 19:10:02.940043+00:00,-1.4039315589418309,-3.3091437623332918,-0.004326967750920636,-0.8732223315393357,9.78427158889582,0.014126413400277978,30,60,10.746123197053182,False,234.30147368022688,True,0.3873872981160012,False,0.048669636,False,False,1,WATCH,val
2026-09-15 19:14:59.167152+00:00,-1.388000159246988,-3.3064751508070414,0.8109968825485838,0.31076069627854624,9.779824528950844,0.014456832294800898,30,60,10.805246787930296,False,234.1414438845312,True,0.3887644128234898,False,0.041492555,False,False,1,WATCH,val
2026-09-15 19:20:02.392702+00:00,-1.396303307010338,-3.2853784263658365,0.20694494449034279,-0.6285417879042373,9.780299083026117,0.013085190950926924,30,60,10.497516369155457,False,233.9732274268318,True,0.38675675422258754,False,0.01718738,False,False,1,WATCH,val
2026-09-15 19:25:00.804590+00:00,-1.4052506512638512,-3.2935372199903616,-0.027418618392393443,0.1576732444309635,9.78148179465691,0.016719914938645854,30,60,10.68014715605072,False,233.80115975924855,True,0.3842080023985043,False,0.026192563,False,False,1,WATCH,val
2026-09-15 19:30:02.771676+00:00,-1.3804535601587187,-3.294851986543598,0.8543078883445596,-0.10570161062542971,9.779965110859285,0.015163507931514792,21,60,10.955558782417611,False,233.6249216995177,True,0.38754386503601385,False,0.021371022,False,False,1,WATCH,val
2026-09-15 19:35:14.974408+00:00,-1.3795250560062238,-3.3256491185722687,-0.3503416325106943,0.7942631325680349,9.78140192520436,0.012646941539973129,27,60,10.290760069986389,False,233.4478265052649,True,0.3916828169125892,False,0.021552453,False,False,1,WATCH,val
2026-09-15 19:39:57.603077+00:00,-1.3957289365087462,-3.294755325719973,-0.429328911287762,0.09858839822213616,9.785493209806882,0.013597385369580698,30,60,10.52733080984646,False,233.2647612806709,True,0.38791332922738303,False,0.021552308,False,False,1,WATCH,val
2026-09-15 19:44:59.592858+00:00,-1.3865231622119196,-3.2890522005182277,0.4361254941912936,0.5014014557516201,9.780485341930866,0.015162087220725462,30,60,10.730043053936583,False,233.07785607517943,True,0.3873837739497396,False,0.040615745,False,False,1,WATCH,val
2026-09-15 19:50:01.995181+00:00,-1.4046042267527936,-3.2937520620995158,-0.8855081257074711,-0.0043891378761405,9.781044380187568,0.015289516743031228,29,60,10.380019180217154,False,232.88798723662737,True,0.386436984851565,False,0.03462966,False,False,1,WATCH,val
2026-09-15 19:55:04.795868+00:00,-1.39031285184851,-3.2999965955306503,0.9474326273121001,0.07411998396827546,9.782415594126794,0.013063945294843593,30,60,11.050672441312017,False,232.6962918698519,True,0.3921948300465442,False,0.026225183,False,False,1,WATCH,val
2026-09-15 19:59:55.694319+00:00,-1.382089867368381,-3.33069841728241,0.2452188725321455,-0.06796599819785007,9.78395852858529,0.013523221759398253,29,60,10.75972448791658,False,232.5059738612673,True,0.38786844728900877,False,0.038987044,False,False,1,WATCH,val
2026-09-15 20:04:59.754644+00:00,-1.377598223432207,-3.2912001307800045,0.0805559975420902,0.22042021017836558,9.778556389809562,0.013323467750529719,26,60,10.328615554620164,False,232.30993259466928,True,0.3871256578961491,False,0.015319328,False,False,1,WATCH,val
2026-09-15 20:10:04.273468+00:00,-1.3862860931642393,-3.3193086002128007,0.2559684658209616,-0.6942240017115803,9.784430319742116,0.015818975946628074,25,60,11.123175493032274,False,232.11506589836475,True,0.384885711807753,False,0.024741746,False,False,1,WATCH,val
2026-09-15 20:19:57.777201+00:00,-1.3934981169795668,-3.3157414779822187,0.10599919488837009,0.11294617193180335,9.782923789861979,0.012240165068481888,29,60,10.587373284127061,False,231.91840869384774,True,0.38993803076493255,False,0.04037705,False,False,1,WATCH,val
2026-09-15 20:24:58.957205+00:00,-1.3757152234690035,-3.321539837398697,0.41609219626156907,-0.8915051569402856,9.782859706368122,0.012827920936595823,30,60,10.955193196365016,False,231.7220627585647,True,0.38979254469683394,False,0.03007965,False,False,1,WATCH,val
2026-09-15 20:30:03.911916+00:00,-1.3855437400069965,-3.3057191584495174,0.1385252907028745,-0.58384926352027,9.781345052358686,0.013372909951493246,29,60,10.68445588549627,False,231.5243124259607,True,0.38622509309363634,False,0.033742033,False,False,1,WATCH,val
2026-09-15 20:35:08.131242+00:00,-1.3886373744231195,-3.322983517366956,-0.29170709572397757,1.4301019911854758,9.782980422619588,0.01817458392057076,27,60,11.223035841832234,False,231.32885007408052,True,0.3985517851478316,True,0.040970165,False,False,2,WATCH,val
2026-09-15 20:40:01.111943+00:00,-1.3774232041243626,-3.306240058954714,0.835801349142808,0.7202267136887717,9.78230984436743,0.015438048235879201,30,60,11.284626477848523,False,231.13265435693214,True,0.39043026200203634,False,0.038531717,False,False,1,WATCH,val
2026-09-15 20:45:04.433204+00:00,-1.3988964897906224,-3.299344199762091,-0.18238035609294367,-0.2745016132500991,9.781463971275132,0.015101716165833121,29,60,10.687111913832343,False,230.937086310363,True,0.382521542748527,False,0.032244198,False,False,1,WATCH,val
2026-09-15 20:50:01.075211+00:00,-1.3715814306537613,-3.2954930733695655,-0.153250458549231,-0.221773645283517,9.781420000899347,0.01333749934916163,30,60,10.533435388588,False,230.74282647759532,True,0.3851376770279817,False,0.023724826,False,False,1,WATCH,val
2026-09-15 20:55:00.379687+00:00,-1.3953235588555657,-3.311390854921855,0.3449238517884458,0.16872776869219608,9.780530299284605,0.012547509713086576,25,60,10.6403499651858,False,230.55222398039618,True,0.38769783174081945,False,0.037740245,False,False,1,WATCH,val
2026-09-15 21:00:54.192150+00:00,-1.3863261638538018,-3.308201360481462,0.10363186779565163,0.27426422968242203,9.780881943836093,0.01368672308804728,24,60,10.622379316880458,False,230.36374573963914,True,0.3876956948218208,False,0.043010883,False,False,1,WATCH,val
2026-09-15 21:05:01.982224+00:00,-1.400161687431649,-3.290085554011894,0.411067640580779,-1.3456527996603134,9.780719732415754,0.01767052134526747,29,60,11.532132296306326,False,230.17627335249918,True,0.3939633131985987,False,0.025312562,False,False,1,WATCH,val
2026-09-15 21:10:03.047196+00:00,-1.3972930840274762,-3.317668688764419,0.30722338891217393,0.2168156537379301,9.781641517231032,0.013597385369580715,30,60,10.784065313497582,False,229.9947458513985,True,0.38859721808357234,False,0.0116534475,False,False,1,WATCH,val
2026-09-15 21:15:00.312916+00:00,-1.3867872519630837,-3.320029991665327,0.1951714184359994,-0.11345106022541662,9.779047590328991,0.01598957994028187,30,60,10.853796135936909,False,229.81701306044582,True,0.38711892428173933,False,0.035471413,False,False,1,WATCH,test
2026-09-15 21:20:03.432404+00:00,-1.3554505348102217,-3.33218356863514,-0.05092034379734573,-0.07059144727781579,9.778946548477563,0.016563010998406378,30,60,10.817024387511903,False,229.6444223549626,True,0.3880671390132165,False,0.029275285,False,False,1,WATCH,test
2026-09-15 21:25:04.812556+00:00,-1.3766094298883134,-3.304414217670685,0.09113044598420897,0.06695276952047463,9.780715666903243,0.015198516307823649,28,60,10.802896287787995,False,229.47335079568205,True,0.3868595386498604,False,0.014197782,False,False,1,WATCH,test
2026-09-15 21:29:55.707205+00:00,-1.3611356342377183,-3.331140836425581,0.4052454100788046,-0.887948297776991,9.781173792485063,0.016666270308406242,29,60,11.342623596502888,False,229.30864852529996,True,0.38957814635428356,False,0.030396886,False,False,1,WATCH,test
2026-09-15 21:35:01.066874+00:00,-1.3927155226488128,-3.299895193606661,-0.9071678597150249,0.20283409220372794,9.780124867306801,0.014696938456698987,30,60,10.469895246922754,False,229.1468063743618,True,0.38893204860258757,False,0.03274176,False,False,1,WATCH,test
2026-09-15 21:39:59.771731+00:00,-1.3876561139953174,-3.2904350311729202,0.9761657021195547,0.08627998492043001,9.780272042620151,0.013518505834595676,20,60,11.160364069353502,False,228.9882957420314,True,0.39112469672182326,False,0.021913493,False,False,1,WATCH,test
2026-09-15 21:45:02.492263+00:00,-1.3825314809533824,-3.3217757465812277,0.35054309110790566,-1.0632551611976,9.784996468657505,0.014468166655277457,27,60,11.358457557632276,False,228.83976208394526,True,0.3911992899647781,False,0.028486855,False,False,1,WATCH,test
2026-09-15 21:49:59.122818+00:00,-1.3916169443649675,-3.294601853382598,-0.2609511194871546,-0.5471709849533033,9.782951344795887,0.015398009352942062,29,60,10.933912556102207,False,228.69336019524562,True,0.38501412723355183,False,0.039350074,False,False,1,WATCH,test
2026-09-15 21:55:02.233106+00:00,-1.3863790363062882,-3.307775865483788,-0.33631801913216386,-0.2037394617223315,9.781417630461561,0.015380362660079035,30,60,10.773789630980994,False,228.5559687944607,True,0.3855948724102705,False,0.033397965,False,False,1,WATCH,test
2026-09-15 22:00:02.392156+00:00,-1.3781951113328692,-3.3132225417678294,-1.0392187231581527,-0.6689457341754174,9.78324081617724,0.015198516307823647,28,60,10.847877838292543,False,228.42591740389926,True,0.39059116569008767,False,0.018970953,False,False,1,WATCH,test
2026-09-15 22:04:59.752520+00:00,-1.390725954752064,-3.3125904847955336,0.07739002899932455,-0.18354948228602083,9.781045388992249,0.015195906576917644,29,60,10.888021190822064,False,228.30148848102505,True,0.38664630429163804,False,0.03222139,False,False,1,WATCH,test
2026-09-15 22:09:57.231323+00:00,-1.3902821039829238,-3.32027128320294,-0.3797943583976456,-0.3172842532613425,9.782721256249447,0.013488004976281304,29,60,10.673080533855464,False,228.1852427278311,True,0.3886530871880868,False,0.024490084,False,False,1,WATCH,test
2026-09-15 22:14:57.971694+00:00,-1.3908754298943566,-3.3359430816278204,-0.7041154490656794,0.3081029124604466,9.785192739151222,0.014544949486180915,30,60,10.812121120047403,False,228.07831825061962,True,0.39196873659349013,False,0.015301015,False,False,1,WATCH,test
2026-09-15 22:19:57.911063+00:00,-1.3605679754675053,-3.307430107907707,0.222278441056638,0.4576393695804352,9.78524760931965,0.01334395835162092,28,60,10.973313842032706,False,227.9766351145509,True,0.3934705697906129,False,0.023278523,False,False,1,WATCH,test
2026-09-15 22:26:30.096050+00:00,-1.37914257076411,-3.3086493645984896,0.5613071790955179,-1.063405952663536,9.78919837207366,0.01208304597359452,20,60,11.540833177963492,True,227.8869578516908,True,0.3998118289188062,True,0.024476944,False,False,3,WATCH,test
2026-09-17 06:30:47.894063+00:00,-1.3328231632044734,-3.3919678224752916,0.5120814739134298,-1.1178705506395055,9.788806903746377,0.016511813952440193,25,61,10.416418120922181,False,229.18683947160295,True,0.3581384474512961,False,0.0315159,False,False,1,WATCH,test
2026-09-17 06:40:54.393742+00:00,-1.3195040377116813,-3.358345597425032,0.6028025899902314,1.1105881203810481,9.781798593331079,0.024298102913861776,27,61,10.962498883899421,False,230.4993546508739,True,0.3805316461143747,False,0.09955563,True,False,2,WATCH,test
2026-09-17 08:32:27.941813+00:00,-2.1959609531713293,-4.7312476056958195,0.241018488455822,-3.1830168513246644,9.78682002294956,0.028596354300678594,26,62,14.089752514887214,True,232.03062497744148,True,0.38751299474753365,False,0.1300395,True,False,3,WARNING,test
2026-09-17 08:42:34.453886+00:00,-2.186080107999704,-4.842010144064187,0.18406770909224116,-1.985747307641629,9.803435941304313,0.020424489303617992,26,62,13.128796544122563,True,233.571160356701,True,0.3699609291531938,False,0.04443299,False,False,2,WARNING,test
2026-09-17 08:47:28.247557+00:00,-2.231603901030614,-5.0244545954221245,-0.00999904288665272,-2.5534096691530634,9.799219374460526,0.021052843566184146,30,62,13.420424655386626,True,235.12846147838917,True,0.3725100945541178,False,0.035382412,False,False,2,WARNING,test
2026-09-17 08:52:30.616117+00:00,-2.21087249272208,-5.078724738442322,-0.15368990105059327,1.4238217708196474,9.802464129454403,0.022654257891715473,31,62,12.774276296502645,True,236.68934288183746,True,0.371639503637289,False,0.08128994,True,False,3,WARNING,test
2026-09-17 08:57:28.397692+00:00,-2.2064208538709673,-5.221054322386168,-0.5574216739205096,-0.10125605917486025,9.80249627152803,0.014966629547095758,30,62,11.998918099948227,True,238.2622299846178,True,0.34668217572271026,False,0.05535541,False,False,2,WARNING,test
2026-09-17 09:02:30.385284+00:00,-2.2083866709903495,-5.230312090786167,-0.2697635675396705,-0.4669453412870107,9.801971055708755,0.014236104336041758,30,62,12.099394626856638,True,239.83344981146328,True,0.3469031768444358,False,0.040052768,False,False,2,WARNING,test
2026-09-17 09:07:34.733051+00:00,-2.196184290162027,-5.239608083475943,1.0840281287508133,-0.16520285880305763,9.79889753833608,0.01406979685970871,28,62,12.551567998227595,True,241.40263339212976,True,0.35042750834943676,False,0.017479582,False,False,2,WARNING,test
2026-09-17 09:12:36.511954+00:00,-1.9954456370801932,-5.084900489081401,0.06854671605620798,0.8836768712498969,9.802637435520309,0.016146649364939047,28,62,12.114169690033654,True,242.95301913251117,True,0.35036797774283374,False,0.038188834,False,False,2,WARNING,test
2026-09-17 09:17:36.861241+00:00,-1.9866113630151787,-5.205450158079118,0.16569837072534702,-1.9518979136947678,9.805136540342547,0.019261513885459863,26,62,13.345124870337575,True,244.51174594337996,True,0.3684751327599883,False,0.024501067,False,False,2,WARNING,test
2026-09-17 09:27:30.289740+00:00,-1.9809420988322364,-5.220580354141927,0.4942677659480434,0.947783986273381,9.808676737429758,0.014935453674281202,29,62,12.601091070365827,True,246.0634698158073,True,0.3509850977435067,False,0.029882278,False,False,2,WARNING,test
2026-09-17 09:32:38.146872+00:00,-1.957030339944813,-5.236473254494092,-0.01730003060875482,0.7283384171933921,9.807873682417656,0.015860503004493737,30,62,12.443229277252982,True,247.61197746616747,True,0.34858668229639767,False,0.03463507,False,False,2,WARNING,test
2026-09-17 09:37:34.013733+00:00,-1.9731181478442976,-5.256015658734051,-0.4147742807010557,0.40133332568159447,9.806342016052518,0.015405626677721804,30,62,12.291759629196399,True,249.15727193164145,True,0.3480456902104608,False,0.022811003,False,False,2,WARNING,test
2026-09-17 09:42:36.702712+00:00,-1.9710623169026804,-5.232599723396912,0.03779343814714715,0.27682985501469387,9.805696748934587,0.01134267876096455,29,62,12.292357745712335,True,250.69470080659283,True,0.3556360198632949,False,0.021963825,False,False,2,WARNING,test
2026-09-17 09:47:28.141449+00:00,-1.9838822325576129,-5.24079466313243,-0.10832035462710461,-0.10302252710245081,9.804731043356622,0.012999999999999992,30,62,12.290460723154093,True,252.22706662456548,True,0.34675673952196745,False,0.025443321,False,False,2,WARNING,test
2026-09-17 09:52:32.307416+00:00,-1.9990345126420128,-5.232040703045139,-0.04021306038584945,-0.8393486017312665,9.80188618307591,0.015216949614017752,30,62,12.495332603370223,True,253.75232174456463,True,0.350481440207969,False,0.027999597,False,False,2,WARNING,test
2026-09-17 09:57:32.915590+00:00,-2.0117063943190185,-5.188997648039274,0.07561212313689866,0.8163903402832188,9.8076633993358,0.016158424259692314,26,62,12.577613685976173,True,255.26668854649878,True,0.3501885298093584,False,0.027044855,False,False,2,WARNING,test
2026-09-17 10:07:36.820899+00:00,-1.9928696905754972,-5.17275978227682,-0.8778228108749001,0.5141187842832511,9.804922837987988,0.014880476182856935,28,62,12.23026391014729,True,256.76521942757967,True,0.353311328632207,False,0.045244984,False,False,2,WARNING,test
2026-09-17 10:12:31.709981+00:00,-1.9967197016028528,-5.1728999899964885,0.3413159260812309,-0.2279402242848292,9.808324958682375,0.015661437106629098,28,62,12.807971312496582,True,258.25614462163014,True,0.34964950758846053,False,0.014050569,False,False,2,WARNING,test
2026-09-17 10:17:31.529509+00:00,-1.9973074718991706,-5.174790441202784,-0.4713381492726071,0.7257955659335403,9.808316574075574,0.016342062911824575,29,62,12.537909608474314,True,259.739301739519,True,0.3534814938274252,False,0.027309375,False,False,2,WARNING,test
2026-09-17 10:22:37.405198+00:00,-1.9988641249395063,-5.17545466519658,0.2575834554889831,-0.889881431412212,9.805717649108903,0.013148721948877376,30,62,12.77250320154587,True,261.2142347162427,True,0.3545004612703898,False,0.03133516,False,False,2,WARNING,test
2026-09-17 10:27:38.475486+00:00,-2.013393180564702,-5.19659605599998,-0.10613159016127192,0.29873416786705476,9.80372663378755,0.018174857462631824,26,62,12.66225676518987,True,262.68266042968696,True,0.35560474627100486,False,0.03945565,False,False,2,WARNING,test
2026-09-17 10:32:28.095194+00:00,-1.9841861488220207,-5.191888914474315,0.47186809439154426,-1.5573898610172472,9.810342982775337,0.014693951425835062,27,62,13.400524928284137,True,264.14167015576123,True,0.3612212662549226,False,0.044236667,False,False,2,WARNING,test
2026-09-17 10:37:31.991235+00:00,-2.002339523741182,-5.18329112784268,-0.05285185337532235,-0.09504239720159509,9.806361679719698,0.013978846993414996,28,62,12.572316261703767,True,265.5905538586086,True,0.3503745379321236,False,0.02882332,False,False,2,WARNING,test
2026-09-17 10:42:32.626855+00:00,-2.007473675341834,-5.183930682055731,-0.44570311427049386,-0.2953814859482857,9.809496031004045,0.01648669841083402,28,62,12.79670178555836,True,267.02991789948635,True,0.3532123362319316,False,0.023944464,False,False,2,WARNING,test
2026-09-17 10:47:29.805061+00:00,-2.0082473578325186,-5.198179778491941,-0.7276212454787834,-1.1502483801102203,9.810095983833126,0.014982983545287917,21,62,12.96489687965944,True,268.4608101506335,True,0.35885365797494917,False,0.03069267,False,False,2,WARNING,test
2026-09-17 10:52:37.115682+00:00,-2.0120147016298264,-5.196222002934389,0.3428576731337158,-0.5774598722687111,9.806075091901064,0.01752185657367249,29,62,13.086194878074107,True,269.8813033968827,True,0.3566779691096591,False,0.030170368,False,False,2,WARNING,test
2026-09-17 10:57:28.329859+00:00,-2.016583320697121,-5.203509235495136,1.2222930269748673,0.23228492543303203,9.80895007148005,0.010739594139584568,29,62,13.368136135924853,True,271.29201889312304,True,0.37517433594853816,False,0.019333709,False,False,2,WARNING,test
2026-09-17 11:02:30.445483+00:00,-1.9880893654286027,-5.178062086300515,-0.15788088637579298,0.737456061765064,9.80767449329306,0.014523751509415699,29,62,12.628874089226366,True,272.6893875519746,True,0.35767414138724024,False,0.04030362,False,False,2,WARNING,test
2026-09-17 11:07:35.077115+00:00,-1.993165988761487,-5.204108453573191,0.14189901953682768,-0.5543119066937444,9.808505403750523,0.01669478405091067,29,62,13.077154669570074,True,274.0782630083681,True,0.3586032996294024,False,0.028547876,False,False,2,WARNING,test
2026-09-17 11:12:34.581572+00:00,-2.030240141758847,-5.160214105340212,-0.3665661194063172,0.394866984291679,9.802848091910906,0.013619598384918287,29,62,12.402083499166224,True,275.4513682659339,True,0.35898601824460713,False,0.02622008,False,False,2,WARNING,test
2026-09-17 11:17:37.286222+00:00,-2.007483098940231,-5.2050523912181195,-0.17536466504039375,0.8469139099692705,9.808803953327844,0.015402756180605619,28,62,12.784322365318543,True,276.8172892672551,True,0.3588048449396834,False,0.022869742,False,False,2,WARNING,test
2026-09-17 11:22:29.226653+00:00,-2.0177253936983224,-5.215331843194846,0.2945347381603139,0.8838682564713205,9.807508533232578,0.01174260996920569,30,62,12.830510044423649,True,278.1722959857332,True,0.3681825819186731,False,0.029487,False,False,2,WARNING,test
2026-09-17 11:27:33.491465+00:00,-2.0222435896798565,-5.18927055813688,0.05539777795804994,1.0212554606260928,9.803209362578913,0.020408161493764128,24,62,13.083349253021208,True,279.512485998218,True,0.37449532102408717,False,0.040136795,False,False,2,WARNING,test
2026-09-17 11:33:13.736695+00:00,-1.9889514005955533,-5.21238413966204,-0.5187705506114786,-0.331982686919028,9.80892396023878,0.013389919373484029,26,62,12.787582007716535,True,280.8399823165177,True,0.36007238089616606,False,0.018273477,False,False,2,WARNING,test
2026-09-17 11:37:36.726661+00:00,-2.027331834252507,-5.212802298523075,0.41843170056008894,-0.4051280344738184,9.806380630061824,0.013488004976281408,29,62,13.005959214662857,True,282.1573112528904,True,0.35991775541046916,False,0.031522777,False,False,2,WARNING,test
2026-09-17 11:42:28.761300+00:00,-1.9974511174951732,-5.191658487808849,-0.4390395486664375,-0.1797997317511186,9.804264850115656,0.01332482721869836,28,62,12.600088511433574,True,283.4595385105185,True,0.36126341916766846,False,0.026376551,False,False,2,WARNING,test
2026-09-17 11:47:35.487391+00:00,-1.9999476460811545,-5.177048082234074,-0.8955739187253554,0.12930094991371838,9.806053287829728,0.014466328940277991,29,62,12.611351648175006,True,284.7470704228466,True,0.3663778042493593,False,0.021626085,False,False,2,WARNING,test
2026-09-17 11:52:32.428797+00:00,-2.0110697450384074,-5.202992057786712,-0.8791598550366434,-2.2073193542888205,9.808915772449879,0.01962181461386521,31,62,13.861740900556429,True,286.02371961596714,True,0.38964558501083923,False,0.03171908,False,False,2,WARNING,test
2026-09-17 11:57:38.702490+00:00,-2.0201715814149224,-5.2376814144787796,-0.41709722711005964,0.44172530595629067,9.807026462937491,0.017170395604268973,26,62,12.895061774941336,True,287.29012619697056,True,0.36967279509646334,False,0.02920069,False,False,2,WARNING,test
2026-09-17 12:02:35.658176+00:00,-2.0479097499325962,-5.178765745111409,0.2911096695723175,-1.3493093801134697,9.804267042493173,0.015040685563571353,30,62,13.244692284600568,True,288.53670808752156,True,0.3732729543167391,False,0.04083901,False,False,2,WARNING,test
2026-09-17 12:07:30.686996+00:00,-2.014517024143748,-5.213829695489681,0.29817794428689715,0.4857464795610983,9.804665436773885,0.013715297794035469,29,62,12.835175756548747,True,289.7726367049228,True,0.36722588661474415,False,0.02748388,False,False,2,WARNING,test
2026-09-17 12:12:33.972152+00:00,-2.024749445790352,-5.217755777526726,0.39259652832459296,0.21741208669983997,9.80573532867859,0.012990381056766606,20,62,12.937784590795511,True,290.99458619437354,True,0.3711059147387687,False,0.014220859,False,False,2,WARNING,test
2026-09-17 12:17:43.235202+00:00,-2.013305206609594,-5.234609999825408,0.6972012188227162,-0.5665732428069832,9.808458210003439,0.017284832429004547,27,62,13.544587233417767,True,292.20364141650833,True,0.3743118024695394,False,0.021165825,False,False,2,WARNING,test
2026-09-17 12:22:32.414543+00:00,-2.0202672886090145,-5.218033309947841,0.10259652361636254,0.03473931519862929,9.81148086739108,0.018127769442873743,31,62,13.359911764946611,True,293.3962611326664,True,0.3741854392900107,False,0.021090472,False,False,2,WARNING,test
2026-09-17 12:27:37.255329+00:00,-2.016499825560714,-5.213069301447901,0.4112910905698842,0.5043735300909926,9.809494993287299,0.014474546111596799,29,62,13.136927410083441,True,294.5734127115393,True,0.3721937836605387,False,0.03147691,False,False,2,WARNING,test
2026-09-17 12:32:29.699624+00:00,-2.036911001183665,-5.221715803600112,-0.7021666653628243,0.7016136439807032,9.807176161463406,0.013552618543578782,28,62,12.722130473748406,True,295.7362703070622,True,0.3756929089724843,False,0.022898596,False,False,2,WARNING,test
2026-09-17 12:37:32.268780+00:00,-2.010674920593696,-5.181463375569269,-0.3001738528758522,-0.9359629508194347,9.809036657460654,0.018061622912192116,30,62,13.32569101509351,True,296.8797682097229,True,0.3806796436694715,False,0.047717277,False,False,2,WARNING,test
2026-09-21 06:29:13.348882+00:00,-10.685437977288217,-25.946302386499575,0.3257212500352873,0.1122338468833755,9.776857625183004,0.014725377234348847,28,64,25.267374990508806,True,300.43201557746187,True,0.36899082453152743,False,0.040326886,False,False,2,WARNING,test
2026-09-21 06:39:17.604262+00:00,-10.643452010836489,-25.972880590808646,-0.333794893536429,0.07496347898596202,9.783899919257681,0.015336364681131386,28,64,25.439654254049433,True,304.00304665608405,True,0.3710745405009077,False,0.05095003,False,False,2,WARNING,test
2026-09-21 06:44:20.423107+00:00,-10.656741646796023,-26.003137421876172,0.5150234846663544,-0.346583813729653,9.79110198694753,0.014466328940277827,29,64,26.1331276748886,True,307.5846602395199,True,0.3695514712991897,False,0.025721043,False,False,2,WARNING,test
2026-09-21 06:49:21.587258+00:00,-10.613477978367033,-25.91644765345859,0.7828356312458269,3.7461879282335486,9.788440622590743,0.01838525908110325,26,64,26.440916840844032,True,311.164827334587,True,0.39828515003161596,True,0.03674771,False,False,3,WARNING,test
2026-09-21 06:54:13.427345+00:00,-10.610894851522337,-25.897862678782435,-0.2051774629373688,-2.651508511321303,9.79202637643365,0.017026123718829583,30,64,26.737351502533286,True,314.75000920705656,True,0.38767748300132066,False,0.031931058,False,False,2,WARNING,test
2026-09-21 06:59:16.119497+00:00,-10.60459989626526,-26.010884916602365,0.6572024108497523,-1.6825486944875696,9.792136408797921,0.014064324108183266,27,64,26.61731150386699,True,318.3530101661983,True,0.37942531337751795,False,0.024851613,False,False,2,WARNING,test
2026-09-21 07:04:23.309325+00:00,-10.59223831750987,-26.002943652260154,0.338718697935716,-0.8200411381528805,9.788259166941819,0.015551100755055152,28,64,26.17072154322258,True,321.96138996628537,True,0.37151042457851213,False,0.02740949,False,False,2,WARNING,test
2026-09-21 07:09:15.150048+00:00,-10.450350507855669,-25.904348578903594,0.7151481093617347,1.343971438200859,9.790831418704997,0.013039601891230868,31,64,25.934808578126884,True,325.56573451849016,True,0.38061335651652944,False,0.04236951,False,False,2,WARNING,test
2026-09-21 07:14:32.909207+00:00,-10.46099950188509,-25.947094071803903,0.27452315140263844,0.6952670677557876,9.786518667538612,0.015162584807747216,27,64,25.77107237807554,True,329.1798120535568,True,0.37059567807409804,False,0.056297872,True,False,3,WARNING,test
2026-09-21 07:21:45.247887+00:00,-10.454440488182218,-25.91196541856217,0.6471600272291946,-0.9292448148719017,9.796987825913789,0.014951367854261313,29,65,26.659949002664504,True,332.7974195869705,True,0.3749465653233439,False,0.022807669,False,False,2,WARNING,test
2026-09-21 07:26:48.245128+00:00,-10.45920194208344,-25.942209499550934,-0.5666084963015579,0.050263398174070925,9.787309323847367,0.010527129325844072,29,65,25.461165569961818,True,336.4226434552298,True,0.3900249804593218,False,0.024156338,False,False,2,WARNING,test
2026-09-21 07:31:49.719913+00:00,-10.461248282236214,-25.9533816221015,-0.3656009831868824,-0.26374613667099467,9.797206766960526,0.012893047652303487,29,65,26.104883597644346,True,340.05321242154236,True,0.37260029946532275,False,0.020377062,False,False,2,WARNING,test
2026-09-21 07:36:52.129802+00:00,-10.458388729784103,-25.90608011202825,-0.07794468303671852,0.7528479134451328,9.787775030825303,0.016587604787318196,29,65,25.860595130102286,True,343.6829155061128,True,0.37309608599258076,False,0.037157945,False,False,2,WARNING,test
2026-09-21 07:41:53.984305+00:00,-10.472970590815327,-25.91988640541074,0.32094979005612173,0.6459995414782767,9.79368987885712,0.015497695681247986,28,65,26.236819523767476,True,347.317490638865,True,0.37233697177035135,False,0.03924595,False,False,2,WARNING,test
2026-09-21 07:46:46.367438+00:00,-10.484116140813384,-25.948842781134708,0.06618396854219172,0.2510369879780426,9.796296874311512,0.013146843962443621,27,65,26.206636752298746,True,350.95808115795865,True,0.37132508275914133,False,0.010768674,False,False,2,WARNING,test
2026-09-21 07:51:49.254397+00:00,-10.445237318556176,-25.947274086890655,-0.09706775134109892,-0.7147093332758971,9.796898532978684,0.013014905113063233,28,65,26.362549233016725,True,354.60126422564144,True,0.37422921559070405,False,0.04841064,False,False,2,WARNING,test
2026-09-21 07:56:51.433851+00:00,-10.430892111229527,-25.93059151586435,1.1067120649787376,0.4073724317136294,9.792863052578493,0.012383891479481693,27,65,26.483276847394137,True,358.24515586177137,True,0.37907032627342874,False,0.021070288,False,False,2,WARNING,test
2026-09-21 08:06:50.776628+00:00,-10.448046387248242,-25.923085263355127,-0.6479805873243084,-0.4133283172104117,9.791430430419181,0.012457026723616768,26,65,25.9445095376004,True,361.89192399793455,True,0.37676859341375113,False,0.03568358,False,False,2,WARNING,test
2026-09-21 08:11:56.673651+00:00,-10.448199213959695,-25.94942588607673,0.3871314135251546,0.8736784863210564,9.792709088653918,0.01126905837128843,29,65,26.151131468182097,True,365.54257370839986,True,0.3869461351803042,False,0.019226756,False,False,2,WARNING,test
2026-09-21 08:16:45.323897+00:00,-10.443639840817022,-25.95027286220995,0.9707094492353064,-0.37815294035191044,9.79233465372934,0.013076923076922996,26,65,26.65888958403724,True,369.19418022666525,True,0.37716760336583527,False,0.018749226,False,False,2,WARNING,test
2026-09-21 08:21:46.584092+00:00,-10.372419379259407,-25.91104161641828,0.6267962111606882,-0.09430230796804118,9.797325273088346,0.01449658206724511,27,65,26.715434077450002,True,372.8423608156472,True,0.3737297765024598,False,0.028948972,False,False,2,WARNING,test
2026-09-21 08:26:54.918459+00:00,-10.376737610121834,-25.88541339815444,-0.415805459095783,1.040817964056742,9.794556677541676,0.015811388300841903,28,65,26.181308610667006,True,376.4880973075452,True,0.3785216955254468,False,0.038254883,False,False,2,WARNING,test
2026-09-21 08:31:59.978819+00:00,-0.4202151789406284,-42.03608273795069,266.58460741408777,-430.7188004048672,9.672566496473236,2.9221918337476285,37,65,898.1425495247504,True,381.7476412710437,True,0.6755607518934665,True,9.313558,True,False,4,WARNING,test
2026-09-21 08:36:57.873444+00:00,3.0780068634102276,-47.70221064841743,51.94906136575276,-87.33242184405688,9.635953085262502,3.096833984210079,41,65,190.66396935567337,True,387.5728094699487,True,0.6301476027580613,True,10.911081,True,False,4,ALARM,test
2026-09-21 08:41:47.054166+00:00,2.6791592839731857,-47.19654876629658,275.31444187537744,-451.1758951811692,9.640949108597425,3.086115979145096,35,65,935.6299621358394,True,393.3464273922471,True,0.6793294425250135,True,16.188383,True,False,4,ALARM,test
