,dev_u,dev_v,slope_u,slope_v,norm,acc_std_max,n,session,maha,flag_maha,cusum,flag_cusum,iso,flag_iso,lstm,flag_lstm,flag_sensor,votes,status,split
2026-09-17 09:29:31.508089+00:00,-0.6831062301897622,1.4538896599672775,-0.5569026523483902,-0.40355943275707784,9.872219805564795,0.013901071754306094,28,0,21.647084818975983,False,6.169143266565759,False,0.561789429727283,False,0.44081557,False,False,0,OK,train
2026-09-17 09:34:32.556257+00:00,-0.6677334324100913,1.3790516198649783,-0.3712027828257938,-1.0736779630984479,9.868344174668048,0.017953644012660586,30,0,21.18835718523219,False,12.19086821365184,False,0.535371545909262,False,0.6904567,False,False,0,OK,train
2026-09-17 09:39:41.401851+00:00,-0.6674061649171482,1.3303115563384664,0.1093608814930257,-1.2333825073681537,9.862439399379172,0.023582248598884747,28,0,21.26749842361524,False,18.20945481048304,False,0.5423044559164567,False,0.7876856,False,False,0,OK,train
2026-09-17 09:49:41.062127+00:00,-0.610875578231973,1.197219171122216,0.4631049740268399,-1.232356410313743,9.864913846444502,0.016802777548171735,30,0,19.41712295918658,False,23.68593812801727,False,0.5339451786119626,False,0.49875844,False,False,0,OK,train
2026-09-17 09:54:43.476458+00:00,-0.6057466412380516,1.1597177627461728,0.6259208917593817,-0.7470776825516423,9.870062800104604,0.023762751678771402,28,0,19.609792139078895,False,29.11323721225852,False,0.5206654792538997,False,1.0245671,False,False,0,OK,train
2026-09-17 09:59:36.311866+00:00,-0.6041602991352987,1.1102094446887785,0.44746432609627573,-0.18372509212967783,9.871451920628571,0.01974560429282683,30,0,19.221969411201393,False,34.52532397859516,False,0.49051542119806746,False,0.59809524,False,False,0,OK,train
2026-09-17 10:04:32.080236+00:00,-0.583770065492364,1.047820577516847,0.3019980511841079,-1.1120382834243097,9.865728954777268,0.017461067804945378,30,0,18.50414775587866,False,39.74187743859933,False,0.5047790196944341,False,0.52550167,False,False,0,OK,train
2026-09-17 10:09:33.416446+00:00,-0.5844116370660528,1.0133004341552998,0.0431344715431924,0.10965248131805092,9.864827709776387,0.01891795149821722,30,0,18.330646950938544,False,44.96458328573399,False,0.4668513479333942,False,0.7002501,False,False,0,OK,train
2026-09-17 10:14:35.523259+00:00,-0.5554759734365765,0.9578359276677856,0.5667019883083932,-0.4636735172840288,9.874841770536706,0.016478942792411265,30,0,17.814155793923213,False,49.90980893918993,False,0.48990707116733556,False,0.46150154,False,False,0,OK,train
2026-09-17 10:19:38.505604+00:00,-0.5954640780331001,0.9271046690611828,-0.8470048347472344,-0.43169058927656734,9.864326950847289,0.014791455578984654,29,0,18.407661230068562,False,55.238502798192215,False,0.4969898704006498,False,0.40363848,False,False,0,OK,train
2026-09-17 10:24:31.681042+00:00,-0.5745337778527426,0.935593581458771,0.3320843124604857,0.04563410044198264,9.87032611213212,0.01979486637221599,21,0,18.142724227523846,False,60.366484352055494,False,0.4584656086518487,False,0.3768874,False,False,0,OK,train
2026-09-17 10:29:51.885355+00:00,-0.5682225024784837,0.8902180961083442,-0.5670197244265165,-0.4343288551260914,9.871593143808086,0.01641371837493396,27,0,17.87121354653792,False,65.43394357141717,False,0.47577074459302776,False,0.52570367,False,False,0,OK,train
2026-09-17 10:34:33.919652+00:00,-0.5699886881671933,0.8970686100586822,-0.08614495279629436,-0.0012038008470071702,9.876169996507974,0.016719914938646097,30,0,18.01312964655343,False,70.51833972898947,False,0.4729398716685701,False,0.4623244,False,False,0,OK,train
2026-09-17 10:39:37.320988+00:00,-0.5407425973138277,0.934712014214852,0.5523907628976685,0.8326387112082092,9.866843953112733,0.015202711895566615,28,0,17.11827092254482,False,75.322278833347,False,0.500905938050657,False,0.47051206,False,False,0,OK,train
2026-09-17 10:44:37.859425+00:00,-0.5647103086819837,0.8946970136894555,-0.5088973050928176,0.7342479830383166,9.87317169881568,0.014019827229875636,30,0,17.79432505355735,False,80.35605767034838,False,0.5087439149251808,False,0.3992393,False,False,0,OK,train
2026-09-17 10:49:40.260934+00:00,-0.5532627818628787,0.9164166422482853,0.11698503417866056,1.1613473568690944,9.876660674871191,0.0159889974060272,29,0,17.681199195027855,False,85.28005979721162,False,0.5215208067719814,False,0.5113841,False,False,0,OK,train
2026-09-17 10:54:35.099505+00:00,-0.5607249279446163,0.9281707480027074,-0.9336512763124092,0.2240574018108278,9.878878744309041,0.015421158465515773,29,0,17.968995467242404,False,90.27562059874477,False,0.5105295371365703,False,0.56568545,False,False,0,OK,train
2026-09-17 10:59:37.267793+00:00,-0.5653382636950647,0.918800077426799,0.12491021098056933,0.15610629260132017,9.87643713776201,0.015250582336204405,29,0,17.93014208720156,False,95.31542124609348,False,0.4882645239574746,False,0.47381312,False,False,0,OK,train
2026-09-17 11:04:33.137530+00:00,-0.6258374767745539,0.9160273356684842,-1.8569084727829481,2.3639918692172532,9.881949500313093,0.02323790007724453,30,0,20.211833270243122,False,100.93538254148086,False,0.5872193753029349,False,1.3291577,False,False,0,OK,train
2026-09-17 11:14:33.982869+00:00,-0.673727954597134,0.8798541500681274,-0.6135655581988028,-5.6760969405570085,9.872544736626732,0.07351568237835758,30,0,25.83042173287021,False,107.01459230034702,False,0.6506732995825983,False,6.4066343,False,False,0,OK,train
2026-09-17 11:19:40.287516+00:00,-0.17436038766601114,-2.1534970644803844,9.59168599404247,-40.1914099257459,9.88863523167316,0.18807681786270286,29,0,70.29886632887211,True,108.30508834719176,False,0.7743954664504059,True,41.88421,True,False,3,OK,train
2026-09-17 11:24:38.196713+00:00,0.07437407580002596,-2.999786966960095,0.6457138021312039,0.3791019010884534,9.891670063035871,0.018110770276275022,25,0,4.523892532211489,False,107.21033109620589,False,0.49096236604458554,False,0.48038658,False,False,0,OK,train
2026-09-17 11:29:43.717774+00:00,0.08667186508632312,-3.0077660651522815,2.1945034198422038,1.0440059385289988,9.89750021752269,0.02316748951093608,31,0,6.291788819297179,False,105.99764349474742,False,0.575282532360638,False,1.1539909,False,False,0,OK,train
2026-09-17 11:34:41.023044+00:00,0.09372108749874553,-2.965580317103808,0.5098724530838151,0.5600098052771392,9.896371563649485,0.017365073533812742,29,0,4.872890421088587,False,104.71735697365364,False,0.4953809295042566,False,0.54052764,False,False,0,OK,train
2026-09-17 11:39:33.451383+00:00,0.11325850673846229,-2.922939564343376,-0.23589465085533512,-0.3049293609466764,9.895929773745959,0.012975784636018745,29,0,5.819606501987329,False,103.24971525849767,False,0.5266141379069134,False,0.35657322,False,False,0,OK,train
2026-09-17 11:44:34.298504+00:00,0.10763489589555712,-2.9280739921483194,0.07376395679412898,-0.45776430580672917,9.899888951923614,0.017710849708132952,29,0,5.015171172296181,False,101.83600147967124,False,0.5075207557290362,False,0.5633741,False,False,0,OK,train
2026-09-17 11:49:39.066223+00:00,0.07810388850303912,-2.940087436032434,-0.23724544032813732,0.9440135346576211,9.891980581601766,0.014998424617965833,23,0,4.884442895931683,False,100.70547697743204,False,0.5096367658148643,False,0.31014618,False,False,0,OK,train
2026-09-17 11:55:26.813474+00:00,0.10628507280092683,-2.8889344462829873,-0.03774063354435134,0.1391420351547775,9.899298748907366,0.01757839583124706,20,0,4.896304118269631,False,99.30470740401682,False,0.491621155308025,False,0.4555982,False,False,0,OK,train
2026-09-17 11:59:36.647555+00:00,0.07862652631584023,-2.8746382438847955,-0.2561758507519297,0.542054909748627,9.898711435270165,0.018151927044211768,27,0,4.273832540268389,False,98.16917103671807,False,0.4859821550716647,False,0.55996114,False,False,0,OK,train
2026-09-17 12:04:32.307351+00:00,0.067661974807001,-2.869397699865139,0.051491102604564305,0.2075780883313501,9.886862774354292,0.01863345667049173,29,0,4.072137041202815,False,97.13877986032392,False,0.46265761369802216,False,0.5766411,False,False,0,OK,train
2026-09-17 12:09:38.857211+00:00,0.13287347145630485,-2.874955702200982,0.21529989978029251,-0.171174962968189,9.89894053470597,0.024509456060575124,29,0,5.743282717321549,False,95.48303932432863,False,0.5201724441745827,False,0.7518796,False,False,0,OK,train
2026-09-17 12:14:34.717335+00:00,0.07724803967529853,-2.8662544557610095,1.310065852450503,0.6518637265310402,9.900698488779504,0.03014037708056863,29,0,5.9119949855463165,False,94.36072203314643,False,0.5544987505907785,False,1.4691279,False,False,0,OK,train
2026-09-17 12:19:43.357952+00:00,0.07698160889660546,-2.8259145153628378,-1.2090336654008693,0.06406270078244292,9.886404300663283,0.024634502441949452,27,0,5.0175082948211465,False,93.24095969508437,False,0.5121019572750999,False,1.060648,False,False,0,OK,train
2026-09-17 12:24:38.708339+00:00,0.0732811539832273,-2.818656823711331,0.7519453822242516,-0.253811094721507,9.899055485767716,0.021189620100417184,30,0,4.299100324180198,False,92.15668308008061,False,0.5031874193808823,False,0.58789146,False,False,0,OK,train
2026-09-17 12:29:42.507394+00:00,0.04841517208810761,-2.7877728732353884,-1.8730957046403824,-1.5089639697952326,9.881827070581275,0.045569103676466424,27,0,8.560761381261868,False,91.31086021407745,False,0.6086402884016305,False,2.1898327,False,False,0,OK,train
2026-09-17 12:34:33.817811+00:00,0.11175186221837038,-2.7994079219755177,-0.3721976081389532,0.1463106564322817,9.896956594527891,0.021089096708963414,20,0,4.908054920039975,False,89.85766655232,False,0.4920979238064585,False,0.6842383,False,False,0,OK,train
2026-09-17 12:39:36.123907+00:00,-0.02493798692906798,-2.4023318811738723,-1.2788653918791035,4.103341066353234,9.888184272307848,0.032428463297955124,29,0,8.232373021516011,False,89.71526798069854,False,0.5658725451744935,False,2.1578572,False,False,0,OK,train
2026-09-17 12:44:37.889979+00:00,-0.03647729753884939,-2.35490975339039,-0.4185890470415983,-0.3053741423384641,9.889916981436537,0.018562207723101486,30,0,1.3868374370687206,False,89.68352628510115,False,0.41000121394091094,False,0.4671624,False,False,0,OK,train
2026-09-17 12:49:39.558511+00:00,-0.056313095138704666,-2.3866919260267334,1.2834697646262487,-0.43698932275738417,9.881269537287496,0.023466287875730685,30,0,3.6641583122468573,False,89.84200109983715,False,0.4731795767688246,False,0.8474505,False,False,0,OK,train
2026-09-17 12:54:41.628498+00:00,-0.006534152946857669,-2.389594051489358,-0.8421684378253157,-0.16222357525617434,9.889881116511283,0.018684437495371457,29,0,2.028862101396151,False,89.52311791451524,False,0.41371133249761616,False,0.6338004,False,False,0,OK,train
2026-09-17 12:59:33.369287+00:00,0.0025915487796881807,-2.372959034516712,0.05234576062674486,0.17361235825447455,9.888161911609137,0.017451520150278236,30,0,1.8015000531848284,False,89.11672329296152,False,0.4099678238196005,False,0.47046417,False,False,0,OK,train
2026-09-17 13:04:35.459442+00:00,-0.0022208805358669274,-2.3761382216815603,-1.1946807467308787,0.08197428720274635,9.889575407675387,0.018547236990991735,30,0,2.455868459121339,False,88.75647773630034,False,0.43475924826953427,False,0.48678187,False,False,0,OK,train
2026-09-17 13:09:37.648344+00:00,-0.01755391719123593,-2.3899409378522316,-0.45637278400303943,-0.4560174949539111,9.889771299367402,0.016478942792411383,30,0,1.7686879946687164,False,88.54326920755375,False,0.4103953971473886,False,0.441196,False,False,0,OK,train
2026-09-17 13:14:39.318619+00:00,0.011048601881006823,-2.3642487201646207,0.033270700843803354,-0.5910024803725229,9.887532788590912,0.017390326891342903,28,0,2.11149716097013,False,88.05577519382592,False,0.4173747929387451,False,0.5431294,False,False,0,OK,train
2026-09-17 13:21:01.889610+00:00,0.013362896241140338,-2.3631023042397024,0.20233998446929108,-1.250326381233158,9.893641295554536,0.019354668031335107,21,0,2.985331562098512,False,87.54608812257909,False,0.457806331352453,False,0.6085774,False,False,0,OK,train
2026-09-17 13:24:33.869712+00:00,0.01691727740488539,-2.372339619326004,0.8749058706358763,0.15469957708660204,9.895693994789921,0.018141995086849824,29,0,2.7339346295834135,False,87.00231611081205,False,0.44190779854422924,False,0.58940005,False,False,0,OK,train
2026-09-17 13:29:35.537839+00:00,0.015594013491872746,-2.3873782954990017,-0.1999812709576228,0.23408925377384932,9.895995294256853,0.018061622912192394,30,0,2.269132600756803,False,86.47123361367208,False,0.41762757844889264,False,0.5435407,False,False,0,OK,train
2026-09-17 13:34:38.568810+00:00,0.02285596071959007,-2.380255662726815,-0.8143766747692632,-0.8334765778370831,9.894468648570061,0.017876116903722896,30,0,2.926711574126341,False,85.87051226017014,False,0.44917495967862925,False,0.6736864,False,False,0,OK,train
2026-09-17 13:39:39.489218+00:00,-0.006364615857159503,-2.3713212617526933,0.5291532806850008,0.8630192005415059,9.896947577895663,0.022181823498035217,29,0,2.812706932461447,False,85.55000328927485,False,0.45151487390112427,False,0.74038875,False,False,0,OK,train
2026-09-17 13:44:32.390272+00:00,-0.016516879466459074,-2.3790635109699605,-1.1157102918603723,-0.3334808017036626,9.896536782091253,0.018141995086849865,29,0,2.4017428114802146,False,85.32685002822808,False,0.44437277219600235,False,0.6099212,False,False,0,OK,train
2026-09-17 13:49:34.166494+00:00,-0.03621428224264935,-2.364603743347062,0.23325110999258805,0.20727408899606706,9.90139314710483,0.016599866130651786,30,0,2.064607551642422,False,85.29258613247436,False,0.45056883339988185,False,0.44783476,False,False,0,OK,train
2026-09-17 13:54:36.625372+00:00,-0.04903475546490759,-2.383097113522637,-0.6270565332460232,0.39838032403304846,9.900194575044656,0.01813529401164743,30,0,1.9562340699254932,False,85.38126489455347,False,0.4519291106302771,False,0.58783484,False,False,0,OK,train
2026-09-17 13:59:37.686830+00:00,-0.025926091757008628,-2.380560524383845,-0.7036364503474346,0.4490571559917866,9.896084132093572,0.022863726730347603,20,0,2.517216761641248,False,85.24834181043224,False,0.44541872166072605,False,0.53993946,False,False,0,OK,train
2026-09-17 14:04:39.790594+00:00,-0.01983122647210316,-2.379097325402521,-0.11342222431757945,-0.7557527877629016,9.889372776479282,0.015451970001661158,29,0,2.0355614870822074,False,85.05697166868147,False,0.42382210630631467,False,0.45518017,False,False,0,OK,train
2026-09-17 14:09:32.021507+00:00,0.019876986554373904,-2.3951088082827385,-0.3551322737345818,-0.48830056682822526,9.89357311377397,0.017729448195963275,30,0,2.420158156649067,False,84.48481735752951,False,0.4224650230203732,False,0.72460335,False,False,0,OK,train
2026-09-17 14:14:34.134185+00:00,-0.011912971991808559,-2.3878207912202902,0.13183178146688615,-0.2310661838603208,9.89653436442989,0.01874981481390059,30,0,1.8424968614481447,False,84.21751466365468,False,0.4191196927641067,False,0.5747386,False,False,0,OK,train
2026-09-17 14:19:36.005918+00:00,-0.00824787578326898,-2.382236519930568,0.4549398699128959,0.9015157455927431,9.896885905494697,0.016878651868229875,30,0,2.535204568658509,False,83.91506532103458,False,0.4426785931106055,False,0.5434344,False,False,0,OK,train
2026-09-17 14:24:38.062983+00:00,-0.010156205161620448,-2.3548479890162453,-0.20703288107608492,-0.05515116480432779,9.892142669810987,0.01741327718214565,30,0,1.6138354048851713,False,83.63091601162913,False,0.4098200318335748,False,0.5838334,False,False,0,OK,train
2026-09-17 14:29:40.042318+00:00,-0.01954017860931755,-2.365881556510179,0.49199481645799054,0.4939312620570623,9.894460514912106,0.01624116714414614,28,0,2.1039838959144097,False,83.43675484982884,False,0.4261305740855939,False,0.42278132,False,False,0,OK,train
2026-09-17 14:34:32.832135+00:00,-0.039900208054787244,-2.3721992334993343,-0.28755855084504955,0.1913575651246686,9.898853581109213,0.02061283311165391,30,0,1.8660721910837719,False,83.43783734948993,False,0.43637286795114355,False,0.348811,False,False,0,OK,train
2026-09-17 14:39:34.922308+00:00,-0.013178941125102716,-2.372524534233968,-1.5140742798795852,0.3634691205782291,9.89223273314386,0.017349351572897877,30,0,2.8821043673675106,False,83.18267473869028,False,0.45472771436761816,False,0.6084855,False,False,0,OK,train
2026-09-17 14:44:36.272002+00:00,-0.022564578268192987,-2.351057837179585,-0.2271664510487811,-0.2784515446051655,9.885319293758991,0.01961504524593332,20,0,1.5741633018055952,False,83.0175162295975,False,0.41375843287158465,False,0.5810419,False,False,0,OK,train
2026-09-17 14:49:38.351099+00:00,0.016256429406943357,-2.3728977153161552,1.1502542751236284,-1.2430842232507613,9.891606685939443,0.015892025685245784,29,0,3.644924187051016,False,82.48008145732871,False,0.4824828792924476,False,0.49922884,False,False,0,OK,train
2026-09-17 14:54:41.167107+00:00,-0.04118324724434702,-2.376987137520733,0.4015863752378109,-0.38830648225226105,9.894072401995059,0.020254034697363577,29,0,1.9116954557336816,False,82.49346773434134,False,0.42379632301611464,False,0.5682671,False,False,0,OK,train
2026-09-17 14:59:32.807111+00:00,-0.005881791201139503,-2.380460181583126,0.42094713134088596,0.730082789673002,9.892455824862546,0.015205992970609403,30,0,2.5584946214414543,False,82.16832868891998,False,0.4421328117614471,False,0.50426203,False,False,0,OK,train
2026-09-17 15:04:35.606926+00:00,-0.01598394038533191,-2.394031879366134,-0.3484584833214152,-0.33906881357561247,9.890315635305507,0.015650766507462773,29,0,1.8711943893430303,False,81.94006477821459,False,0.4137637242886089,False,0.34359816,False,False,0,OK,train
2026-09-17 15:09:38.085639+00:00,-0.012625131748072496,-2.3656264215938103,-0.5581667761071221,-0.07696758375615771,9.89102053859219,0.018740923729161123,30,0,1.6965538651488354,False,81.67959138086562,False,0.4102427946858285,False,0.63186216,False,False,0,OK,train
2026-09-17 15:14:38.755256+00:00,-0.01994103302685541,-2.4005733020239743,-0.28478459875863105,-0.7347786477710645,9.890790327633342,0.018856180831641575,30,0,1.8570305477345854,False,81.48927423532291,False,0.4157686426170556,False,0.57984775,False,False,0,OK,train
2026-09-17 15:19:41.967819+00:00,-0.03981325714841597,-2.389643780252279,-0.5640044826097724,0.33124141129305457,9.89536864747367,0.019282407123847635,28,0,1.7184533144897232,False,81.48952291431723,False,0.419316348466848,False,0.62526727,False,False,0,OK,train
2026-09-17 15:24:33.357246+00:00,-0.021361293111407435,-2.425796665348815,-0.6178429896567584,-0.000517853404729577,9.894147406975707,0.016271140095273307,20,0,1.9078058671044615,False,81.31282543371059,False,0.42155223101377187,False,0.4611089,False,False,0,OK,train
2026-09-17 15:29:35.167694+00:00,-0.06143307594024893,-2.3950133393829365,0.0040145173573353675,-0.028752580990844368,9.893504063445784,0.018390818965511896,30,0,1.3097367451208923,False,81.52039859582287,False,0.4069651781553688,False,0.5073814,False,False,0,OK,train
2026-09-17 15:34:56.791977+00:00,-0.06548171180978038,-2.371241337944476,0.04340359215601423,-0.6598060004617714,9.890931597659659,0.016629209609747196,28,0,1.5879486620721006,False,81.76679638209438,False,0.4124857637451254,False,0.3601276,False,False,0,OK,train
2026-09-17 15:39:38.707132+00:00,-0.037431357187429744,-2.4264206228743475,-0.7050840935526059,-0.4738817780362869,9.895252997744493,0.015988997406027057,29,0,2.0225500987591634,False,82.93975537132741,False,0.4341201339200819,False,0.5867679,False,False,0,OK,train
2026-09-17 15:44:41.104872+00:00,-0.04993611969376297,-2.4192856197340404,-0.43241067227369673,0.945484068110574,9.898743345756923,0.016900070006680055,29,0,2.2788491367757993,False,84.42256613781626,False,0.4517394953968378,False,0.5082744,False,False,0,OK,train
2026-09-17 15:49:33.539829+00:00,-0.0449484336694334,-2.41975573940595,-0.3447087266479621,0.5476014889413893,9.892766262644017,0.01797838208021609,30,0,1.6113841148097838,False,85.905757121458,False,0.4110550990144479,False,0.41614008,False,False,0,OK,train
2026-09-17 15:54:34.800920+00:00,-0.01805642973541989,-2.437848133043729,-0.6965577658770231,0.20783224212190282,9.891029237282392,0.021241991955140056,30,0,2.178250057749217,False,87.40358063126033,False,0.42314963012233364,False,0.6935926,False,False,0,OK,train
2026-09-17 15:59:36.905705+00:00,-0.027893636187809576,-2.420639139606327,0.16969849018267405,0.22452549609786737,9.889114231545756,0.016248076809272302,30,0,1.5567245754987111,False,88.88748607959928,False,0.4100551580454587,False,0.47192395,False,False,0,OK,train
2026-09-17 16:04:38.979607+00:00,-0.0779928285789903,-2.426862566321714,-0.465392845622239,0.8618504044904786,9.889632124386878,0.01711399687065831,30,0,2.162148885934282,False,90.37642482845362,False,0.42299143493011276,False,0.49532378,False,False,0,OK,train
2026-09-17 16:12:12.305918+00:00,-0.0699756397312225,-2.3962240656796614,1.0391359825963498,-0.8308501030786756,9.892631399329577,0.020387904911164312,30,1,2.891816640050238,False,91.84058417712787,False,0.4573754991390205,False,0.54093796,False,False,0,OK,train
2026-09-17 16:17:15.955175+00:00,-0.03763030072902274,-2.390153297807377,-0.2020547923982007,-0.4577837528616248,9.896723829287112,0.01695633058112554,27,1,1.7055336253508897,False,93.29983369068108,False,0.42158456383512743,False,0.34376648,False,False,0,OK,train
2026-09-17 16:22:16.875200+00:00,-0.07188369749064596,-2.4096753669709297,-0.11024612354559851,-1.2376294041379088,9.890056405391498,0.014685593847940862,30,1,2.489552397048544,False,94.77487200440434,False,0.4475524159749721,False,0.32471347,False,False,0,OK,train
2026-09-17 16:27:19.164887+00:00,-0.034073376899512876,-2.4220565461754515,1.7405225341353996,0.48673664996799865,9.889188572291262,0.014196147795965577,28,1,3.557697958040635,False,96.25992380402872,False,0.48705511133369295,False,0.5573141,False,False,0,OK,train
2026-09-17 16:32:21.166464+00:00,-0.0418281177425433,-2.4138977918356423,0.6903772517730887,0.3060076871224581,9.892373066748274,0.020083061763532754,29,1,2.0597513064359068,False,97.73837707453056,False,0.42500676691844125,False,0.55779743,False,False,0,OK,train
2026-09-17 16:37:13.005258+00:00,-0.040609392366878515,-2.4211342393803514,-0.47701058654717493,0.636068663276701,9.888071850516209,0.01821078397711741,28,1,1.8204664681497171,False,99.22268294309806,False,0.4147141560758271,False,0.47406122,False,False,0,OK,train
2026-09-17 16:42:16.426644+00:00,-0.06697669070224718,-2.3921125272752652,0.051771207984028095,0.3814579358139593,9.890072320562554,0.01845414738088884,30,1,1.5025009246469025,False,100.68351701627437,False,0.4049116211285719,False,0.5270703,False,False,0,OK,train
2026-09-17 16:47:17.460078+00:00,-0.05458721190945752,-2.389638295655533,-0.5679343856074197,-0.09705413061100411,9.887474891813401,0.02010673067188066,29,1,1.757347413767046,False,102.14235001321786,False,0.40959179893841635,False,0.5383819,False,False,0,OK,train
2026-09-17 16:57:22.150304+00:00,-0.06215423043930699,-2.3948753603835655,-0.23126628821561684,-0.22625111323616703,9.891314145815683,0.013879042618964632,29,1,2.089762022252519,False,103.60541857391108,False,0.4258122409275162,False,0.35425568,False,False,0,OK,train
2026-09-17 17:02:14.187221+00:00,-0.0674107388647072,-2.4216159814816383,0.01416350306661406,-0.04578484704673178,9.89497598980223,0.021052843566184407,30,1,1.902513270704448,False,105.09011405946575,False,0.42235522609790344,False,0.65247834,False,False,0,OK,train
2026-09-17 17:07:17.423818+00:00,-0.06383588174146436,-2.406514561358034,-0.9428084414587027,-0.11789167362085443,9.895563873565322,0.017026123718829833,30,1,1.9623896285668563,False,106.56259601874828,False,0.42935180344092905,False,0.43105835,False,False,0,OK,train
2026-09-17 17:12:17.847995+00:00,-0.04983313221938404,-2.408663385172118,0.1191195488305774,-0.013153077193693663,9.893472990455791,0.015132745950421902,30,1,1.7024437929790317,False,108.03681587525456,False,0.4180850603525932,False,0.40185392,False,False,0,OK,train
2026-09-17 17:17:19.948207+00:00,-0.0681264155483391,-2.40969823067006,0.4750311489128906,0.7268410961740163,9.892398001290244,0.01776701062831557,30,1,1.978096308365422,False,109.51187268037715,False,0.4200908979110822,False,0.37063074,False,False,0,OK,train
2026-09-17 17:22:22.412088+00:00,-0.06284633635876907,-2.412188177925234,0.1679335993444241,-1.738036350531508,9.887916707443496,0.01666627030840667,29,1,2.921111456106099,False,110.98894327201575,False,0.4646957282439934,False,0.5464745,False,False,0,OK,train
2026-09-17 17:27:14.252451+00:00,-0.05367225765893194,-2.4319238253455335,-0.06982754267901614,-1.0018761773147162,9.886295586505177,0.013780017739062908,30,1,2.424059756436147,False,112.4819753988141,False,0.44865991262432564,False,0.50676167,False,False,0,OK,train
2026-09-17 17:32:16.250170+00:00,-0.05677520825817194,-2.4120296390242313,-0.2215414860630533,-0.7794772041962685,9.896088909074448,0.01406170576417086,23,1,2.488208237499476,False,113.9589177694631,False,0.44993945359571524,False,0.3659184,False,False,0,OK,train
2026-09-17 17:37:49.765246+00:00,-0.07167484559649111,-2.4148323128057956,-0.40522121175827197,-1.5714938976723083,9.892579693248853,0.016932043630611397,27,1,2.784104910044237,False,115.4381268494403,False,0.4634983665382191,False,0.4513161,False,False,0,OK,train
2026-09-17 17:42:20.603838+00:00,-0.06006024239736283,-2.4181647497645815,0.48737212341796937,0.37458024680312113,9.897451151917174,0.013540795804187667,29,1,2.6816876296371945,False,116.92003109358174,False,0.4621575662222074,False,0.3381067,False,False,0,OK,train
2026-09-17 17:47:13.577774+00:00,-0.05812601941207268,-2.3974606950697703,0.26182162487278665,0.38244011613504153,9.899182245979807,0.018987448135084767,29,1,1.8056843293217206,False,118.38519058697226,False,0.43752331549249895,False,0.49048552,False,False,0,OK,train
2026-09-17 17:52:14.637754+00:00,-0.03514495129540863,-2.4133267915315173,-0.4413058919451045,0.45847927716287784,9.892068921844952,0.019723082923316333,30,1,1.7555073427497243,False,119.8631820514215,False,0.41113433113041226,False,0.4358136,False,False,0,OK,train
2026-09-17 17:57:17.330227+00:00,-0.05964223652924441,-2.3981995719502107,0.30580776335433674,0.3832782798161936,9.890337349111668,0.01694763175851523,30,1,1.5053952286411219,False,121.3289391238554,False,0.4062514185157404,False,0.44047084,False,False,0,OK,train
2026-09-17 18:02:19.417885+00:00,-0.05542016206856806,-2.429716825272156,-0.04984272932265925,-0.1354025829923385,9.888374312843354,0.01615549442140393,30,1,1.2714437830408738,False,122.82018630240664,False,0.40121886310751786,False,0.4672618,False,False,0,OK,train
2026-09-17 18:07:21.392186+00:00,-0.06213288246453503,-2.4218119651642143,-0.10851959458228483,1.0721431385174387,9.891373910876224,0.018898223650461735,28,1,2.253900686328194,False,124.3050402930447,False,0.42479186097844773,False,0.41875285,False,False,0,OK,train
2026-09-17 18:12:13.447712+00:00,-0.08545365747270765,-2.4046686544016214,0.611656030865006,0.550074187017319,9.89340317976411,0.02015398509821054,29,1,2.3860285662411913,False,125.77602934418194,False,0.43029611373315857,False,0.5549872,False,False,0,OK,train
2026-09-17 18:22:18.269178+00:00,-0.08124254675753247,-2.40417311169838,-0.39193789372938886,-1.6917588943139494,9.88559093172945,0.015673542313605203,29,1,2.954264006886439,False,127.2466176168642,False,0.4776069599526394,False,0.4097521,False,False,0,OK,train
2026-09-17 18:27:19.687822+00:00,-0.06516097923199815,-2.433209426151821,-0.6926211205089962,-0.06483334147872016,9.890208310892483,0.014126413400278478,30,1,2.20055152072109,False,128.7406894948313,False,0.4296009432316539,False,0.42401034,False,False,0,OK,train
2026-09-17 18:32:22.083826+00:00,-0.068991710152667,-2.4327059885801168,-0.21858421552276372,-0.4525517657556286,9.890711677847863,0.0184591641398183,27,1,1.4845641373251814,False,130.23435420923641,False,0.4008391555620901,False,0.50691265,False,False,0,OK,train
2026-09-17 18:37:14.248722+00:00,-0.0956076050039416,-2.4315509783660754,-0.005411782289211772,0.4727816030488501,9.888074974233835,0.020931740374418313,28,1,2.4803910085564813,False,131.72708478979993,False,0.4185880160814731,False,0.54796845,False,False,0,OK,train
2026-09-17 18:42:13.961706+00:00,-0.06605780542532692,-2.431692126542965,0.5273868540904816,-0.7805905533594603,9.884669113188192,0.017521856573672837,29,1,1.980316538074743,False,133.21992952631385,False,0.42694704331407474,False,0.4415779,False,False,0,OK,train
2026-09-17 18:47:19.031086+00:00,-0.07626062467151738,-2.4053786185922514,0.23687482608204347,-0.08663622306914778,9.891403726441364,0.013994284547629101,25,1,2.069207349387627,False,134.6914927728727,False,0.4275856438840914,False,0.38451985,False,False,0,OK,train
2026-09-17 18:52:18.240153+00:00,-0.059633314995567725,-2.442317061107051,0.0010125057234879151,-0.07861655272102493,9.887709637166177,0.019494198655314217,29,1,1.539957417436217,False,136.19293060304113,False,0.4009365628294232,False,0.6200109,False,False,0,OK,train
2026-09-17 18:57:19.703132+00:00,-0.05585574332035622,-2.422688113340116,-0.397087021229105,1.0662471090523036,9.89335111656069,0.019940740610485966,26,1,2.3786835592708195,False,137.67849319318023,False,0.4344772718502249,False,0.5568573,False,False,0,OK,train
2026-09-17 19:03:22.402689+00:00,-0.06657093445220771,-2.4048166410376752,0.4128838358907465,-1.197472024477567,9.883039755227099,0.014000000000000424,20,1,2.623645209120584,False,139.1496019309862,False,0.47367376847303755,False,0.43518513,False,False,0,OK,train
2026-09-17 19:07:14.033236+00:00,-0.0763152043426724,-2.4091586378671748,0.47870199263561863,0.08601817716372727,9.879516100824809,0.0172068619998274,29,1,1.9670622821909989,False,140.62422233139847,False,0.4318702117543803,False,0.53047997,False,False,0,OK,train
2026-09-17 19:12:16.217096+00:00,-0.11095555840062868,-2.435607518455477,0.34696687176230834,-0.3002649120209485,9.890719810053321,0.019779338265529266,30,1,2.4149479486867014,False,142.1202337066522,False,0.42005280924633165,False,0.4716299,False,False,0,OK,train
2026-09-17 19:17:18.103038+00:00,-0.05800571123940213,-2.419784374086214,-0.12829870541952174,0.04792799171969119,9.883513169111609,0.01382831234179478,30,1,2.040857986733056,False,143.60344784907085,False,0.43794420563090886,False,0.4468176,False,False,0,OK,train
2026-09-17 19:22:20.389026+00:00,-0.07499421715522767,-2.4419317518310115,-0.8112183238301904,-0.12252497935555941,9.8865931909985,0.019032136564827228,30,1,1.9917557912271184,False,145.1045740539135,False,0.4142257860543512,False,0.498015,False,False,0,OK,train
2026-09-17 19:27:22.256644+00:00,-0.07347583142499338,-2.4387301645172608,-0.44450409198016116,-0.334754840790125,9.890672970883317,0.01731707521308959,29,1,1.4725007608391187,False,146.6031109214323,False,0.4034176938917369,False,0.4218349,False,False,0,OK,train
2026-09-17 19:32:14.105374+00:00,-0.07681499665480872,-2.4378284338503198,-1.4310972588799,-0.6339725222157075,9.888715417200016,0.015434449203720706,30,1,2.803975058166092,False,148.10091849918226,False,0.4513331768559427,False,0.2802075,False,False,0,OK,train
2026-09-17 19:37:16.389915+00:00,-0.0736329232326369,-2.449404542764162,-0.06874808018750603,0.07658569604184717,9.893222913122305,0.017916472867169228,30,1,1.3637283217715248,False,149.60808844876158,False,0.405644563837232,False,0.52904254,False,False,0,OK,train
2026-09-17 19:42:18.579910+00:00,-0.07465414490764104,-2.4153401344418217,0.7319883627657403,-0.09705947591828844,9.888696394738478,0.016613247725836458,20,1,1.8324504939375699,False,151.08770823798613,False,0.41600025485137165,False,0.5606306,False,False,0,OK,train
2026-09-17 19:47:20.658271+00:00,-0.08233758805429281,-2.4417773335132424,0.35541165778654504,0.16961131143468447,9.89192058737128,0.02040610293174304,29,1,2.0716439319652733,False,152.58870955442984,False,0.4148416600304539,False,0.5722617,False,False,0,OK,train
2026-09-17 19:52:12.807965+00:00,-0.06884663563801902,-2.454255382203443,-0.2120368798494305,-0.14291857618129314,9.88735045910136,0.019821424996424985,30,1,1.7235537600820454,False,154.09980270159247,False,0.4030251303675236,False,0.6370981,False,False,0,OK,train
2026-09-17 19:57:14.587155+00:00,-0.08227693470616329,-2.454651041012505,0.14630331288594678,-0.8507173504035422,9.890121995664607,0.016802777548171412,30,1,1.8868286854207346,False,155.61121584443893,False,0.41959654958145004,False,0.44614637,False,False,0,OK,train
2026-09-17 20:02:16.972472+00:00,-0.10675327855290825,-2.468181274818497,-0.4433946612500869,0.06815522753250329,9.887668266790676,0.016733200530681936,30,1,2.0046926517578196,False,157.13357179032676,False,0.413596211775021,False,0.4205814,False,False,0,OK,train
2026-09-17 20:07:18.957205+00:00,-0.08655602103828407,-2.441512943206371,-0.5262450716079851,0.3867148970880705,9.888423807802946,0.016802777548171815,30,1,1.867730784287971,False,158.63435927668476,False,0.4101685651553467,False,0.43965787,False,False,0,OK,train
2026-09-17 20:12:20.839119+00:00,-0.08242774031979472,-2.480629846334378,-0.7911491331980423,0.5050772371116332,9.887652568931076,0.014225966444646156,29,1,2.5548239823845056,False,160.16678321313344,False,0.44498826632358274,False,0.33171117,False,False,0,OK,train
2026-09-17 20:17:12.776648+00:00,-0.07252876772860069,-2.460678982464221,0.03318769232496267,-0.8892932520342078,9.888044109015937,0.01827262676488797,30,1,1.9099769673039562,False,161.68307155451652,False,0.41588511308642107,False,0.47547686,False,False,0,OK,train
2026-09-17 20:22:15.377976+00:00,-0.09503948100832797,-2.4633940146571334,-1.0666271464008328,0.8840124864801212,9.89129543123064,0.014360439485692395,30,1,3.1242054921373947,False,163.20155572362614,False,0.46951927932358745,False,0.455172,False,False,0,OK,train
2026-09-17 20:28:57.812983+00:00,-0.0819964499675801,-2.4502842379087695,1.3298597065432218,0.8056018765598353,9.888466611837137,0.01670329308849042,20,1,2.9957154688874628,False,164.7094371413768,False,0.4564842813775637,False,0.44076598,False,False,0,OK,train
2026-09-17 20:32:19.262222+00:00,-0.08962704813134212,-2.4886914134216265,-0.2951967967070916,-0.6053222376850618,9.888846505453722,0.014817407180595597,30,1,1.9836254450972701,False,166.2483810051309,False,0.4275019285029883,False,0.30885148,False,False,0,OK,train
2026-09-17 20:37:21.228360+00:00,-0.0906988749920302,-2.4668733475235656,0.4821037332610907,0.6595646784247423,9.885690072566096,0.01637840287867329,29,1,2.2561679701559307,False,167.76967914292865,False,0.42879575456989455,False,0.5308947,False,False,0,OK,train
2026-09-17 20:42:13.468475+00:00,-0.09385474228403665,-2.470504928239316,0.6257075843660109,0.6865955887529775,9.890476379579809,0.016206994374857953,30,1,2.3180766345326798,False,169.29391438241075,False,0.43070759046261814,False,0.4727023,False,False,0,OK,train
2026-09-17 20:47:17.091806+00:00,-0.09088815859533127,-2.452182134822571,-0.5638594933763158,0.41090403196834957,9.887199141650287,0.0180892847349538,30,1,2.0590248127278006,False,170.8033307560549,False,0.414344451717755,False,0.48900276,False,False,0,OK,train
2026-09-17 20:52:17.321362+00:00,-0.09145033402424654,-2.4571162170107415,-0.5660062509336029,-0.6508199106972975,9.888459990940781,0.016017351702312298,30,1,1.9788362497735181,False,172.3167376512487,False,0.42241888394202887,False,0.30885944,False,False,0,OK,train
2026-09-17 20:57:19.517751+00:00,-0.08593303092159564,-2.4822071394265848,-0.11896096543899577,0.14241990286714357,9.888161007101838,0.02040969268645585,30,1,2.0991850866652935,False,173.8504372498843,False,0.4146287707663509,False,0.65479094,False,False,0,OK,train
2026-09-17 21:02:21.412770+00:00,-0.08733274319235741,-2.50936917862592,0.0948071342415724,-0.5461318350321992,9.890693840771238,0.019633987373085412,29,1,2.013116675582961,False,175.40610460232386,False,0.420177804045715,False,0.62950295,False,False,0,OK,train
2026-09-17 21:07:13.442160+00:00,-0.08385504654645463,-2.46125705922682,-0.3402266846931861,-0.38748323694678,9.887553846187776,0.0200686322403897,20,1,2.040037758933105,False,176.92286047296375,False,0.413353229276084,False,0.47854894,False,False,0,OK,train
2026-09-17 21:12:15.932841+00:00,-0.10432644337307141,-2.481367898481318,-1.037383111109987,-0.09327601955475114,9.887124870289675,0.018882678717691732,30,1,2.578435747074219,False,178.45588132143877,False,0.43129795939629834,False,0.44173157,False,False,0,OK,train
2026-09-17 21:17:17.707647+00:00,-0.08420363543124652,-2.4501578857919077,0.7255269294146747,-0.3029728012763109,9.884795485675607,0.018917951498217272,30,1,2.2610381879564194,False,179.9636605498002,False,0.43340554344914956,False,0.43129456,False,False,0,OK,train
2026-09-17 21:22:19.682044+00:00,-0.0835958224081031,-2.4717900415183744,-0.04683654470535803,0.14014048278554583,9.885004452838654,0.01516208722072597,30,1,1.7941296223876524,False,181.48893514615523,False,0.42672686255795206,False,0.40192127,False,False,0,OK,train
2026-09-17 21:27:21.666707+00:00,-0.1000587729780702,-2.4610055935827893,0.2839558853819075,0.17280892234622247,9.890797435437996,0.016744566265074777,29,1,1.838580725191062,False,183.00548763974683,False,0.4097433536877866,False,0.41778302,False,False,0,OK,train
2026-09-17 21:32:13.917756+00:00,-0.09072352016736258,-2.5013145336951954,-0.05568380439035815,-0.7547827663650093,9.892373688936626,0.016669999666733545,30,1,1.8590559583783972,False,184.5546406632909,False,0.4294094621334544,False,0.5029996,False,False,0,OK,train
2026-09-17 21:37:15.692721+00:00,-0.1029537377806208,-2.4841604304168734,0.5689399961698979,0.31808277344240266,9.89280761698452,0.018393839548428846,30,1,2.2164336379557894,False,186.08992001870644,False,0.42826661210815514,False,0.42012578,False,False,0,OK,train
2026-09-17 21:42:17.788116+00:00,-0.1133572907964015,-2.49670890568781,0.25272416103257483,0.624516736687493,9.89154803098789,0.018749814813900565,30,1,2.470746808692833,False,187.63534816351677,False,0.4328663809442834,False,0.5244959,False,False,0,OK,train
2026-09-17 21:47:19.973099+00:00,-0.0896541217831534,-2.491588076947491,0.251869328059708,-0.9649814087269966,9.887713695737121,0.017792008193443697,30,1,2.1908967080538515,False,189.17663475237785,False,0.4314302426551737,False,0.49278456,False,False,0,OK,train
2026-09-17 21:57:14.199173+00:00,-0.09341270953139486,-2.4620719173182066,-0.28445662649127645,0.0018811982065315232,9.885040160062688,0.014681810363697183,30,1,1.999948645947118,False,190.69404965313714,False,0.4274027937139632,False,0.40477642,False,False,0,OK,train
2026-09-17 22:02:16.172805+00:00,-0.10375755280043007,-2.4830087432968453,-0.20282345441428853,-0.6436099361294267,9.886762977931955,0.014590712418826618,30,1,2.2022845087053273,False,192.22839756231897,False,0.43638102261596173,False,0.3531809,False,False,0,OK,train
2026-09-17 22:07:18.473893+00:00,-0.1208027291420539,-2.4719422166282063,0.023086437128384086,-0.5892310404998908,9.887481744516135,0.015040685563571682,30,1,2.349270840839423,False,193.75379523284096,False,0.438237588493476,False,0.34617507,False,False,0,OK,train
2026-09-17 22:12:20.137604+00:00,-0.10613330949589954,-2.4573070224694207,0.18834629059982608,0.16972342798794204,9.888686114999468,0.015691469727920095,30,1,1.9845324453217925,False,195.26735644514292,False,0.4182310429222021,False,0.45125368,False,False,0,OK,train
2026-09-17 22:17:22.328799+00:00,-0.08439783871340119,-2.4823037517609587,0.061352648933502896,0.4288326628205825,9.891252109870347,0.01661002279176239,28,1,1.6922091034392397,False,196.80113418062092,False,0.4116928785409993,False,0.3475767,False,False,0,OK,train
2026-09-17 22:22:14.065936+00:00,-0.09704904703750741,-2.4581038826165327,-0.19497673604604596,-0.03816512863213484,9.884930061982837,0.016599866130652022,30,1,1.800467187685187,False,198.31533986690363,False,0.4139825171642938,False,0.37922585,False,False,0,OK,train
2026-09-18 04:44:05.777145+00:00,0.046245989436431566,-1.1895091830853033,0.318373839963971,1.1498418317505439,9.817417832847308,0.017697417131526217,29,2,5.199993402696758,False,198.80354835791618,False,0.47585157866479944,False,0.5481473,False,False,0,OK,train
2026-09-18 04:54:09.832749+00:00,0.05201280086315878,-1.1194286840935583,0.9881642923169167,-0.16859849824704312,9.820864591259962,0.015227173907462027,29,2,4.252371367484403,False,199.23507807245645,False,0.4604972000893338,False,0.4716656,False,False,0,OK,train
2026-09-18 04:59:11.197082+00:00,0.038121721176279294,-1.1304705234823493,-1.402499097194855,-0.8006606312719041,9.814607849182247,0.021768989156340908,30,2,5.717311381538303,False,199.67553805940577,False,0.5064831674358145,False,0.854949,False,False,0,OK,train
2026-09-18 05:04:14.512205+00:00,0.02084873316529497,-1.1480682411098124,1.0939084735572722,-0.015817919094383823,9.823047120791381,0.017824617908027668,29,2,4.217089548919466,False,200.13023049501314,False,0.4412228473363938,False,0.6400287,False,False,0,OK,train
2026-09-18 05:09:07.593475+00:00,0.045569563634989554,-1.0976094120528601,-0.060534449860828114,0.7023493554838753,9.821326858009963,0.023485219938411375,30,2,5.007507406891179,False,200.54411350810898,False,0.4425701157244049,False,0.57235885,False,False,0,OK,train
2026-09-18 05:14:08.636769+00:00,0.03225542308745037,-1.1251860409740357,1.0609090493784925,0.22691365879094644,9.82330732076654,0.01733653816526142,30,2,4.1367780478403455,False,200.9802995813852,False,0.4394694355788801,False,0.5276422,False,False,0,OK,train
2026-09-18 05:19:11.251631+00:00,0.02353242300523374,-1.0953401583339246,0.3752154457891131,1.8780090955047741,9.819039045420233,0.016451950239004375,30,2,5.420915856362237,False,201.39234729755614,False,0.4986974816469569,False,0.5321298,False,False,0,OK,train
2026-09-18 05:24:11.992400+00:00,0.007135102149765755,-1.0645834194990693,0.7584647421165107,-0.9071509505029661,9.813962670932456,0.018636561608071072,28,2,4.942056477775614,False,201.77951998642968,False,0.48387675422103177,False,0.5973523,False,False,0,OK,train
2026-09-18 05:29:16.833582+00:00,0.12160085850038138,-1.066626851510621,0.9146613015723014,0.5928835796261487,9.832306909727944,0.08889732751594291,29,2,12.665224383799357,False,202.16834533514273,False,0.5847491154423717,False,11.36843,False,False,0,OK,train
2026-09-18 05:34:06.327584+00:00,0.013282744494861026,-1.0381058745779168,-0.06825913950695113,-0.05578254549911916,9.817973832321975,0.014654350889752843,20,2,4.059923097774329,False,202.5341038664159,False,0.4477476543377105,False,0.5353471,False,False,0,OK,train
2026-09-18 05:39:11.114069+00:00,0.03692956446737835,-1.0564094212760806,-0.2746971579828115,0.3790213038466344,9.819520504542961,0.019723082923316048,30,2,4.37580072863339,False,202.91466569742124,False,0.43475095135778186,False,0.7597851,False,False,0,OK,train
2026-09-18 05:44:12.233457+00:00,0.026670415011996507,-1.0385062039774489,0.09260575399077796,-0.23313472140814542,9.823356358450358,0.021676920650519,30,2,4.089114095275208,False,203.28074800179644,False,0.41587466687258545,False,0.5933085,False,False,0,OK,train
2026-09-18 05:49:14.004014+00:00,-0.025343943105783372,-1.0357641771488137,1.91332989816103,0.035746814213879506,9.81675564783405,0.04845042331723744,29,2,10.196592651469233,False,203.64461264608164,False,0.5616606165758576,False,2.7071218,False,False,0,OK,train
2026-09-18 05:54:06.258330+00:00,0.03720666845000324,-1.0673341515615027,-0.40009866590015064,-0.1278144332123779,9.815630773966745,0.01647972847634278,29,2,4.4215035064739885,False,204.0340100355487,False,0.45336854409700744,False,0.6037974,False,False,0,OK,train
2026-09-18 05:59:09.268200+00:00,0.012567085335305385,-1.012111211135743,0.7593733550868451,-0.15421082158924979,9.820743237991593,0.0163312333788198,28,2,3.823023058807162,False,204.37874494769946,False,0.42743321102780824,False,0.44544315,False,False,0,OK,train
2026-09-18 06:04:09.298502+00:00,0.02040235656964239,-1.009474857223937,-0.2518908418533432,0.08654261200999705,9.819927100516837,0.018245242911205602,30,2,3.944841973633128,False,204.72134766450029,False,0.42123628456875206,False,0.6349217,False,False,0,OK,train
2026-09-18 06:09:13.954364+00:00,0.020489241900077462,-1.0114992942117125,-0.1648296123989872,-0.03937147458559035,9.822007346522382,0.01910206504252609,30,2,3.7828462783921544,False,205.06558767859727,False,0.4115665163070429,False,0.5816775,False,False,0,OK,train
2026-09-18 06:14:15.818215+00:00,0.014303546115097512,-0.9850490931952729,-0.45371484971813364,-1.4831418206700366,9.82706039122278,0.0179164728671689,20,2,3.665093420436309,False,205.38843564993448,False,0.463923424030742,False,0.62005496,False,False,0,OK,train
2026-09-18 06:19:17.801161+00:00,0.024591694451688188,-0.9902869691302815,0.06623521741872646,0.466166194157045,9.822298262697233,0.016921164339841956,29,2,3.653203137716086,False,205.71551984109863,False,0.41832566398556775,False,0.55022025,False,False,0,OK,train
2026-09-18 06:24:09.748798+00:00,-0.006433916012067091,-1.010208883528895,0.2193872474476952,-0.6690958572054837,9.828039804960229,0.016623407990612727,29,2,3.046155023958799,False,206.05871621395875,False,0.4282927585143533,False,0.55253047,False,False,0,OK,train
2026-09-18 06:29:12.438192+00:00,0.0017276018747551588,-0.9959559268514518,0.09091075383946214,0.7238257854066642,9.821918494397698,0.01849896356000252,29,2,4.0612653577199564,False,206.39038526955923,False,0.4275078248841161,False,0.43479475,False,False,0,OK,train
2026-09-18 06:34:15.195234+00:00,0.0873688301100291,-1.0102143947573934,0.16143145330114336,-0.15486203509081295,9.845496720303968,0.11490884563941595,29,2,13.8008792720449,False,206.73358609971763,False,0.5807698444204307,False,17.73765,False,False,0,OK,train
2026-09-18 06:39:07.286775+00:00,-0.03297888939635011,-0.9191563894266224,-1.4227403744813933,0.31160589867690414,9.830209145020842,0.02121058435991066,30,2,4.268546317913476,False,207.0031422440589,False,0.449263209231258,False,0.95816255,False,False,0,OK,train
2026-09-18 06:44:08.663916+00:00,-0.03443911501182677,-0.9595694864429248,-1.1072701636492441,0.2263079997582672,9.837167005528645,0.03467948480970655,30,2,6.205962206911999,False,207.30538315699192,False,0.4771055990678474,False,1.2375642,False,False,0,OK,train
2026-09-18 06:49:09.534322+00:00,-0.03001693385254012,-0.9075333546112332,0.618594654483287,2.259472870592333,9.822522089035651,0.019550504398153562,30,2,5.690626111408316,False,207.5655389773956,False,0.4993663928068355,False,0.8220125,False,False,0,OK,train
2026-09-18 06:54:13.873943+00:00,0.03800528242601819,-0.9062447638363434,0.9481979232341369,-0.7985069730222647,9.823284697544114,0.028676354952004133,30,2,5.559805081210362,False,207.82465262844337,False,0.4654353108837235,False,1.422698,False,False,0,OK,train
2026-09-18 07:04:08.088971+00:00,0.09213606341922631,-0.9248199091152695,-1.0974146587197955,0.04243756584876412,9.820144399057366,0.027608372321131492,30,2,5.606541054649233,False,208.09878923912117,False,0.4680808955165492,False,1.7426963,False,False,0,OK,train
2026-09-18 07:09:10.168956+00:00,0.11448539600147475,-0.9243279873057442,1.46992634177774,-0.5759249171800124,9.823576688104437,0.018089284734953547,30,2,4.5696888218298595,False,208.3725279998024,False,0.4652793218324488,False,0.7359986,False,False,0,OK,train
2026-09-18 07:14:11.939481+00:00,0.10912728447222025,-0.9090481102935005,-0.5700132593924967,0.3062658634513309,9.824766738095857,0.01768397435166632,29,2,3.8893612441940966,False,208.63390890421604,False,0.435640717142269,False,0.68393517,False,False,0,OK,train
2026-09-18 07:19:15.253748+00:00,-0.145214197938909,-0.9579357192428757,0.31763957544457266,0.9875548084290913,9.826810928679565,0.02347868211110232,29,2,6.626974642320871,False,208.93482848058224,False,0.458343565965032,False,0.793877,False,False,0,OK,train
2026-09-18 07:24:06.786660+00:00,-0.13568519463627274,-1.0053997385604032,-1.8115340103626407,-0.7841491050517534,9.827870265404842,0.024378952670968717,30,2,6.867948645095137,False,209.27413537696012,False,0.5040253510560212,False,0.9109711,False,False,0,OK,train
2026-09-18 07:29:08.565997+00:00,-0.17114853474278552,-1.0444541397013192,1.1072847157858197,-0.5051517557666119,9.831470053533497,0.020612833111653683,30,2,6.4096140969706,False,209.64502817390053,False,0.4770660392034009,False,0.74028134,False,False,0,OK,train
2026-09-18 07:34:11.357630+00:00,-0.17629493591874845,-0.993491767054215,0.4902402759797851,0.19695183143941958,9.827672093194149,0.016694784050910554,29,2,6.07664350508769,False,209.97470429902324,False,0.4559082943184058,False,0.5933044,False,False,0,OK,train
2026-09-18 07:39:14.631050+00:00,-0.15991906616910484,-1.0100378559723209,1.2764514045474114,0.920746424212355,9.830891615144681,0.019160056118722617,23,2,6.322065277374501,False,210.31776235048454,False,0.4826897640424341,False,0.44946846,False,False,0,OK,train
2026-09-18 07:44:57.012198+00:00,-0.16933817050232766,-0.9716324117124603,-0.10966449289882967,0.04319727519874542,9.831546964156063,0.02096558025802206,30,3,6.121074901562998,False,210.62975935612224,False,0.450755809934279,False,0.69108504,False,False,0,OK,train
2026-09-18 07:49:57.855791+00:00,-0.13055348517191187,-0.9909169305580604,0.7294987574424979,-0.4735506678248244,9.831052426170999,0.01860704764927078,30,3,5.067529462946668,False,210.95735303913455,False,0.44673648262977145,False,0.5084037,False,False,0,OK,train
2026-09-18 07:54:59.626951+00:00,-0.1392614468375179,-0.9735612032705211,0.7354489272896455,-1.0613811991396263,9.827507745106455,0.019310331143947288,30,3,5.7121779904825525,False,211.27090998722633,False,0.4636091731690145,False,0.5878967,False,False,0,OK,train
2026-09-18 08:00:02.640271+00:00,-0.15337303241897932,-0.9861318984327255,-0.6461286225616293,-0.30789964483134663,9.830258158689464,0.01711399687065787,30,3,5.42420595783731,False,211.59463369542186,False,0.45403883624338676,False,0.7497978,False,False,0,OK,train
2026-09-18 08:05:05.132837+00:00,-0.1416117740321358,-0.9912572342696471,-0.19808785325593387,-0.5883486128171891,9.831484183497736,0.0208299997332909,30,3,5.499743374177257,False,211.92250260475646,False,0.4479291905247168,False,0.71584755,False,False,0,OK,train
2026-09-18 08:10:06.400745+00:00,-0.15815902066530482,-0.9308021179396423,-0.7254535352228195,0.30136729585612243,9.824059919655925,0.01975293829860684,28,3,6.330078028015646,False,212.2014774269431,False,0.45332310030534867,False,0.6947615,False,False,0,OK,train
2026-09-18 08:14:57.734049+00:00,-0.13619247903168683,-0.9407804929712653,0.2834230976918375,0.6977239653034898,9.832213808808945,0.021676920650518777,30,3,5.6271973308408025,False,212.4885224269411,False,0.4432717371407587,False,0.5964106,False,False,0,OK,train
2026-09-18 08:20:00.728392+00:00,-0.1762483889116707,-0.9352619176209911,-2.27861164526525,0.15203761850016614,9.828689365509247,0.027760883751542623,30,3,8.34797016002882,False,212.77110418676213,False,0.5244755556763556,False,1.2946429,False,False,0,OK,train
2026-09-18 08:27:45.053969+00:00,-0.11321798976602754,-0.9087628529017263,0.2301803859320023,-0.7322344419111287,9.832638933131618,0.01637840287867294,29,4,4.22511494758313,False,213.03225438448592,False,0.4492742803236485,False,0.44996983,False,False,0,OK,train
2026-09-18 08:32:47.814038+00:00,-0.14679641204230012,-0.9249520147704894,0.12348866289354209,1.0074932874891642,9.824232378918639,0.014681810363697239,30,4,5.827387033709057,False,213.3064978378234,False,0.4744402849085168,False,0.4203966,False,False,0,OK,train
2026-09-18 08:37:49.913237+00:00,-0.11686926262438495,-0.9468813823479735,-0.06615387735106555,0.33185528386120106,9.818536165841353,0.017729448195963147,30,4,5.581048453650135,False,213.5984770342133,False,0.45099499541122073,False,0.5646549,False,False,0,OK,train
2026-09-18 08:42:51.463727+00:00,-0.13569035556648268,-0.925255268632546,-1.1968949537002087,0.4543663355785965,9.812779656525006,0.024722908854384818,30,4,7.714500661395981,False,213.87296574918713,False,0.5163015190926943,False,0.80662274,False,False,0,OK,train
2026-09-18 08:47:53.543328+00:00,-0.14126934794298737,-0.916690145503426,-2.602172244635113,1.6156361866180242,9.830494250622127,0.0316641111262041,29,4,8.922312839309997,False,214.14052727747884,False,0.5696598145601518,False,1.8124757,False,False,0,OK,train
2026-09-18 08:52:45.904734+00:00,-0.13867926464026495,-0.6312938802085187,1.2362314209548515,0.7787959467877352,9.81887590396493,0.022432615144521603,30,4,6.773707723457226,False,214.17726979963618,False,0.48524787700559935,False,0.7670036,False,False,0,OK,train
2026-09-18 08:57:47.373256+00:00,-0.04549362007787762,-0.8845478175632404,3.685524421448899,-4.438914565673528,9.827802115603808,0.09897175437095831,28,4,17.1575610982951,False,214.4188356822514,False,0.6859136486190481,False,13.162105,False,False,0,OK,train
2026-09-18 09:02:50.278422+00:00,0.18114858775706885,-0.4631623559994241,0.1044758953105442,0.5785046179439569,9.820646225367287,0.02189875694087559,30,4,4.553465166614319,False,214.3195990202463,False,0.45181736095369196,False,0.9762342,False,False,0,OK,train
2026-09-18 09:12:45.553485+00:00,0.2297990081704235,-0.44107044596700573,-0.18557412775083576,-0.8016671037270663,9.825933890200997,0.016802777548171194,30,4,5.4229483051961855,False,214.20249515625795,False,0.46205879272038947,False,0.4855299,False,False,0,OK,train
2026-09-18 09:17:46.894332+00:00,0.19455395601634987,-0.4185322687703554,-0.9499776537815717,-0.15655526231522982,9.814668783187901,0.024923187585644886,29,4,5.46942395079284,False,214.06716316424826,False,0.4891385417017212,False,1.1570561,False,False,0,OK,train
2026-09-18 09:22:49.285017+00:00,0.2131351436145567,-0.3862897002966688,1.0964654095762296,0.9003008627607295,9.82452421979599,0.016563010998406444,30,4,5.301388820303626,False,213.9057544553529,False,0.4752163403761624,False,0.6111955,False,False,0,OK,train
2026-09-18 09:27:51.170664+00:00,0.28606947457002746,-0.39396900889710035,1.261967603239462,0.48278441735912253,9.824661238107835,0.029580398915498088,28,4,7.422054598048906,False,213.75055651581405,False,0.507408095882584,False,0.9423287,False,False,0,OK,train
2026-09-18 09:32:55.114360+00:00,0.21386942288621336,-0.3705779685744509,-3.0950975385836537,-0.5331158001644084,9.815849518185454,0.04021346134376069,29,4,8.91643908945182,False,213.57644068092662,False,0.5914389509098193,False,2.9980075,False,False,0,OK,train
2026-09-18 09:37:46.008609+00:00,0.2306460219485666,-0.35368417116020046,2.998803485816797,-0.3358543414611582,9.816242628993495,0.0333816316757185,30,4,8.466753784255179,False,213.38866170463484,False,0.5767147518933272,False,1.8557023,False,False,0,OK,train
2026-09-18 09:42:47.819446+00:00,0.2137165244024185,-0.3568793595113929,-0.621695115627577,-0.20832478842002394,9.82211276983563,0.01956725649532542,29,4,4.857746137136042,False,213.20346689039883,False,0.4407127899673437,False,0.5411138,False,False,0,OK,train
2026-09-18 09:47:50.080041+00:00,0.2346557727227271,-0.350112472969305,1.1609308334168191,0.7075855733573276,9.81029257163511,0.027291051872130816,23,4,6.736537962102697,False,213.0127992434169,False,0.5310653850690317,False,1.0193915,False,False,0,OK,train
2026-09-18 09:53:22.573821+00:00,0.3181589680680552,-0.34773975392107287,0.3331031782090612,-1.1720475415052403,9.8265880809728,0.02235761225598013,27,4,7.542972927977924,False,212.82021262019336,False,0.5031611880222984,False,0.90498,False,False,0,OK,train
2026-09-18 09:57:55.263570+00:00,0.28997787743320147,-0.34236886431169766,-0.124316081930928,0.5628608868804714,9.825927602516186,0.02736549638486415,29,4,6.881082970169748,False,212.62328220010755,False,0.4892611340888481,False,1.2341169,False,False,0,OK,train
2026-09-18 10:02:46.698470+00:00,0.2111612258727756,-0.31186798440498387,-0.6291673993095882,-0.8284410915193612,9.821390629078975,0.023466287875730494,30,4,5.133705433970195,False,212.40168368291467,False,0.46511498437654525,False,1.1403589,False,False,0,OK,train
2026-09-18 10:07:49.493546+00:00,0.23564444721722094,-0.3218880241382103,1.7324545172027777,0.43291799551911514,9.814152556557396,0.03418144214219657,29,4,7.624462458804986,False,212.18818904055792,False,0.5524045285315348,False,1.406739,False,False,0,OK,train
2026-09-18 10:12:51.578258+00:00,0.20702788553189064,-0.3348968673676351,1.312684289092616,0.06316700085239774,9.820766024928083,0.019267128022157798,30,4,5.036077543897156,False,211.98521551788738,False,0.4534912846084997,False,0.6157216,False,False,0,OK,train
2026-09-18 10:17:54.074290+00:00,0.2518067404078335,-0.3035359354449336,-4.706697000176441,4.379553092200312,9.842621809824683,0.11739046495351632,27,4,16.560680037057175,False,211.75687831664746,False,0.7151482903780865,True,9.3865385,False,False,1,OK,train
2026-09-18 10:22:45.922065+00:00,0.1323583401363095,-0.06487504886138933,0.09802509540994739,-0.2934326485220209,9.812473054620593,0.01388844443733295,30,4,3.4627987546578494,False,211.3355201289996,False,0.4716114165942965,False,0.41807768,False,False,0,OK,train
2026-09-18 10:27:48.633381+00:00,0.12269602931495341,-0.06451032135476756,-0.46400202830737713,-0.10741683924766687,9.81940246395607,0.020612434329297182,28,4,2.6086617875198344,False,210.91386696187644,False,0.4154291552683899,False,0.4464811,False,False,0,OK,train
2026-09-18 10:37:52.776446+00:00,0.1440973102659535,-0.07956796056620158,1.2636485033826867,-0.3513103928642207,9.8241212265953,0.01679947089113851,30,4,3.4114500507017262,False,210.50439191247995,False,0.4331697630311569,False,0.59804267,False,False,0,OK,train
2026-09-18 10:42:54.961003+00:00,0.11001473582692968,-0.07169181988238311,-1.084216164283775,-0.28657942880008663,9.828805919636013,0.016173847447666652,29,4,2.740255463278291,False,210.0885469024852,False,0.4177733512400949,False,0.6145505,False,False,0,OK,train
2026-09-18 10:47:47.326322+00:00,0.14716603644087883,-0.08053304799617514,0.25950698041840353,0.13163472567655993,9.821419291019895,0.02098941532190824,30,4,2.9308623417124178,False,209.67985238370005,False,0.41470333672763426,False,0.7849109,False,False,0,OK,train
2026-09-18 10:52:50.042487+00:00,0.09308213407719963,-0.06923585277530189,-1.6313999816354483,-0.31923825848089016,9.820074156727793,0.021354156504062454,30,4,3.450308127443773,False,209.2620210692028,False,0.4477515094477959,False,0.75096816,False,False,0,OK,train
2026-09-18 10:57:52.111377+00:00,0.13032811548945689,-0.067880118424037,1.369666226094933,0.5495466425394201,9.827147869268272,0.01970049221666982,29,4,3.1940333529003593,False,208.84309328185853,False,0.42582630472149935,False,0.64821553,False,False,0,OK,train
2026-09-18 11:02:54.182394+00:00,0.1430877417147711,-0.059566908092596356,-1.8300407866455028,-0.9093570889924657,9.825194625854952,0.022653886490560972,29,4,4.322418112090784,False,208.4174420465234,False,0.47539758957999345,False,0.6875584,False,False,0,OK,train
2026-09-18 11:07:46.437982+00:00,0.15831920986366832,-0.050966219080335405,-0.08722171642081539,-0.1104472772213155,9.825147403026824,0.019821424996424662,30,4,2.8976565789219095,False,207.9848348600029,False,0.40835090444701483,False,0.6617549,False,False,0,OK,train
2026-09-18 11:12:48.726452+00:00,0.18535164901635873,-0.01853139800850359,0.44194076987629144,-0.05720160510634654,9.834532793936098,0.04871180048173987,27,4,7.495284976509829,False,207.52599546909036,False,0.5053401184219215,False,3.161028,False,False,0,OK,train
2026-09-18 11:19:01.572166+00:00,0.13925268448681788,-0.037659890913925895,1.282891213653508,0.3906736291639758,9.829405629366745,0.015427784316797071,22,4,3.462600775932831,False,207.08262656696195,False,0.43685097402820705,False,0.4938289,False,False,0,OK,train
2026-09-18 11:22:53.296267+00:00,0.16415717270142602,-0.057938652277807014,1.0968306333160123,0.23425602869540352,9.827566044298,0.02358304475677387,25,4,3.803261593089785,False,206.65565845248508,False,0.4360919134929738,False,0.8734793,False,False,0,OK,train
2026-09-18 11:27:45.671883+00:00,0.1348738142148376,-0.024772858702813094,0.10789631334304908,-0.30299209770861196,9.821056202784792,0.01998888580075296,30,4,2.5429014300993686,False,206.2018669473702,False,0.4037830426783516,False,0.67945397,False,False,0,OK,train
2026-09-18 11:32:47.831010+00:00,0.15389915573364557,-0.02413238663734531,-0.6443342115443917,-0.17848809144286878,9.813255689396811,0.018162843634433695,30,4,3.3764745869811286,False,205.747557449753,False,0.4569840894974597,False,0.6978144,False,False,0,OK,train
2026-09-18 11:37:50.534904+00:00,0.09063571141131029,-0.022408475178831877,-0.30908642970569944,0.8870251937849164,9.820710891204998,0.01839081896551137,30,4,2.2596958537953302,False,205.29185370989123,False,0.4110483013990936,False,0.53061324,False,False,0,OK,train
2026-09-18 11:42:52.731285+00:00,0.05917765143730396,-0.005649349808021165,0.39548568928361455,-1.485895942590589,9.821612362286752,0.0242670329642684,30,4,3.722429731556333,False,204.82259574689422,False,0.45107110712421794,False,1.025525,False,False,0,OK,train
2026-09-18 11:47:54.901612+00:00,0.08902437556814283,-0.11376376501831466,0.06995925937763071,-1.0260100418866616,9.831788562763432,0.01792440195636805,29,4,2.166869124929555,False,204.44077712667155,False,0.4232665775388625,False,0.65209347,False,False,0,OK,train
2026-09-18 11:52:47.493355+00:00,0.0698968685891705,-0.10657762639520876,-1.2689032627705643,-0.1780853612705208,9.817595875944175,0.019365684251170717,29,4,2.9052360739121865,False,204.05314659656557,False,0.4292809322309445,False,0.40788835,False,False,0,OK,train
2026-09-18 11:57:49.343681+00:00,0.08950929735791766,-0.11021302956663033,-0.5185551939149649,0.30248016990505044,9.828730170330989,0.01930673457630741,20,4,1.6612149907291602,False,203.66845625961895,False,0.3944664492001193,False,0.6274713,False,False,0,OK,train
2026-09-18 12:02:51.626587+00:00,0.0949023086730387,-0.06167884164102702,1.0090891675062035,0.3641436579571915,9.82041292457148,0.0198997487421321,30,4,2.577311028462151,False,203.24451308588783,False,0.4089766634719622,False,0.5728951,False,False,0,OK,train
2026-09-18 12:07:54.126837+00:00,0.09540352795334442,-0.05703538285479123,0.6846448857559205,1.2092055014400716,9.82473349709489,0.02157860392711971,29,4,2.902217575005387,False,202.8168144371474,False,0.4235241522048212,False,0.75903064,False,False,0,OK,train
2026-09-18 12:12:46.067338+00:00,0.08094166771952366,-0.1308931176815981,-0.08612775479184293,0.314829989341459,9.81899543872752,0.0323145950908541,29,4,4.875319498482472,False,202.44884946757912,False,0.44608376577863396,False,1.6398073,False,False,0,OK,train
2026-09-18 12:17:48.471824+00:00,0.09175731548458241,-0.0625430352296973,-0.3180986692182537,0.7075930878142893,9.823078974852205,0.021210584359910727,30,4,2.3020360072975468,False,202.02560522487653,False,0.40278705594056047,False,1.0757457,False,False,0,OK,train
2026-09-18 12:22:50.851603+00:00,0.0396261338961623,-0.036280442171974424,0.43196861972385486,-0.005821880292538694,9.829833579886959,0.022083176100069032,30,4,1.9473832806011975,False,201.58112067049072,False,0.3804882836536835,False,0.9372371,False,False,0,OK,train
2026-09-18 12:27:53.873120+00:00,0.060592314074295224,0.006886217086481248,-1.3973196123309446,1.481363691966936,9.842888137125215,0.02082712947660911,29,4,3.4281013871559525,False,201.1017243579644,False,0.4677976338070766,False,0.6445758,False,False,0,OK,train
2026-09-18 12:32:45.596748+00:00,0.07474328126744695,-0.02849853215735991,-0.3920320214713101,-0.04167081890065175,9.835320166057157,0.013808210118138502,30,4,2.574926616099895,False,200.65094605361116,False,0.4061585261782255,False,0.50675225,False,False,0,OK,train
2026-09-18 12:37:48.011340+00:00,0.08640518823467482,0.007730346990964545,-0.5323416322866058,0.32233992981533943,9.834661171021557,0.01303414319734449,30,4,3.1752457136821004,False,200.17086703689668,False,0.4217628894394529,False,0.3477783,False,False,0,OK,train
2026-09-18 12:42:50.432519+00:00,0.08572149706349068,0.0056778243348079805,1.386468502508714,0.1063250530686072,9.831170007092723,0.015779733838059515,20,4,2.709103395371494,False,199.6924480322327,False,0.4118336447353793,False,0.53620994,False,False,0,OK,train
2026-09-18 12:47:52.046703+00:00,0.1300404924742992,-0.013992149923818914,-0.4217876246355545,0.5787062435011862,9.839072538013344,0.01819326518135715,28,4,2.5621672555338115,False,199.22993744845985,False,0.4126916820731029,False,0.65231174,False,False,0,OK,train
2026-09-18 12:52:45.252763+00:00,0.08509594716902577,0.0029082056068640673,0.10676992331581867,0.5206936217947032,9.831935933673957,0.021715329966536332,30,4,1.708784727960099,False,198.75375841929625,False,0.3901345198937311,False,0.74938446,False,False,0,OK,train
2026-09-18 12:57:47.872644+00:00,0.08945415862115046,-0.018379147614932558,0.20137396226719567,0.2457011200047587,9.833282288454958,0.014866068747318184,30,4,2.133914041887869,False,198.29479589332973,False,0.39850841022265565,False,0.47727102,False,False,0,OK,train
2026-09-18 13:02:48.996204+00:00,0.07341390776587033,-0.028467437138506677,0.8839186081880104,-0.2570045504087556,9.831677375096142,0.021123972690339644,30,4,2.1073373486332914,False,197.84399244035959,False,0.39248016564397215,False,0.68011147,False,False,0,OK,train
2026-09-18 13:07:51.369048+00:00,0.07826763705035301,0.004810905939769275,-1.1338377077319988,-0.22106860556753938,9.824813317905136,0.016719914938645945,30,4,2.3248139809580715,False,197.3662745704569,False,0.39581984349370397,False,0.5570315,False,False,0,OK,train
2026-09-18 13:12:54.212707+00:00,0.10575103518824712,0.013714726870041393,-0.17065141395583489,0.4827096900475465,9.831252889914602,0.019800098377220146,27,4,1.6934153079758376,False,196.88135558635676,False,0.39195931105867665,False,0.5792708,False,False,0,OK,train
2026-09-18 13:17:46.022211+00:00,0.08701729993806608,-0.019001678179361062,0.2195011155396912,0.5893221725196831,9.83562820444351,0.017451520150277927,30,4,1.599365147715747,False,196.4228965424033,False,0.3903657890638257,False,0.6718701,False,False,0,OK,train
2026-09-18 13:22:48.301786+00:00,0.08579606508963443,-0.04352646936394834,0.7604191563096051,0.07625744285472429,9.832792082859632,0.01768473918382702,20,4,1.7021926110635583,False,195.9842723337832,False,0.3918413281327983,False,0.47160196,False,False,0,OK,train
2026-09-18 13:27:51.117396+00:00,0.07345683307472282,0.015768548633066166,0.9697529775797442,0.8751839087509127,9.830953069252432,0.016918103387265668,30,4,2.2460106819677126,False,195.4976922869581,False,0.4057596476847144,False,0.44025147,False,False,0,OK,train
2026-09-18 13:33:03.452962+00:00,0.07932531015075255,-0.020396199321280926,-0.22069185974693123,0.7659393943643277,9.827496919544373,0.019649349576398363,28,4,1.7022576767763944,False,195.04036108531778,False,0.3894967198508034,False,0.48238474,False,False,0,OK,train
2026-09-18 13:37:55.696962+00:00,0.08781547645861161,0.013861806969664877,0.8562345999783594,-0.9689924119727744,9.825267824700195,0.020262939932148824,28,4,2.65699246095387,False,194.55532314772543,False,0.41512255220236144,False,0.48590034,False,False,0,OK,train
2026-09-18 13:42:47.516808+00:00,0.0606247414474508,-0.024175389790967543,0.23970919765960685,-0.5384316592759737,9.83321012901079,0.01874981481390014,30,4,1.3875962789520797,False,194.10104842962846,False,0.38105335708643767,False,0.57545024,False,False,0,OK,train
2026-09-18 13:47:50.473782+00:00,0.0968943365359374,-0.00810071822897577,-0.2394353590891401,-0.30689722555940685,9.838328527849031,0.016960738977611158,30,4,2.009039960270197,False,193.63377305186958,False,0.3947968842396429,False,0.45639604,False,False,0,OK,train
2026-09-18 13:52:52.851921+00:00,0.08266487371900712,0.010590130869749572,-0.6930247909385747,1.043774348500214,9.830254284598844,0.02008039397577173,30,4,2.254700576580931,False,193.15138113707994,False,0.40836757688664455,False,0.63011533,False,False,0,OK,train
2026-09-18 13:57:54.291311+00:00,0.08646518439776454,-0.006593010713700242,0.5959205867212564,-0.2293762465373108,9.836564312340132,0.017123736576461893,29,4,1.8693758956781554,False,192.68288637563413,False,0.38735144771164487,False,0.5555656,False,False,0,OK,train
2026-09-18 14:02:47.612207+00:00,0.05501279028728237,-0.01483792362716987,0.05906411180738362,-0.012732660810864764,9.824608418013517,0.020055478608654857,30,4,1.402958984263575,False,192.22105982549928,False,0.37237622747428445,False,0.397036,False,False,0,OK,train
2026-09-18 14:07:48.925798+00:00,0.0747034676291215,-0.02574045653107882,0.052137770642521654,-0.8673502357665035,9.824679019159017,0.02107130750570503,20,4,2.2176031077453664,False,191.76805088132235,False,0.3998675754344657,False,0.45044982,False,False,0,OK,train
2026-09-18 14:12:51.316971+00:00,0.05993720361332753,-0.0028432591575929646,0.46171832125765827,-0.37585337659012,9.829933072021626,0.016999999999999807,30,4,1.386762260593158,False,191.29652344554725,False,0.3771074534855523,False,0.59262615,False,False,0,OK,train
2026-09-18 14:17:53.707388+00:00,0.07060452672343101,-0.03485131600802618,-0.45137329899013323,0.46447930824504374,9.83065895058772,0.01882392284683571,29,4,1.340039952903905,False,190.85088306145755,False,0.38339708784996007,False,0.5693476,False,False,0,OK,train
2026-09-18 14:22:46.514158+00:00,0.07375976821154683,0.004430133219997072,-0.2851555755740203,0.3473491624163914,9.830262822073532,0.018842863575605752,29,4,1.1462180247499483,False,190.37347314786487,False,0.37781929878628384,False,0.6040746,False,False,0,OK,train
2026-09-18 14:27:49.510545+00:00,0.06424480462744045,0.01712817684279813,0.33362946207618366,-0.687415518867841,9.831542397478964,0.015723301886760674,30,4,1.9368292842468773,False,189.88579347896953,False,0.39232482663913354,False,0.5541295,False,False,0,OK,train
2026-09-18 14:32:50.314448+00:00,0.07103860410245462,0.010592602652713164,0.3610466724279347,-0.2683355723125796,9.83207282899814,0.015143755588800403,30,4,1.87982312733539,False,189.40339956508404,False,0.3863132832115629,False,0.31371975,False,False,0,OK,train
2026-09-18 14:37:52.927003+00:00,0.05620420695390026,-0.010374398343365804,-0.14761019774870177,-0.4818857496244899,9.826106043136765,0.0161150202466832,28,4,1.493776395265849,False,188.93796306417147,False,0.38177355937076696,False,0.61068225,False,False,0,OK,train
2026-09-18 14:42:55.591830+00:00,0.0558203605881021,0.04022598528884238,0.2914569519424608,0.5752809089571688,9.821879968918264,0.0145401163050397,29,4,2.1376737622707056,False,188.43160265611547,False,0.402790538844752,False,0.42013782,False,False,0,OK,train
2026-09-18 14:53:13.131742+00:00,0.04151710306398297,0.012480236881023258,0.7368250074031065,0.21841764945676534,9.8243210615571,0.01636349780324004,27,4,1.7101450229322124,False,187.94768208645516,False,0.38040188071335185,False,0.49622175,False,False,0,OK,train
2026-09-18 14:57:58.692179+00:00,0.054939745552063456,0.004020949759221182,0.3165800730611183,-0.4789471801742617,9.82840595977047,0.023065456989239078,28,4,2.2877607716984496,False,187.47060310683472,False,0.38770570682286376,False,0.65045094,False,False,0,OK,train
2026-09-18 15:02:46.682123+00:00,0.06483621096315854,0.00485928671028612,0.261246120585358,1.219937737633597,9.82653324479148,0.018061622912191707,30,4,2.1445883887724224,False,186.99284610817415,False,0.4042400136183682,False,0.4995998,False,False,0,OK,train
2026-09-18 15:07:49.348607+00:00,0.03418665967408786,0.021987750562710465,-0.251076650860197,-0.32258447233325693,9.832464968612653,0.019078784028338618,30,4,1.3234280879562954,False,186.50123617769987,False,0.37703551799201535,False,0.55101573,False,False,0,OK,train
2026-09-18 15:12:52.864522+00:00,0.06228833741756646,0.059981474562632336,-0.030860725442038894,0.4729531159795683,9.828528423542696,0.018562207723100743,30,4,1.0874191311990755,False,185.978898187053,False,0.37694031353863044,False,0.5739708,False,False,0,OK,train
2026-09-18 15:17:53.711220+00:00,0.06733658405278449,0.026886319117890006,0.24091281587475397,0.1751293425275085,9.833462770308303,0.022678918257565114,30,4,1.7985206968900596,False,185.4833264572741,False,0.3837672112104958,False,0.5297261,False,False,0,OK,train
2026-09-18 15:22:52.928371+00:00,0.038179206784346664,0.04253786636285418,1.0102393244470935,0.47619266424922974,9.83461443941894,0.014531936210831053,29,4,2.57117343123283,False,184.97509627670638,False,0.40934855807107895,False,0.5244836,False,False,0,OK,train
2026-09-18 15:27:47.639599+00:00,0.03703049949925686,0.0044416110507989,-0.7131621209951167,0.8720621971572432,9.839596938872324,0.018447470172545173,29,4,2.0707771470114005,False,184.49767708022594,False,0.4036894802114597,False,0.5731379,False,False,0,OK,train
2026-09-18 15:32:49.926897+00:00,0.044293508388553726,0.034037596408538394,1.2690018184915297,-0.21375032868179222,9.829688168158063,0.018296174463531597,20,4,2.2774959971314552,False,183.99632163524979,False,0.3916773538994026,False,0.60899097,False,False,0,OK,train
2026-09-18 15:37:51.735626+00:00,0.07180869595776343,0.05982526859392446,-1.097928035861923,-0.13800701299399534,9.831944347079009,0.017710849708132394,29,4,2.088741868736887,False,183.4741099787945,False,0.39220594936473924,False,0.5763539,False,False,0,OK,train
2026-09-18 15:42:52.551420+00:00,0.03231628941417298,0.03209496487696581,0.010101554324172656,-0.3000473228555632,9.830529455174899,0.020396078054370922,30,4,1.53689426459945,False,182.97432566958267,False,0.374178113165173,False,0.37827757,False,False,0,OK,train
2026-09-18 15:47:57.201490+00:00,0.05726931707416322,0.010200003908714079,-0.9784706991374057,1.5820293567304735,9.832449573248464,0.019316501481600974,29,4,3.0263630430407997,False,182.49224927650218,False,0.43796077447921444,False,0.54914266,False,False,0,OK,train
2026-09-18 15:52:47.133934+00:00,0.05270050361809548,0.016311398034691723,0.3596319418687394,0.6527719902371701,9.824997541142478,0.01425936077802438,29,4,2.2417184630906,False,182.00523019113805,False,0.4001740277966382,False,0.46762583,False,False,0,OK,train
2026-09-18 15:57:48.781726+00:00,0.06355591371233484,0.05570314214786749,-0.513930512916228,0.31393716865157845,9.828820649580507,0.01641137816678803,30,4,1.5389027829532302,False,181.4863523734366,False,0.3812891422181203,False,0.4841038,False,False,0,OK,train
2026-09-18 16:02:53.417787+00:00,0.07309450214883764,0.05974855934929085,-1.2495510041030504,0.3187087739440135,9.83017036731098,0.01851823666496175,29,4,2.272330817135493,False,180.96420275686677,False,0.3979675159771109,False,0.5584047,False,False,0,OK,train
2026-09-18 16:07:45.152650+00:00,0.05319393761758167,0.05330226587383013,-0.6291512890896755,-0.6132762555459927,9.83100108937828,0.01749920633120868,30,4,1.7599235803735744,False,180.44726668803455,False,0.38818146452777724,False,0.5749023,False,False,0,OK,train
2026-09-18 16:12:47.138298+00:00,0.06908705047565979,0.014336030716398069,-0.37121422448996444,-1.0431311836212993,9.834890143712467,0.0149950682227827,26,4,2.6947680702320573,False,179.9618452140501,False,0.42018337629566077,False,0.43925673,False,False,0,OK,train
2026-09-18 16:18:49.856107+00:00,0.07105194343929071,0.0616614858749265,-0.8715993094220896,0.9520356598292821,9.827859397519413,0.02076968854347135,23,4,2.3766754212925933,False,179.43814848613667,False,0.4101238973372441,False,0.565267,False,False,0,OK,train
2026-09-18 16:22:51.508885+00:00,0.08068291407647853,0.04306996453962029,0.6002286265662096,2.0318103451518903,9.826742139551888,0.01886178528438214,29,4,3.4369421087164502,False,178.92948796226293,False,0.4451075976597091,False,0.69915134,False,False,0,OK,train
2026-09-18 16:27:53.587086+00:00,0.05095050445069659,0.037774905614687104,0.6905147776862609,-0.8525189716808326,9.824675723650795,0.017419640568938483,28,4,2.0717186563665804,False,178.4251099059163,False,0.3953584560307822,False,0.5354196,False,False,0,OK,train
2026-09-18 16:32:45.751491+00:00,0.0686171213186862,0.03860503233207703,-0.6535042058400224,0.7962136266417831,9.83534445458985,0.014761059883656039,30,4,2.6156436213055363,False,177.92006047069341,False,0.41342297804678696,False,0.3810292,False,False,0,OK,train
2026-09-18 16:37:48.039197+00:00,0.042066108417683205,0.03800996924189577,0.3297384658606369,0.5452389399953177,9.836905801795586,0.01963398737308493,29,4,1.4620014697401447,False,177.41549230270408,False,0.3802164355208065,False,0.5408627,False,False,0,OK,train
2026-09-18 16:42:51.169740+00:00,0.0489110149560726,0.022237255076003618,-1.3919365701256685,-0.7679407685968462,9.826888475285601,0.019218047073865818,30,4,2.773742527827439,False,176.9236805812788,False,0.4133108792699375,False,0.4580416,False,False,0,OK,train
2026-09-18 16:47:51.718414+00:00,0.04577544423705058,0.03262834682353033,0.2069840551398733,0.4016692265482693,9.826961143832078,0.019365684251170905,29,4,1.2913060979013298,False,176.42346489049064,False,0.37249034103225737,False,0.52937,False,False,0,OK,train
2026-09-18 16:52:45.098685+00:00,0.06366750434393967,0.04807009903191419,0.37963820333376525,-0.10320700971552144,9.833937518243982,0.01552417469625969,30,4,1.7470439853009399,False,175.91076042416077,False,0.3837782751541105,False,0.37638298,False,False,0,OK,train
2026-09-18 17:01:38.979271+00:00,0.04956796655587747,0.026825999505005638,0.005254730336155697,-0.688911401847838,9.835295247201763,0.015423647068345503,30,5,2.0644266192891743,False,175.4152374788783,False,0.39311344985309554,False,0.51617104,False,False,0,OK,train
2026-09-18 17:06:40.869342+00:00,0.04384230716905726,0.07971442278483618,1.3432849509057287,1.2065506640385448,9.830605190011875,0.017019258867934903,29,5,2.9273858407991464,False,174.8769401360933,False,0.42978598218044634,False,0.40828127,False,False,0,OK,train
2026-09-18 17:11:43.148692+00:00,0.0730007070804198,0.04590615783447277,0.16267971247028892,0.016527117760517924,9.82416496033715,0.01645806836383651,29,5,1.3056533068086502,False,174.365985793424,False,0.37481542158516223,False,0.38991988,False,False,0,OK,train
2026-09-18 17:16:55.829373+00:00,0.0423893862396199,0.04039320745788295,-0.450868118166456,-0.1838600583320057,9.828093645884616,0.013185296387124526,28,5,2.6112057896126672,False,173.85949014164007,False,0.40796541375553286,False,0.39720392,False,False,0,OK,train
2026-09-18 17:21:49.293587+00:00,0.012138369540626729,0.029997959088172887,0.5300440114360093,0.07892790996100293,9.829837107287892,0.015497695681247774,28,5,1.871004227429393,False,173.36140182095676,False,0.38740599850643404,False,0.40267733,False,False,0,OK,train
2026-09-18 17:26:40.714320+00:00,0.04572829794915392,0.060195468105551674,-0.29837615960017394,0.40055890690717244,9.827859996136826,0.014057804903889328,29,5,2.2186867985865564,False,172.83889075945052,False,0.39512431266827724,False,0.40757358,False,False,0,OK,train
2026-09-18 17:31:41.543470+00:00,0.056874727738723777,0.05464059107414871,0.23816751039993395,0.1759493311508253,9.826707466612865,0.016736249305513904,28,5,1.1281148092609474,False,172.32087229771346,False,0.37290353595761494,False,0.40453747,False,False,0,OK,train
2026-09-18 17:36:44.258709+00:00,0.03306652132863647,0.011871553608080367,0.4006929338896253,0.330442344456914,9.8381419482144,0.0199137027083251,30,5,1.5293266336988323,False,171.83744401083746,False,0.382039490486353,False,0.5846442,False,False,0,OK,train
2026-09-18 17:46:49.738316+00:00,0.049512961177178606,0.07463664178654462,0.1296493366580015,-0.14867663090464434,9.824109684710098,0.01606319268807154,29,5,1.3309065921602,False,171.30325340841986,False,0.37616597165145005,False,0.38105366,False,False,0,OK,train
2026-09-18 17:51:41.388421+00:00,0.021743173613535727,0.051138081213171725,0.4490034371684748,0.6739632936483002,9.838009496711804,0.016048381073406805,29,5,2.0668354209498356,False,170.78806766015316,False,0.39356277133333933,False,0.49661514,False,False,0,OK,train
2026-09-18 17:56:43.168594+00:00,0.05066516690531984,0.08212411641768855,0.6689412361860877,-0.3203005149258798,9.830015622991862,0.016947631758514898,30,5,1.6078483859365889,False,170.2478214373124,False,0.3794338399123532,False,0.6414295,False,False,0,OK,train
2026-09-18 18:01:45.453955+00:00,0.047580479386758086,0.04713172823749847,0.8480389971833733,-0.2823633311280557,9.82404474192137,0.01892675942210412,30,5,1.8821399361818332,False,169.7358758940677,False,0.3807744326310235,False,0.5241816,False,False,0,OK,train
2026-09-18 18:06:47.953669+00:00,0.0317646118814911,0.008970993452449387,-0.755056554381266,-0.36472685326625043,9.827978456841668,0.018473234808246593,29,5,1.773909303938888,False,169.25479348376322,False,0.38134092973308026,False,0.2933247,False,False,0,OK,train
2026-09-18 18:11:40.295613+00:00,0.04639521279143041,0.07352795513873031,0.08304156703664181,-0.3634644175871702,9.82875768956311,0.01808928473495313,30,5,1.1645334968123433,False,168.72149955022775,False,0.371395718815979,False,0.46443802,False,False,0,OK,train
2026-09-18 18:16:42.519487+00:00,0.03471052369051161,0.03763432095621804,-0.8373367715163772,-0.6489089269687727,9.827279411113738,0.018208667044996494,30,5,2.047173928008321,False,168.21723519407655,False,0.38921012680254263,False,0.5501833,False,False,0,OK,train
2026-09-18 18:21:44.668245+00:00,0.04394717630304955,0.009682019817116552,-0.7322892190181809,0.19014306382285717,9.837662580691509,0.021730433042782202,23,5,1.9349346065034352,False,167.73557772929945,False,0.3896469874390374,False,0.70465076,False,False,0,OK,train
2026-09-18 18:27:17.264022+00:00,0.02984589605108491,0.040423617192568324,-0.6629932795379648,-1.4083756531626266,9.821514187426951,0.018593279946571794,26,5,2.9095952107304925,False,167.22905748313363,False,0.43808473157304884,False,0.53838927,False,False,0,OK,train
2026-09-18 18:31:39.308688+00:00,0.029912297610891772,0.052850911997098224,-0.4728574778870651,0.5441106166330669,9.836785698476291,0.015477582354991538,30,5,2.108462529246255,False,166.7124864543034,False,0.39673328775594036,False,0.33934373,False,False,0,OK,train
2026-09-18 18:36:41.389097+00:00,0.039074862853784156,0.05570396882004387,-0.47033784507260684,0.022413011466097088,9.834192464781582,0.019267128022157656,30,5,1.3455756292245986,False,166.19360796801698,False,0.3754459265415677,False,0.5141012,False,False,0,OK,train
2026-09-18 18:41:43.888566+00:00,0.016933029195895476,0.03959875999849076,0.31712246235123615,0.2582514343156841,9.840376678500887,0.017536405281701035,28,5,1.7559072705644545,False,165.6877548389122,False,0.38559347770270636,False,0.49310705,False,False,0,OK,train
2026-09-18 18:46:46.068503+00:00,0.02613141126803328,0.04369128994514113,0.23612380878300734,-0.10937767849369356,9.835431466150123,0.016458068363836637,29,5,1.5311092951848042,False,165.17859180771785,False,0.37453942112639443,False,0.3518742,False,False,0,OK,train
2026-09-18 18:51:48.372976+00:00,0.05770537769508363,0.07607803246740878,-0.10194128621393314,-0.0937226672192056,9.820933798581375,0.019205379745715893,29,5,1.4037862395771872,False,164.64323545646306,False,0.38202874464454206,False,0.5136466,False,False,0,OK,train
2026-09-18 18:56:40.524806+00:00,0.04882862532153225,0.06005980816190349,-0.9238234039186698,0.6567293777091143,9.824892690907355,0.018574175621006456,30,5,2.1345568488176774,False,164.12083411220675,False,0.3969982293945039,False,0.47676992,False,False,0,OK,train
2026-09-18 19:01:42.894142+00:00,0.023558435816414546,0.05815654856591127,0.44461461676745895,-0.04993690323239076,9.823010322134277,0.01874981481390005,30,5,1.7092428608378327,False,163.5999720610029,False,0.37723652553895476,False,0.3853625,False,False,0,OK,train
2026-09-18 19:06:45.214006+00:00,0.04056249256831389,0.05484233949845206,0.24301055775390545,-0.36132108057685747,9.832286296647176,0.014448183276799583,20,5,2.084444355851957,False,163.0817904318511,False,0.3889101205461492,False,0.43779817,False,False,0,OK,train
2026-09-18 19:11:47.473917+00:00,0.057074407244104106,0.07529884747063034,0.5824768504662499,0.6319485023616221,9.823460737896077,0.01873527959614598,29,5,1.7188794316223477,False,162.5470642595034,False,0.3888520522035118,False,0.45648167,False,False,0,OK,train
2026-09-18 19:16:39.621357+00:00,0.052488990770616015,0.04380192994040989,0.0844495249179525,-0.6136504339937108,9.823504004522142,0.017813852287849617,30,5,1.5004926393005749,False,162.03781174636114,False,0.3787923856804505,False,0.5354466,False,False,0,OK,train
2026-09-18 19:21:42.038638+00:00,0.05432096564401596,0.06846534414480542,0.7756985564495879,-0.6459070584035607,9.829780279625561,0.017451520150277938,30,5,1.9406461773452934,False,161.50861228419816,False,0.390096722417513,False,0.7073289,False,False,0,OK,train
2026-09-18 19:26:44.434231+00:00,0.05061466356717332,0.04995647456837783,-0.42022307861262437,-0.15868980798374135,9.821452964943452,0.018330302779822966,30,5,1.495587180774135,False,160.99438218008157,False,0.37911325119303124,False,0.49933183,False,False,0,OK,train
2026-09-18 19:31:46.901596+00:00,0.020906184529251647,0.047098757844454144,0.42548661012439815,1.2661156526799753,9.824895522295684,0.01621056451523176,29,5,2.587860312187034,False,160.48246330219405,False,0.41324672844661986,False,0.44159752,False,False,0,OK,train
2026-09-18 19:36:39.051939+00:00,0.04561445793966289,0.09343192818486092,0.22582874034280284,1.2401380862609406,9.820064595197852,0.020923960629348756,29,5,2.730680147554359,False,159.9330716973317,False,0.4255528094377246,False,0.6546347,False,False,0,OK,train
2026-09-18 19:41:41.373762+00:00,0.03227370533501635,0.060703218149588144,-0.10941464708885315,0.5757566990243319,9.831468137090866,0.0170098010962304,30,5,1.4373700272543115,False,159.41014998447935,False,0.3803383523230468,False,0.590096,False,False,0,OK,train
2026-09-18 19:46:44.861327+00:00,0.03488820269136671,0.05249654867605814,0.3375063821462632,0.07167263260168212,9.82301763303351,0.020224333577130344,26,5,1.7560237131818646,False,158.89386555291583,False,0.37621459914529043,False,0.57917446,False,False,0,OK,train
2026-09-18 19:52:56.369913+00:00,0.05118956897374815,0.07085871485066175,0.9217444929105051,0.49403583245061816,9.826350173175852,0.018987816885640888,22,5,1.9061263593856916,False,158.36273041213747,False,0.38734963262949546,False,0.41836235,False,False,0,OK,train
2026-09-18 19:56:39.207500+00:00,0.03229882457036125,0.05536157449882171,-0.400885899335557,0.06233764696856124,9.829144415136454,0.017701224063135297,30,5,1.2759088814448478,False,157.84412884298885,False,0.37529056711149383,False,0.5337417,False,False,0,OK,train
2026-09-18 20:01:40.871491+00:00,0.03595779860437052,0.06201526157665137,1.01773416616551,0.07266769073443574,9.828502087764466,0.017578395831246568,30,5,1.9090854355646754,False,157.32014599305563,False,0.3834185185677119,False,0.5404422,False,False,0,OK,train
2026-09-18 20:06:42.963725+00:00,0.030384469161158795,0.05580370046334752,0.38407684849009843,-0.45119474235119894,9.826905291221333,0.014922019523732608,30,5,1.9349483665304457,False,156.80118684713352,False,0.38861562175946845,False,0.4042569,False,False,0,OK,train
2026-09-18 20:11:45.529688+00:00,0.053120770455280436,0.0739321734119863,0.9049121794174924,1.088699614296231,9.823088780864998,0.018061622912191707,30,5,2.4451725289441626,False,156.2675659953043,False,0.40608369756842577,False,0.54738736,False,False,0,OK,train
2026-09-18 20:16:48.144441+00:00,0.02208505874985074,0.09097724306057976,-0.03971019788766049,0.07646418669792643,9.822317042171965,0.018588733754404695,29,5,1.6043322607406383,False,155.72015965811943,False,0.38231572293255306,False,0.46740982,False,False,0,OK,train
2026-09-18 20:21:39.593145+00:00,0.05329678400403231,0.07360802264538614,0.7358083894275239,0.5794175956591313,9.823187397118438,0.013364015431086682,29,5,2.732663803827494,False,155.1868009686479,False,0.42157783028389695,False,0.3908112,False,False,0,OK,train
2026-09-18 20:26:42.094508+00:00,0.016866567720334347,0.08031346478535793,-1.221095500737066,0.5514647726980734,9.826202510682378,0.01691810338726567,30,5,2.6693125101651463,False,154.64801914061903,False,0.41164754799832287,False,0.27202648,False,False,0,OK,train
2026-09-18 20:31:44.773575+00:00,0.01750134595348177,0.08660902314602106,0.19469619679566227,-0.9315359736237734,9.827694190502426,0.01388344337691479,20,5,2.7095832439785257,False,154.10414567439943,False,0.41760885115742125,False,0.3172257,False,False,0,OK,train
2026-09-18 20:36:46.534288+00:00,0.017185876715551444,0.06675163880263378,-1.2942882955475912,-0.5593237346626895,9.827530309168532,0.02171044998440963,29,5,3.0471839117175414,False,153.57633220011363,False,0.4100533923669754,False,0.5449639,False,False,0,OK,train
2026-09-18 20:41:39.415512+00:00,0.024876314900093375,0.07526478246501449,-0.19510175191098425,-0.45592110253593043,9.827222910617524,0.016613247725835795,30,5,1.5919580280906216,False,153.04163357840935,False,0.38004081297725667,False,0.57393616,False,False,0,OK,train
2026-09-18 20:46:41.384423+00:00,0.04450542302946607,0.07519959418309266,0.4349025086660244,0.0632799921369944,9.825492830652614,0.018024674446127466,30,5,1.2321118550070043,False,152.50698767881912,False,0.3737908704060868,False,0.47235107,False,False,0,OK,train
2026-09-18 20:51:43.892566+00:00,0.026712979277749644,0.045371710827263566,-0.29187887824148856,-0.41422839109078563,9.827426981710593,0.013988090172237894,30,5,2.2747652738634314,False,151.99646557911174,False,0.39872489879302514,False,0.3723036,False,False,0,OK,train
2026-09-18 20:56:45.333975+00:00,0.027873837921125234,0.09531401951674548,0.4585819215845316,-0.7451574372503276,9.82390187468852,0.016298347997374098,29,5,2.001736106862824,False,151.44555180138485,False,0.3943381213544302,False,0.39762577,False,False,0,OK,train
2026-09-18 21:01:39.033370+00:00,0.029139523138473497,0.05551574756532893,0.4066802481204073,0.6769757238766497,9.825393051397905,0.01556349003990467,30,5,1.9489227637612012,False,150.92682554218837,False,0.39114291341314344,False,0.34993258,False,False,0,OK,train
2026-09-18 21:06:40.490661+00:00,0.02484115274869725,0.09479322561275035,0.10785569860828144,0.06246652688945913,9.82570447408246,0.02107130750570543,30,5,1.8699445209354877,False,150.37633296524768,False,0.37938092013862174,False,0.57331556,False,False,0,OK,train
2026-09-18 21:11:42.893545+00:00,0.03469253046134753,0.08423185202670469,-0.6330901095579577,-0.2934891740618125,9.824503474170744,0.020773915267843744,30,5,2.0325425708402762,False,149.8343820759567,False,0.386236139217333,False,0.62017393,False,False,0,OK,train
2026-09-18 21:16:44.974993+00:00,0.03780044906004374,0.0687307181331734,0.7081548047208278,-1.2931358174134937,9.82774853012652,0.01777638883463101,20,5,2.6739182560255563,False,149.30496798813917,False,0.42348417327669247,False,0.44627225,False,False,0,OK,train
2026-09-18 21:21:47.794128+00:00,0.034875479546870126,0.07950201650362951,0.28569792404486016,-0.284985851145895,9.825268610082222,0.016935212631459886,29,5,1.368548681813674,False,148.76684243248909,False,0.3743452995402166,False,0.36280143,False,False,0,OK,train
2026-09-18 21:26:39.833946+00:00,0.009594899542026558,0.05487405428473045,-0.10184727703387512,0.7762565057884581,9.831388906356473,0.01598610507770886,30,5,2.065084341161949,False,148.2486351534731,False,0.3959066497915018,False,0.37621936,False,False,0,OK,train
2026-09-18 21:31:41.292945+00:00,0.02910446366710507,0.0689080689176823,-0.18530805359948888,0.07243924341164402,9.820465167472314,0.018454147380888287,30,5,1.6444067977944343,False,147.71907763024032,False,0.3853426027927417,False,0.44829443,False,False,0,OK,train
2026-09-18 21:36:43.679055+00:00,0.03643339787069574,0.09708590562736065,-0.051225681849307245,0.06781146282530347,9.821801673339907,0.014851112939963327,30,5,1.8145280466674492,False,147.16673080996603,False,0.39633220809410086,False,0.3326279,False,False,0,OK,train
2026-09-18 21:41:45.769719+00:00,0.024246737549123033,0.06389458624102107,0.016401388732123864,-0.05486684463467901,9.825028642901414,0.01957606248003442,30,5,1.5756560440080596,False,146.6412280247569,False,0.3726142153865133,False,0.6102874,False,False,0,OK,train
2026-09-18 21:46:48.194023+00:00,0.035508652211571186,0.08498553417035969,-0.39062416212843315,0.4647517019879866,9.82401493879403,0.0162983479973741,29,5,1.7054044499275332,False,146.09866758241813,False,0.3864431465608706,False,0.6515153,False,False,0,OK,train
2026-09-18 21:51:40.740105+00:00,0.003439403138420659,0.06058023506127298,0.40518055532790404,0.3470984006737049,9.831578337443897,0.016224124698183597,30,5,1.905826826368691,False,145.57584533419677,False,0.3885551772690405,False,0.41615283,False,False,0,OK,train
2026-09-18 21:56:43.315562+00:00,-0.007353145065372475,0.050362411232334016,0.6956417178342057,0.8359520315604787,9.828301833897633,0.015898113095584303,20,5,2.5906064598373213,False,145.06128692200917,False,0.4075947806029551,False,0.3641782,False,False,0,OK,train
2026-09-18 22:01:45.394333+00:00,0.032759072198077034,0.09999463791214683,-0.14436677526542227,-0.9615183739412348,9.822763928218532,0.015477582354991542,30,5,2.228405981364751,False,144.50658761581712,False,0.4091260865682982,False,0.38406128,False,False,0,OK,train
2026-09-18 22:06:47.258367+00:00,0.03935886076567077,0.06929340117183394,0.19325242484627467,0.5160506426816387,9.82704521056561,0.015734116615930473,29,5,1.6063215814543543,False,143.97671844867463,False,0.381789296128339,False,0.38077044,False,False,0,OK,train
2026-09-18 22:11:39.219649+00:00,0.02850938379468135,0.06705266361855412,-0.3445623302804124,-0.3212368508539271,9.823942371793411,0.016683325008322574,30,5,1.5871769460048375,False,143.4486615155308,False,0.37804451208662254,False,0.39058042,False,False,0,OK,train
2026-09-18 22:16:41.505392+00:00,0.009453113111557943,0.08957986190586029,0.20764821271837047,0.14028415538090655,9.825008602735142,0.013287420951996216,30,5,2.5808968583468688,False,142.9023853337423,False,0.41075128455471843,False,0.35762534,False,False,0,OK,train
2026-09-18 22:21:43.883227+00:00,0.02241218693526871,0.08002859855511578,0.7187331596634875,-0.172450961326203,9.82651295186066,0.019310331143946573,30,5,1.9255848137130607,False,142.36383389604484,False,0.380719918628081,False,0.44761193,False,False,0,OK,train
2026-09-18 22:26:46.273714+00:00,0.025147677432242808,0.08002954817428096,0.05342885331926029,-0.289278203236846,9.833102883235771,0.021675822241411437,21,5,1.9621138731287848,False,141.825281690327,False,0.38180970260978575,False,0.45982864,False,False,0,OK,train
2026-09-19 04:03:23.487712+00:00,-0.006139572708980265,0.08838878249907085,-0.1312768157784086,1.2313758276694136,9.840251864480111,0.018844151368961393,28,6,2.760776883168477,False,141.27996881394338,False,0.42607743908966483,False,0.5509421,False,False,0,OK,train
2026-09-19 04:13:26.306932+00:00,0.03922931891078365,0.2054906569651072,-0.24814004497630887,0.24696133628570327,9.848755562099656,0.019032136564826836,30,6,2.597587629118312,False,140.63994783669241,False,0.3893593776389619,False,0.56667525,False,False,0,OK,train
2026-09-19 04:18:27.786828+00:00,0.06390550568452515,0.23042536921641535,0.46403242328095956,-1.7810605891323887,9.863523310361098,0.018027756377320202,30,6,5.630658649116257,False,139.97976049358468,False,0.4764355020273213,False,0.4846185,False,False,0,OK,train
2026-09-19 04:23:30.188553+00:00,0.05287430655241914,0.21068457564655735,-1.4801126120107335,-0.6640814532789923,9.860081753252397,0.02340227909129087,30,6,4.693955938655063,False,139.33553884767127,False,0.4340680596571028,False,0.60759455,False,False,0,OK,train
2026-09-19 04:28:31.401708+00:00,0.04684295623626454,0.23062632144449408,-0.1334165446495926,-1.1848048156809892,9.873079742328423,0.02283685612386012,29,6,5.792224290972514,False,138.6751889810858,False,0.4462727901606889,False,0.51259536,False,False,0,OK,train
2026-09-19 04:33:24.386336+00:00,0.0325476814850538,0.20848828249161472,0.11580398849948652,-1.7062408771673863,9.856697126054915,0.017578395831247127,30,6,4.836812977996293,False,138.03274362402004,False,0.456149375695654,False,0.6582141,False,False,0,OK,train
2026-09-19 04:38:26.788622+00:00,0.04603361282430059,0.16395913861332642,0.16354746451852192,0.8116550074515613,9.852422786792186,0.01977933826552923,30,6,2.901475322480535,False,137.42631195733452,False,0.4033796251213618,False,0.45552963,False,False,0,OK,train
2026-09-19 04:43:27.956961+00:00,0.06988175135048584,0.1647283436381329,0.731861051997543,-0.7338228588358959,9.846330237689468,0.02080598204576968,30,6,3.1056289878785686,False,136.81925818321128,False,0.41717709265760516,False,0.5761896,False,False,0,OK,train
2026-09-19 04:48:30.114554+00:00,0.02714166202009852,0.15509002642997258,0.16714546856096263,0.19534958810606862,9.862125359817453,0.01681269361722485,30,6,4.036357135201166,False,136.21999955944327,False,0.40342665564474983,False,0.49042708,False,False,0,OK,train
2026-09-19 04:58:24.852157+00:00,0.057016210999559,0.17014382741981585,0.0007077781062580577,0.08097026138597228,9.84682575134053,0.022373098926066398,30,6,2.4854762111166884,False,135.60856592217453,False,0.39206067538487865,False,0.4287832,False,False,0,OK,train
2026-09-19 05:03:26.627330+00:00,0.042918415414091256,0.16225988174887707,0.12358860213312535,-0.27705342738150285,9.848619605302874,0.017829438827088574,30,6,2.681261050574699,False,135.003508557918,False,0.38906682267864096,False,0.62149346,False,False,0,OK,train
2026-09-19 05:08:28.813814+00:00,0.035535754525566655,0.15356119275144015,-0.28878112370738795,-0.6900321945037989,9.84576600386838,0.020604745947367158,30,6,2.7338326766950196,False,134.40548640397503,False,0.4052149597278471,False,0.6585448,False,False,0,OK,train
2026-09-19 05:13:30.937315+00:00,0.039805293872335605,0.1944131733197963,0.27012018644210956,0.9073570558356427,9.848070013959356,0.029000000000000112,30,6,3.963988147543756,False,133.77442452702215,False,0.4232414536562057,False,0.7438989,False,False,0,OK,train
2026-09-19 05:18:33.286493+00:00,0.014835941169180418,0.194234666181529,-0.7478313946481863,-0.21751891009758817,9.850802732157893,0.015996432420335466,29,6,3.5130160067836154,False,133.14350702070496,False,0.41213775629269506,False,0.58216095,False,False,0,OK,train
2026-09-19 05:23:25.131898+00:00,-0.024099132110423672,0.18250348826779372,1.3624162539907405,0.18156593767985413,9.86513289301024,0.06865048352989878,30,6,10.60401434149973,False,132.5220773008661,False,0.5360541235629045,False,7.1350274,False,False,0,OK,train
2026-09-19 05:28:27.727303+00:00,0.03859239807124192,0.15830422708509442,0.6430494358172276,-0.9544170906785533,9.848601867299092,0.022171052197754563,30,6,3.5382875412624215,False,131.9202191385233,False,0.4172179092734767,False,0.7837171,False,False,0,OK,train
2026-09-19 05:33:29.607743+00:00,-0.05240288249339699,0.15126976142838106,-1.7144317022796778,0.5396953017556462,9.846897232900137,0.0609323395250831,20,6,9.81215057195489,False,131.32405021801375,False,0.5402306996386539,False,3.6812732,False,False,0,OK,train
2026-09-19 05:38:33.150243+00:00,0.06688656781853104,0.1882550839289903,-0.6449198390942369,1.4704068356378668,9.848804169395407,0.016949249279233743,29,6,3.5322966492085555,False,130.69796879892147,False,0.454866773753875,False,0.52092546,False,False,0,OK,train
2026-09-19 05:43:23.941382+00:00,0.07353343168062472,0.20944205159952553,-0.6897646594808267,-0.6981286283608534,9.85232639813603,0.023485219938411402,30,6,3.683247705508785,False,130.0547520651268,False,0.4163181809519929,False,1.1690593,False,False,0,OK,train
2026-09-19 05:48:26.021563+00:00,0.04664567847121527,0.1816041134657365,0.663636483749946,0.8568608511684902,9.85480889851674,0.021161291024229582,29,6,3.385404863174759,False,129.43404972971163,False,0.4117651242765629,False,0.6899712,False,False,0,OK,train
2026-09-19 05:53:28.516970+00:00,0.03622721137777522,0.15041425541222034,-0.6698656057032648,0.26508061515377906,9.84856108392064,0.021408720964441814,30,6,2.692993328346091,False,128.83857271401095,False,0.3976116651081688,False,0.79778326,False,False,0,OK,train
2026-09-19 05:58:30.603393+00:00,0.025168222227273624,0.1808524841609628,0.3061381001057466,-1.7431331106471508,9.847851842865204,0.034602504726295995,30,6,6.117722404698734,False,128.21847827137577,False,0.47587484186085416,False,1.626861,False,False,0,OK,train
2026-09-19 06:03:32.576618+00:00,0.03446832647250547,0.1918127140953771,-2.235944992052497,-0.7544116513789088,9.854824317539098,0.038728298360963316,29,6,6.8753875725182425,False,127.58951955934361,False,0.49695498556204115,False,1.5265322,False,False,0,OK,train
2026-09-19 06:08:24.729814+00:00,0.02697789509242924,0.18241698725906183,1.14552709316214,0.3696867298850131,9.850151860362216,0.03954743986657053,30,6,6.278983620499245,False,126.96815979864331,False,0.4530113095501964,False,1.5152205,False,False,0,OK,train
2026-09-19 06:13:37.051323+00:00,0.04009530760411844,0.1757502155972223,-0.6550884261840816,-0.6539741208882892,9.856894933615523,0.024502707055777128,28,6,4.042587891261013,False,126.35219190110395,False,0.4113487786487604,False,0.79687375,False,False,0,OK,train
2026-09-19 06:18:29.201650+00:00,0.09682647913921781,0.2097096251716703,-0.12884290974166926,0.7572355889144292,9.85295748326061,0.030724582991474403,20,6,4.307484586917291,False,125.70875876270452,False,0.42774019319233786,False,0.8907036,False,False,0,OK,train
2026-09-19 06:23:31.386655+00:00,0.08883723581859143,0.2170609347210321,0.6306932531005909,-0.07082792913766689,9.850943604338738,0.038443320471687976,30,6,5.73074505634474,False,125.05938012967076,False,0.44261678626391143,False,1.3873372,False,False,0,OK,train
2026-09-19 06:28:33.567350+00:00,0.06173035679043212,0.2422598952469608,-0.469320712180827,0.5474734254200759,9.849925489352259,0.023397510970603365,29,6,3.0459028841437994,False,124.3896214155655,False,0.40535013198568,False,0.81933427,False,False,0,OK,train
2026-09-19 06:33:25.721244+00:00,0.05628573403796674,0.23611990620863849,-0.17358583088264617,0.7810732199105346,9.846119212846947,0.024812631191928503,30,6,2.9991745893297734,False,123.72482852035782,False,0.4118762412536594,False,0.9428587,False,False,0,OK,train
2026-09-19 06:38:28.327435+00:00,0.0895728135536435,0.24101795326679418,0.23063844302816475,-0.4344775338495116,9.852493531887626,0.04583666654546324,30,6,6.890781914013369,False,123.05607424761496,False,0.47155513578214575,False,2.0694823,False,False,0,OK,train
2026-09-19 06:43:30.304361+00:00,0.05639218608631155,0.23831500387010343,-0.7266246977703004,0.09361865313448814,9.860149648183853,0.03553402125663061,30,6,5.55206668116143,False,122.38950603043499,False,0.42210400472958404,False,1.3916953,False,False,0,OK,train
2026-09-19 06:48:32.289693+00:00,0.044602451201087016,0.23710159768237815,-0.8738325200336724,0.05053760338746831,9.845432822543355,0.036798128474355964,29,6,5.359630162099974,False,121.7239191758177,False,0.43351233159867353,False,1.3785416,False,False,0,OK,train
2026-09-19 06:53:24.628779+00:00,0.0594677620712996,0.22245033179768736,-0.08393035756251087,0.10031295481941173,9.860159595736935,0.03756623779701963,30,6,5.780199311247493,False,121.07018177769775,False,0.4243759964142619,False,1.2167425,False,False,0,OK,train
2026-09-19 06:58:26.723935+00:00,0.055673661082950056,0.2469338056910971,-0.2236667700663933,0.21986914681134528,9.850629489342088,0.0379120876355928,24,6,5.4951711704004405,False,120.3966429602952,False,0.4240729505051332,False,1.994855,False,False,0,OK,train
2026-09-19 07:04:09.893387+00:00,0.11808934756918095,0.2176290410011491,0.13837545838316825,0.3759634627876054,9.86544803653825,0.04289280708240362,26,6,6.756701738261254,False,119.74680486179919,False,0.4748843323671342,False,2.5119963,False,False,0,OK,train
2026-09-19 07:08:31.599295+00:00,0.07245630001101987,0.26447957786135184,0.010378758605552586,-0.08642697079357353,9.84832307611406,0.028397551434363316,29,6,3.783152597939831,False,119.05907560749651,False,0.41139472309589803,False,0.9885232,False,False,0,OK,train
2026-09-19 07:13:23.642932+00:00,0.0901507348432257,0.22445505496374754,1.7988886476186687,-0.43765430716714576,9.854844801220672,0.03221628297753931,30,6,5.8538903339965325,False,118.40371685596367,False,0.46615748760941,False,1.2034962,False,False,0,OK,train
2026-09-19 07:18:25.828271+00:00,0.05771134024998502,0.25834704294617844,-0.036382836237171444,-0.25664186184769766,9.858014086295894,0.032856590747604414,30,6,5.122299234494524,False,117.72094739191172,False,0.4127795902965288,False,1.066886,False,False,0,OK,train
2026-09-19 07:23:28.223984+00:00,0.05762063387845065,0.23362668659026883,-0.5508578470258505,-0.6573893343921049,9.857194724181056,0.02756003547812605,30,6,4.486167313279324,False,117.05817092979855,False,0.4140091339757715,False,0.8562874,False,False,0,OK,train
2026-09-19 07:28:30.634277+00:00,0.045265152295570356,0.2619821484895943,-0.613236891467667,-0.548752932886291,9.84956111002759,0.028213471959331694,30,6,4.1565546086498335,False,116.37246151329887,False,0.41789611435834995,False,1.1015832,False,False,0,OK,train
2026-09-19 07:33:33.098382+00:00,0.06228637035031868,0.23840348746763437,-0.7942889345544393,-0.3757430205885294,9.857576380329187,0.0301103412976543,28,6,4.772062541081637,False,115.70582173352848,False,0.41711918590999403,False,1.0048212,False,False,0,OK,train
2026-09-19 07:38:24.946902+00:00,0.04339250231222414,0.2532475872536742,-0.0007803582436072717,-0.6503776745164044,9.855604760522757,0.03496665077851561,30,6,5.565075531997217,False,115.02717653961564,False,0.424784912556383,False,1.6679341,False,False,0,OK,train
2026-09-19 07:43:27.435521+00:00,0.07379486028017523,0.21300150187742434,0.028497807678291298,-0.1532410946165438,9.847434992609667,0.028809720581775902,20,6,3.7695315871086996,False,114.38108104083545,False,0.40703206169138073,False,0.96186,False,False,0,OK,train
2026-09-19 07:48:29.624572+00:00,0.061853570627627655,0.2508782018836655,0.5831131596532311,0.8833304856700583,9.857657852552604,0.02481263119192861,30,6,4.000353851421892,False,113.70435212699618,False,0.4201143858498374,False,0.9464247,False,False,0,OK,train
2026-09-19 07:53:32.649949+00:00,0.02119551762964079,0.24663656169728354,-0.7367724241041136,-0.17148460504484983,9.856975363253301,0.03413270597421876,29,6,5.458704995709522,False,113.0310537106485,False,0.42264106539607843,False,1.3284943,False,False,0,OK,train
2026-09-19 07:58:23.957964+00:00,0.049612236799497215,0.24553426553864108,-0.25895242135715946,0.5384793599816363,9.860710879679434,0.03604934889225551,30,6,5.5897992897838495,False,112.35864679476785,False,0.4265297933920395,False,1.6740596,False,False,0,OK,train
2026-09-19 08:03:26.269837+00:00,0.03188558948655622,0.21778433220476273,0.07677398484028784,0.32607905947553056,9.851957902053208,0.03321478920936011,30,6,4.847761523937446,False,111.70868310191187,False,0.4204280350248082,False,1.0967886,False,False,0,OK,train
2026-09-19 08:08:28.839443+00:00,0.019684081668068985,0.2139118340125378,0.14479795318334435,-0.6601621393528745,9.862578131275619,0.03579106033634659,30,6,6.124939267196202,False,111.0618513567815,False,0.43810574775902084,False,1.402018,False,False,0,OK,train
2026-09-19 08:13:30.833401+00:00,0.06566013467356785,0.24763444027722684,-1.3595754334542387,-0.22448100614030275,9.85347627585028,0.026801741236966888,30,6,4.31020851234671,False,110.38774588943114,False,0.42972095992719644,False,1.1419996,False,False,0,OK,train
2026-09-19 08:18:33.413318+00:00,0.07076542699519187,0.25301724745877,-0.7888996990382995,-0.5262479215825014,9.855874788284604,0.025781163033248695,28,6,4.1930485027375655,False,109.70928698668256,False,0.41371790069163483,False,1.0182339,False,False,0,OK,train
2026-09-19 08:23:25.673676+00:00,0.041718954078778514,0.2511112283313137,0.22975950124755665,-0.5350839234086809,9.853755910676531,0.026370592774249614,28,6,4.105465839617766,False,109.03236960880366,False,0.4063849111793494,False,1.4517398,False,False,0,OK,train
2026-09-19 08:29:48.468942+00:00,0.034727551735696686,0.23228208172055947,1.3775492383391779,1.123546027485729,9.857999727973283,0.02282252765569696,22,6,4.4763178834205375,False,108.37068061838305,False,0.45236547920614123,False,0.80724216,False,False,0,OK,train
2026-09-19 08:33:30.451406+00:00,0.04609321394686834,0.2730543210686974,-0.7487445960097722,0.15039534132370275,9.862480591123411,0.028341175385333404,30,6,4.785749992998832,False,107.67601639699896,False,0.41686924005474857,False,1.0497153,False,False,0,OK,train
2026-09-19 08:38:32.544012+00:00,0.05991166730109324,0.30398894561841006,-1.124596090607266,-1.2143482472232972,9.858524860423596,0.01858233597973466,29,6,4.933653306463932,False,106.95633328026834,False,0.4466571317242675,False,0.58610934,False,False,0,OK,train
2026-09-19 08:43:24.795253+00:00,0.08011439677140894,0.3290986173662481,0.3636909334501079,-0.1280598797900117,9.859806025331638,0.019414742427943887,29,6,4.2173524374066975,False,106.21634229625988,False,0.41425412361148956,False,0.6719024,False,False,0,OK,train
2026-09-19 08:48:28.027812+00:00,0.046127361746201044,0.24062325449512126,0.6292968764996403,0.20148870358361604,9.86676364824884,0.01857118436957906,30,6,4.674652573934619,False,105.54790724275455,False,0.41573910549309545,False,0.4857075,False,False,0,OK,train
2026-09-19 08:53:29.457993+00:00,0.03159250151290399,0.2924626525394604,-0.2647426671583031,-0.628331605359425,9.86979669768892,0.025024432505498097,30,6,5.395010683248296,False,104.83754620846305,False,0.4261010135500865,False,0.8204186,False,False,0,OK,train
2026-09-19 08:58:32.164486+00:00,0.023222751934097882,0.2550052135714752,-0.3694331976631793,0.8023972720750469,9.864015228122982,0.024789242421533318,29,6,4.4965127462304775,False,104.15747950484892,False,0.4214272616080015,False,0.69536793,False,False,0,OK,train
2026-09-19 09:03:24.434285+00:00,0.06445771941312284,0.3018897497328713,0.29279893042684013,0.621521725155457,9.869454314276808,0.02213889781968926,29,6,4.9061516182539435,False,103.43949414792424,False,0.4209429426844132,False,0.6941156,False,False,0,OK,train
2026-09-19 09:08:26.835583+00:00,0.001828095537718791,0.28717595970629806,-0.30197619522409114,-0.47379544584448424,9.868784808789,0.059436941374872446,20,6,9.380555364420829,False,102.73340881494308,False,0.5030244687212932,False,3.4667761,False,False,0,OK,train
2026-09-19 09:13:29.422871+00:00,0.043234134515451945,0.32438071943381713,-0.06741676959275675,0.056355842683337785,9.876534884269546,0.027535835237418,30,6,5.959166762923295,False,101.99723350984928,False,0.4419045839252629,False,0.75336486,False,False,0,OK,train
2026-09-19 09:18:31.369396+00:00,-0.0070966344130649825,0.2824742516755515,0.9877267052554491,0.6647161704040458,9.863176605653381,0.038605292497260676,29,6,6.8340295510616835,False,101.29495076192883,False,0.4650951638047605,False,1.4189152,False,False,0,OK,train
2026-09-19 09:23:23.692133+00:00,0.03431854335267664,0.2616866587284623,-0.5173041136619091,0.12770313182578774,9.858573505222312,0.03419064199455756,30,6,5.361872207323671,False,100.60948032771898,False,0.4197453221678345,False,1.3987057,False,False,0,OK,train
2026-09-19 09:28:26.128510+00:00,0.058363947640098265,0.26765466350044304,0.8388062859518913,0.4834060963467073,9.865518878609777,0.023748684174075926,30,6,4.708037364325971,False,99.91918316976539,False,0.4239095663548191,False,0.8714023,False,False,0,OK,train
2026-09-19 09:33:27.724723+00:00,0.05944669834126869,0.3066221259791922,-0.7493529618696727,0.6971672888665963,9.855429738323563,0.02217105219775452,30,6,3.681365899041517,False,99.19737042434737,False,0.4149803668658308,False,0.5483431,False,False,0,OK,train
2026-09-19 09:38:30.031674+00:00,0.050969736298096376,0.27961589313224106,-1.8559224283298108,-0.37279432813922136,9.860117566560849,0.01719496050203877,30,6,5.1573030648149025,False,98.49739942173817,False,0.45530784301421173,False,0.47061756,False,False,0,OK,train
2026-09-19 09:43:32.694316+00:00,0.059421833865174675,0.2570752202238933,-0.015413089231438989,0.032998992434495465,9.863962385840397,0.023136877513401825,29,6,4.307058673002823,False,97.81565856559891,False,0.4042866366959154,False,0.678119,False,False,0,OK,train
2026-09-19 09:48:24.666320+00:00,0.03259840621848379,0.2517734946375227,0.7026432862874964,0.9317094876211935,9.860282890549593,0.017156145643277238,30,6,4.275129805939137,False,97.13820556876075,False,0.42784109781351015,False,0.69823945,False,False,0,OK,train
2026-09-19 09:53:27.029562+00:00,0.032634245986703767,0.2854540674587428,-0.21364965429663993,-0.9283583664072437,9.861926770037865,0.020316249653910292,20,6,4.653414188920454,False,96.43351284495351,False,0.4161663763718029,False,0.5560925,False,False,0,OK,train
2026-09-19 09:58:29.422363+00:00,0.05702111077876178,0.28840361776802115,-0.5195368451618655,0.11918613163957488,9.859330777499054,0.014395215254459467,30,6,4.735773899542269,False,95.72643462296806,False,0.4258865476381865,False,0.48759487,False,False,0,OK,train
2026-09-19 10:03:31.809743+00:00,0.0009694028856640036,0.27845798310715947,0.4705119528877976,-0.9305270716629422,9.876417186557392,0.015661437106629348,28,6,6.562594456577839,False,95.02740009947117,False,0.4640939277194818,False,0.6293145,False,False,0,OK,train
2026-09-19 10:08:24.166215+00:00,0.06131416223469219,0.26653889682323717,-0.060425078418017864,0.38349235448203683,9.854202729848906,0.025130769099961085,30,6,3.5767957279517506,False,94.33800533649196,False,0.4021489300465359,False,0.7202084,False,False,0,OK,train
2026-09-19 10:13:27.202862+00:00,-0.5442670768770501,0.5809703872292039,-11.2663447473302,8.571435466272828,9.857677698217099,0.06090885722855816,30,6,29.63700303827986,False,93.39430884311743,False,0.7234955666306601,True,7.088589,False,False,1,OK,train
2026-09-19 10:18:28.536475+00:00,-0.8192120415454026,0.749646606574247,-1.2170526489885223,-0.3041234912505724,9.866079427985511,0.016265163865007558,30,6,23.799160634104474,False,92.3141926342729,False,0.5006438751996541,False,0.49604452,False,False,0,OK,train
2026-09-19 10:23:31.052047+00:00,-0.8869132438996893,0.7823479739418338,0.5057501596940248,-1.0674657799156493,9.868191534356278,0.0228003796618156,29,6,25.976564037325836,False,91.20762864725853,False,0.4756327548192142,False,0.6947787,False,False,0,OK,train
2026-09-19 10:28:23.512433+00:00,-0.8587263513871324,0.7693457585376782,-1.3548045460368647,0.06343362593389686,9.869584128403455,0.020278614899006696,30,6,25.071330430946826,False,90.11158041956578,False,0.48077218240605185,False,0.68979347,False,False,0,OK,train
2026-09-19 10:33:25.247347+00:00,-0.8349306087550559,0.7743855782249608,-1.2837398644937925,0.602668340434814,9.862688083455524,0.015580436450882904,20,6,24.180819113576455,False,89.01145615335125,False,0.5133741303765816,False,0.45833296,False,False,0,OK,train
2026-09-19 10:38:27.653433+00:00,-0.8622838425996088,0.8037484303538076,-0.3217790330144648,-0.10892036383894531,9.870578930284635,0.016603212540549715,30,6,24.970283315824073,False,87.88758418904176,False,0.4619033557184049,False,0.6359313,False,False,0,OK,train
2026-09-19 10:43:30.513007+00:00,-0.8985492142522962,0.8749254380992997,-0.6086891772780942,-0.07913927819171016,9.86392915453789,0.01943936441576437,30,6,26.06871223191437,False,86.70614662845351,False,0.4318138833584448,False,0.49845567,False,False,0,OK,train
2026-09-19 10:48:32.115509+00:00,-0.9185759207350948,0.864834933993125,1.2831218330323249,-0.3425065264476846,9.864173257265193,0.020827129476609002,29,6,26.749264505210203,False,85.53286993194236,False,0.45109451636190917,False,0.65035915,False,False,0,OK,train
2026-09-19 10:53:24.364228+00:00,-0.9179128303359648,0.8732137737525655,-0.3243727221658023,0.9571372195705826,9.877064035000426,0.020387904911163834,30,6,26.770980595291377,False,84.35281670854205,False,0.4757787053339878,False,0.74981093,False,False,0,OK,train
2026-09-19 10:58:26.758402+00:00,-0.9193865806590401,0.9050034138794274,0.6718027308120569,1.02031468533565,9.8652801468683,0.021931712199461294,30,6,26.84641783398667,False,83.1470530816371,False,0.4623591640922501,False,0.8813619,False,False,0,OK,train
2026-09-19 11:03:29.292366+00:00,-0.9136355347612243,0.9021086455314191,-0.753504334908771,-0.4453145816960381,9.856889538621191,0.016100162110246563,29,6,26.28123396789653,False,85.69930672681177,False,0.482465629616735,False,0.58072984,False,False,0,OK,train
2026-09-19 11:08:31.739352+00:00,-0.9198337556401828,0.8699602008636306,0.018814744115151785,-0.6510112043728449,9.86503184332757,0.02517477551509519,29,6,26.989297319987482,False,94.13856207555384,False,0.45330958369554797,False,1.3436867,False,False,0,OK,train
2026-09-19 11:13:24.000887+00:00,-0.9064732276146296,0.8359510660750961,0.0857407938477371,0.4222044638592487,9.8532377639197,0.04516143881183981,30,6,27.82531930594419,False,102.44969588018161,False,0.5408991285565902,False,1.6950927,False,False,0,OK,train
2026-09-19 11:18:26.298466+00:00,-0.8849883832618793,0.848481509874562,-0.36579145850064626,0.06057816581239668,9.867850611572262,0.013955285736952752,20,6,25.47911189581822,False,110.55479954675909,False,0.47856216361071435,False,0.46099418,False,False,0,OK,train
2026-09-19 11:23:28.991543+00:00,-0.9285287569571441,0.8816004672966159,0.5850705377785165,1.0850078629958435,9.86502944276695,0.02186066990942612,30,6,27.04231411259798,False,119.07743610563553,False,0.4612488778012135,False,1.0369115,False,False,0,OK,train
2026-09-19 11:28:31.933773+00:00,-0.8475583729842914,0.8422582249006689,-2.249181197398437,0.15064697733806984,9.869186274864981,0.03814048753668818,29,6,26.114124164089414,False,126.8236025577701,False,0.5476112206245982,False,2.7118351,False,False,0,OK,train
2026-09-19 11:33:33.260464+00:00,-0.8581772265043571,0.8441291532076547,0.23805681709954676,0.3386057852565434,9.859024827972238,0.0192980256270804,29,6,24.933760275795688,False,134.6715991102654,False,0.44725006823913216,False,0.7068245,False,False,0,OK,train
2026-09-19 11:38:26.489071+00:00,-0.8685986507627942,0.8150968456306109,-2.592407155629781,1.6538882938036372,9.856074219961503,0.03833912999650476,30,6,26.763183307777147,False,142.61953250397738,False,0.6119616164043189,False,1.9161878,False,False,0,OK,train
2026-09-19 11:43:27.600126+00:00,-0.851763891282129,0.8108136779598819,3.134486194190158,-1.3293786429741747,9.857920948637867,0.03796050579220464,30,6,26.659215938630485,False,150.40602801324872,False,0.5967605305042828,False,1.8599875,False,False,0,OK,train
2026-09-19 11:48:30.932248+00:00,-0.8605595913014238,0.8335963515419641,-3.0352843685069657,1.3538282721091914,9.86718527033961,0.04791659420284382,30,6,27.219175403594893,False,158.2768703885932,False,0.6168825322972523,False,4.621668,False,False,0,OK,train
2026-09-19 11:53:32.473233+00:00,-0.878007368791925,0.8367299469499921,0.6593047474630321,-0.7491016692058381,9.875741172003352,0.020861356499660484,29,6,25.78439134944406,False,166.31502921948274,False,0.47571723478255773,False,0.88802546,False,False,0,OK,train
2026-09-19 11:58:24.812223+00:00,-0.875229415722705,0.8681472971753628,1.1907603178966277,-0.06387098022676202,9.861258832643854,0.024066700005387968,23,6,25.802957754786718,False,174.32654871126647,False,0.4551934383761009,False,0.8016848,False,False,0,OK,train
2026-09-19 12:03:57.308335+00:00,-0.9170997475162633,0.8239115173682584,-2.109646186318532,0.9333909779639264,9.859844194637068,0.025239592648001227,27,6,27.00669466349898,False,182.73958613345746,False,0.5288523734312084,False,1.0341771,False,False,0,OK,train
2026-09-19 12:08:28.773097+00:00,-0.864217316248199,0.8263236391423897,0.04718417990877174,-0.1844209256887676,9.853082430771066,0.019955506062794472,30,6,25.067714077222707,False,190.6455044704129,False,0.468355578639753,False,0.7766997,False,False,0,OK,train
2026-09-19 12:13:31.370227+00:00,-0.889771878028315,0.8312140612886025,0.03349003024208501,-0.22144931297295303,9.86076246918723,0.020450482200237305,30,6,25.810590401386193,False,198.7964797323769,False,0.43336686475380654,False,0.56708765,False,False,0,OK,train
2026-09-19 12:18:33.243187+00:00,-0.9088687531236629,0.8893092078138133,-0.20295766439323545,0.20560737676380839,9.86077570176907,0.022384596368437912,29,6,26.48834082707072,False,207.13058556525053,False,0.42920088726695166,False,1.031495,False,False,0,OK,train
2026-09-19 12:23:25.628032+00:00,-0.883842920098257,0.8613854117971106,0.036184477302182404,0.629759265467834,9.865349657737587,0.022558565754251567,30,6,25.863880796017682,False,215.22470474760937,False,0.42710957708007447,False,0.99195313,False,False,0,OK,train
2026-09-19 12:28:28.000169+00:00,-0.8979529372661834,0.9062525695129469,0.7455134632442612,1.0547749707816085,9.86712047768725,0.02028336713083125,29,6,26.228708015809985,False,223.4541327428816,False,0.46726840623005805,False,0.71415997,False,False,0,OK,train
2026-09-19 12:33:30.291037+00:00,-0.8624317980049215,0.8897549313158906,-0.12108917864652047,-0.1176577337535136,9.864659997856773,0.018526257642120385,30,6,25.113686410493326,False,231.3429287509938,False,0.42848397054159365,False,0.6564338,False,False,0,OK,train
2026-09-19 12:38:32.585936+00:00,-0.8801178446343534,0.8656598607670779,0.7446527593769912,0.2629459939090404,9.868525489626979,0.020277504038605725,29,6,25.701840783223464,False,239.40132611012342,False,0.4325416596364488,False,0.79415375,False,False,0,OK,train
2026-09-19 12:43:25.036814+00:00,-0.877514659082507,0.8706324367820741,0.37812996695363343,0.0809392563197868,9.88668064041145,0.020832666655999213,20,6,25.933219182886575,False,247.4347600732046,False,0.48291071076245706,False,0.62437284,False,False,0,OK,train
2026-09-19 12:48:28.196001+00:00,-0.8920406808366312,0.876059603807333,1.0174914787564535,-0.7314169601203132,9.879670704096998,0.02332380757938123,30,6,26.435402034297642,False,255.60749214886158,False,0.49703759502408573,False,0.99937904,False,False,0,OK,train
2026-09-19 12:53:30.250505+00:00,-0.8850448805374957,0.8926474836922393,0.5969478423197191,-0.2445086390452355,9.869942144921298,0.02312145464033132,29,6,26.052799417563044,False,263.71313759927995,False,0.4391894103708644,False,0.77285945,False,False,0,OK,train
2026-09-19 12:58:31.815711+00:00,-0.937249378757037,0.912512322037494,0.9142310103426772,-0.4483763631311274,9.865093485206469,0.021768142796672562,28,6,27.319194105847952,False,272.3194010573704,False,0.4628844180481531,False,0.81559724,False,False,0,OK,train
2026-09-19 13:03:24.786617+00:00,-0.8830930508514885,0.8740494868884986,1.1942097184313274,-0.10863152234789109,9.877951158387734,0.023437861108329003,30,6,26.159542472045636,False,280.4063293258974,False,0.4727189983733294,False,0.8552692,False,False,0,OK,train
2026-09-19 13:08:26.862826+00:00,-0.8697615372059355,0.9167632278706128,0.059320287541237894,0.14343668037358873,9.865204449524564,0.01821171783953031,30,6,25.325090175844092,False,288.3654142853589,False,0.4395959155132784,False,0.6480491,False,False,0,OK,train
2026-09-19 13:13:28.650776+00:00,-0.9285585932953729,0.8812762636768057,1.753184150253318,0.19983708141359136,9.875334855422828,0.018015425489161834,30,6,27.05406971478332,False,296.88833696149936,False,0.4989177202112205,False,0.683888,False,False,0,OK,train
2026-09-19 13:18:31.142220+00:00,-0.9224769430328689,0.8851180844751105,0.8022786832675717,-0.18640572521683094,9.869456666029551,0.020906905367205682,29,6,26.87104878029771,False,305.3529393062199,False,0.44335901231224717,False,0.801026,False,False,0,OK,train
2026-09-19 13:23:23.808448+00:00,-0.8930481024140605,0.8763538252757608,-1.1022978648867665,-0.27427672936378517,9.867334059924481,0.015080943015927332,27,6,25.810344430060255,False,313.5353321084461,False,0.48746419192174717,False,0.63429904,False,False,0,OK,train
2026-09-19 13:29:36.128320+00:00,-0.8835879343731399,0.8668403320910163,1.1670127618768247,1.2887912626174498,9.873311769662653,0.02618098994317326,23,6,26.29070128025886,False,321.6270060906776,False,0.515914278172585,False,1.1867535,False,False,0,OK,train
2026-09-19 13:33:28.038879+00:00,-0.9077156751139227,0.8562199598804695,-0.5524350329459106,0.3528714430417897,9.876629896434743,0.023594876406283737,29,6,26.646091263411904,False,329.9500544163322,False,0.4715246079762391,False,1.0140681,False,False,0,OK,train
2026-09-19 13:38:30.232918+00:00,-0.8878676931000136,0.8504475325355367,-0.6718173587565865,0.5337331565873671,9.872946460590429,0.022022715545545284,30,6,26.006149148957032,False,338.0827693885212,False,0.45797379816653466,False,0.8299511,False,False,0,OK,train
2026-09-19 13:43:33.589129+00:00,-0.8722725965946575,0.8725564374116708,-0.18864249920522405,-0.18619778728896527,9.864408850109472,0.018311611099795545,29,6,25.329105449441627,False,346.0659342949452,False,0.4255529592278683,False,0.83127594,False,False,0,OK,train
2026-09-19 13:48:25.111855+00:00,-0.9022610722112405,0.868256830892434,-0.2846832178833568,-0.4568387325530357,9.864573760212751,0.019999999999999983,30,6,26.198871880053957,False,354.33667539553466,False,0.4268418363014258,False,0.6750878,False,False,0,OK,train
2026-09-19 13:53:27.386069+00:00,-0.8962655512029252,0.8707116148346915,-0.40988564886611273,0.3931444895878277,9.862480044512315,0.019779338265529002,30,6,26.002648620231867,False,362.5499221060906,False,0.4287417892996281,False,0.63605374,False,False,0,OK,train
2026-09-19 13:58:30.031856+00:00,-0.8768838804447318,0.8592569220129299,-1.4025835132999223,-0.20793458422657934,9.867081957065562,0.022472205054244236,30,6,25.770557237985873,False,370.5773071815147,False,0.4638831610080758,False,0.77298903,False,False,0,OK,train
2026-09-19 14:03:44.443168+00:00,-0.8697193854953421,0.8769108083530585,-0.39107723591076926,0.3619180654668429,9.877111653703858,0.023955209053905753,28,6,25.737044949872825,False,378.53598792474776,False,0.4647767479832434,False,0.8885155,False,False,0,OK,train
2026-09-19 14:13:25.977540+00:00,-0.9042154612932845,0.8973493635386284,0.5275038590566253,-0.4122196195441539,9.863347270002656,0.020550750189064514,30,6,26.328510493924075,False,386.8254707507026,False,0.4322873240263965,False,0.72753835,False,False,0,OK,train
2026-09-19 14:18:28.372203+00:00,-0.9209402722488487,0.8756660038793179,-0.2756903426525455,-0.2689198647408749,9.861658800467769,0.017074997966487558,30,6,26.49173788353593,False,395.27533710345733,False,0.44180264390915136,False,0.5408237,False,False,0,OK,train
2026-09-19 14:23:30.770606+00:00,-0.896738831915974,0.875572119737639,-0.4509223049059999,-0.1782823407608283,9.85834810490848,0.015162087220725656,30,6,25.75696573318493,False,403.4931223663549,False,0.4657427184913159,False,0.43062717,False,False,0,OK,train
2026-09-19 14:28:33.270248+00:00,-0.9129778318643083,0.8807388054385628,-0.1668556501574177,1.1110732229929274,9.862814147571937,0.016537350080388674,29,6,26.316931065195,False,411.8666324437413,False,0.47286730636286856,False,0.49686077,False,False,0,OK,train
2026-09-19 14:33:25.161958+00:00,-0.8786470345470369,0.892364324825031,0.7317471302173205,0.6639227430227103,9.862444933883271,0.02035517952102936,30,6,25.652306431253503,False,419.91092538580557,False,0.44015209381299664,False,0.82933944,False,False,0,OK,train
2026-09-19 14:38:27.592821+00:00,-0.8834844577748611,0.8900520910705493,-1.1884600070333886,0.37099341775331895,9.86280321293696,0.021398338460938717,30,6,25.849401063772724,False,428.001607073307,False,0.4536479711319598,False,0.78498954,False,False,0,OK,train
2026-09-19 14:43:29.574543+00:00,-0.9027390294193333,0.8789158601758765,0.5545622630613,-1.1597831845920783,9.860646916285967,0.024046251729161937,30,6,26.53957351813909,False,436.27693157175355,False,0.47027979072991893,False,0.9080906,False,False,0,OK,train
2026-09-19 14:48:32.411653+00:00,-0.8901083760139079,0.8752635996519231,0.5558109217402183,1.5181179271832475,9.863899987563096,0.02422153010873923,29,6,26.229064143392577,False,444.43113370030716,False,0.48170026235846675,False,0.82048726,False,False,0,OK,train
2026-09-19 14:53:24.492710+00:00,-0.8862660415464433,0.8762226548606868,0.7442064581721886,0.2996494755184299,9.864475838576228,0.01577181029558754,20,6,25.59793456694404,False,452.54848954374137,False,0.46489012046522704,False,0.49724633,False,False,0,OK,train
2026-09-19 14:58:26.283415+00:00,-0.8853446189343317,0.9054846067226097,-0.1900920101652796,0.3202702004196584,9.856465240978075,0.018439088914585792,30,6,25.642310299092266,False,460.6570093525803,False,0.44787141917141016,False,0.75434756,False,False,0,OK,train
2026-09-19 15:03:28.368344+00:00,-0.9099812710431139,0.8827737682095272,-0.441201398717176,0.341872173250806,9.855747403909929,0.022300971578237003,30,6,26.482793636904457,False,469.001783739378,False,0.45038474899942277,False,0.8649543,False,False,0,OK,train
2026-09-19 15:08:31.408067+00:00,-0.9024560831335158,0.8672534313447271,-1.0770125224058424,-0.13717955084054156,9.873791416617964,0.021715329966536325,30,6,26.426592629265738,False,477.27439490830864,False,0.46701812968657913,False,0.8997827,False,False,0,OK,train
2026-09-19 15:13:32.847317+00:00,-0.889787655135578,0.853068058979641,0.89336254141704,-1.1767454077590123,9.87234942214424,0.021748754525822728,29,6,26.186365718015704,False,485.4255214657409,False,0.47756059849262256,False,0.870507,False,False,0,OK,train
2026-09-19 15:18:25.310987+00:00,-0.8834548434052125,0.8736508179921884,-0.9541393778549688,0.32755839919469837,9.8633026832231,0.02220110107379562,30,6,25.855439642211486,False,493.5159191645587,False,0.44400100856393815,False,0.55731,False,False,0,OK,train
2026-09-19 15:23:27.382178+00:00,-0.9319992381690364,0.8954348228846538,-0.04777948065113453,-1.0358550174410481,9.861758670688342,0.0228910462845192,30,6,27.201142714963634,False,502.07183610059064,False,0.4635212728641141,False,0.7766206,False,False,0,OK,train
2026-09-19 15:28:30.127708+00:00,-0.9033392735476464,0.8893652945542704,-0.43364235682596103,0.4605179489135421,9.865883569864163,0.028039381172767087,29,6,26.744132001941445,False,510.3529166742775,False,0.4588425895576576,False,1.4145396,False,False,0,OK,train
2026-09-19 15:38:23.891406+00:00,-0.918838302158798,0.8518208346847663,-0.08875567903060458,0.848255890862888,9.85845073239207,0.018381754238616363,30,6,26.468200459456742,False,518.7826260651888,False,0.45688211075332485,False,0.6247078,False,False,0,OK,train
2026-09-19 15:43:26.511806+00:00,-0.9291356821472956,0.8869442458362099,1.0881710343741329,0.9235431656494109,9.86553766283255,0.022669117514558912,30,6,27.15261830849743,False,527.3110827677283,False,0.4718881751106339,False,0.9707241,False,False,0,OK,train
2026-09-19 15:48:29.012092+00:00,-0.9237841475841321,0.8660412325560247,-0.2633777202388769,0.8876101458632087,9.868356651514175,0.022230015808670657,29,6,26.911694015226356,False,535.7882206249122,False,0.45005427780580815,False,0.8621762,False,False,0,OK,train
2026-09-19 15:53:31.102038+00:00,-0.9414188036822608,0.9027615158403398,-0.39962320325283107,-0.0991947598313759,9.857267628814858,0.020760416613333756,28,6,27.22930653866542,False,544.434467020688,False,0.4638285107613426,False,0.6116769,False,False,0,OK,train
2026-09-19 15:58:23.562911+00:00,-0.882187425762533,0.8941941774561522,-0.5188319897325437,0.3979179339599252,9.857678455584276,0.022561028345356983,30,6,25.80978444082271,False,552.5127107458673,False,0.44368288760229546,False,0.663986,False,False,0,OK,train
2026-09-19 16:03:26.031062+00:00,-0.9060653780411807,0.8881804062731432,-0.48328656018649857,0.6868070776244443,9.868618511780316,0.018658964494439604,29,6,26.288671113743312,False,560.8199334537916,False,0.4470433053643943,False,0.6640539,False,False,0,OK,train
2026-09-19 16:08:28.985927+00:00,-0.8903038001571338,0.8909051312258225,0.8205301907200422,-0.2692276138672878,9.862105829376917,0.020712315177207983,30,6,25.978130427090154,False,568.9760096132921,False,0.43635732201567257,False,0.75616455,False,False,0,OK,train
2026-09-19 16:13:30.118700+00:00,-0.910713032973549,0.8652678435962425,-0.1872582972028619,0.3741385767029155,9.870414068766568,0.017792008193443367,30,6,26.33550135485534,False,577.3278012727809,False,0.44161326662093914,False,0.67233676,False,False,0,OK,train
2026-09-19 16:23:27.078563+00:00,-0.918429295822198,0.8754825194439374,-0.840800558430504,0.21743654802474446,9.866313697549321,0.02216659704806671,27,6,26.767055997532466,False,585.7535884741427,False,0.4413380820709329,False,0.7025606,False,False,0,OK,train
2026-09-19 16:28:30.904546+00:00,-0.92454208403812,0.8899955685518409,1.0686017176132292,-0.1627479294926956,9.860800933028356,0.02044155431607739,28,6,26.848692395870184,False,594.2379946061013,False,0.4530190365185463,False,0.8451353,False,False,0,OK,train
2026-09-19 16:33:33.327887+00:00,-0.8924125769487591,0.8553816303213357,0.18649974343930936,0.4482230654852552,9.872046754027183,0.01988166522816683,28,6,25.988367199661703,False,602.4142930006976,False,0.4425156805696202,False,0.8064814,False,False,0,OK,train
2026-09-19 16:38:25.698199+00:00,-0.9143803703429648,0.8613220161548781,0.7705107751140265,-0.23132425838194112,9.865448394474225,0.020179747823553786,30,6,26.546008466407297,False,610.8012528006715,False,0.43471443840001434,False,0.79110444,False,False,0,OK,train
2026-09-19 16:43:23.843239+00:00,-0.9114391389502804,0.8804478409975144,-0.31811010141413415,0.2496523584959369,9.859574279098418,0.019137154380016036,29,6,26.342329615609913,False,619.1600074947612,False,0.43183269412705855,False,0.63252765,False,False,0,OK,train
2026-09-19 16:48:28.607240+00:00,-0.9042387642333652,0.8479697169055369,1.01683662097731,-1.811888954069915,9.868383731275134,0.017953644012660315,30,6,26.39757173589652,False,627.4497137855866,False,0.513073596901568,False,0.6110069,False,False,0,OK,train
2026-09-19 16:53:31.007288+00:00,-0.9279055087851256,0.8712377721488024,-0.12066845085608997,-0.06819137888164027,9.870878865818092,0.017151489814408123,29,6,26.75916610393949,False,635.966373670636,False,0.451887811047186,False,0.635583,False,False,0,OK,train
2026-09-19 16:58:32.468643+00:00,-0.9165633725973815,0.871016656953494,-1.1446181417337715,1.3202723404678194,9.861325359384766,0.017340134720031514,21,6,26.50420506327398,False,644.3742674950066,False,0.5048204693665747,False,0.4164394,False,False,0,OK,train
2026-09-19 17:03:43.367989+00:00,-0.9320394722724059,0.8866309145043803,-0.28049348134722396,0.5961636777161997,9.863696757481614,0.020882934151490968,28,6,27.01933144287869,False,652.9305702582634,False,0.43511165004264346,False,0.5891901,False,False,0,OK,train
2026-09-19 17:08:26.889052+00:00,-0.9304134824779317,0.8798942070584659,-0.7068673276752083,-0.04407302717544451,9.864853944856728,0.021817424229271368,30,6,27.04169995647781,False,661.4712804998186,False,0.44315279058995205,False,0.9135173,False,False,0,OK,train
2026-09-19 17:13:29.529666+00:00,-0.9226618582031336,0.9042130876850244,-0.35849672638857794,-1.202196054583833,9.862002521859324,0.019928528657655036,29,6,26.81547061298193,False,669.9376560990916,False,0.4710832327933093,False,0.69645077,False,False,0,OK,train
2026-09-19 17:18:31.053977+00:00,-0.8887386647310811,0.8666295438621822,-0.28928915433443586,-0.4333414699557179,9.859195760523013,0.01768866554856212,30,6,25.672013384890196,False,678.078723303321,False,0.44223213492401714,False,0.58504796,False,False,0,OK,train
2026-09-19 17:23:33.443311+00:00,-0.8761675740137819,0.8981155893860203,0.3475920323221385,1.0847318403916737,9.867461107851225,0.025729413974753187,27,6,25.96830681752707,False,686.0992393174463,False,0.47769471824496224,False,0.95739025,False,False,0,OK,train
2026-09-19 17:28:25.904156+00:00,-0.9233299869214249,0.9344206800786011,0.14436829113232927,-0.8129975264438571,9.85718327155385,0.02136716068071647,30,6,26.882808898242097,False,694.5720219750998,False,0.4779052990034334,False,0.90056026,False,False,0,OK,train
2026-09-19 17:33:28.298702+00:00,-0.9217847539182795,0.9020311396132205,-1.4449714949391796,0.7346901404913039,9.871106149804717,0.022669117514559065,30,6,27.03331116541202,False,703.0299865328998,False,0.4870160824373053,False,0.95529187,False,False,0,OK,train
2026-09-19 17:38:30.160248+00:00,-0.9159421734832951,0.9241227064960743,-0.5140617565785073,0.6020014576983411,9.859014301689601,0.01771084970813271,29,6,26.451709176583595,False,711.4319233330011,False,0.46514535890515407,False,0.6658655,False,False,0,OK,train
2026-09-19 17:48:24.697133+00:00,-0.9101357715186172,0.8854468894077457,0.20480692132234343,-0.4177003722032943,9.865101134436403,0.02171532996653645,30,6,26.533973709244176,False,719.7781793109044,False,0.4301127367647473,False,0.82524353,False,False,0,OK,train
2026-09-19 17:53:26.889130+00:00,-0.9317528839284032,0.9051361572937684,-0.29535997506792516,0.44555550354010665,9.858544225555566,0.02068010315899482,30,6,26.985475523438666,False,728.331733818921,False,0.44979815958464214,False,0.692626,False,False,0,OK,train
2026-09-19 17:58:28.387814+00:00,-0.8993549136969087,0.9102967732628084,0.2747088351370545,-0.00752027138611742,9.863271331324926,0.017004651224453465,28,6,25.99711362854241,False,736.5746061469899,False,0.44782088159676686,False,0.7051304,False,False,0,OK,train
2026-09-19 18:03:31.387754+00:00,-0.9047086534611131,0.892796312057973,0.3746080487178221,-0.28535030141046464,9.86198296368751,0.0204789588383307,28,6,26.30258497273698,False,744.8688184673156,False,0.4282464223501972,False,0.6934593,False,False,0,OK,train
2026-09-19 18:08:33.036639+00:00,-0.9378685738555069,0.9210950469714339,0.5198706290244993,-1.4486548036688975,9.859634743726076,0.02127324658833633,28,6,27.34614213955062,False,753.4810197320535,False,0.4997360682122468,False,0.7007477,False,False,0,OK,train
2026-09-19 18:13:24.584724+00:00,-0.8986100604539917,0.9195157099909484,-0.4205947034796332,0.31834954480459604,9.85301775156041,0.016996731711975948,30,6,25.90988577643866,False,761.7167492475452,False,0.47811299398640755,False,0.5746755,False,False,0,OK,train
2026-09-19 18:18:26.866806+00:00,-0.899827886675601,0.8647073808623185,-0.1101934107692673,0.2679312429503631,9.864219418356926,0.01816284363443373,30,6,26.006068667538152,False,769.9641571769197,False,0.4234682695044121,False,0.679686,False,False,0,OK,train
2026-09-19 18:23:29.266467+00:00,-0.9122249600149865,0.9014936882129173,-0.47416496691694604,1.2282746379550833,9.863188197643296,0.01749971428338187,25,6,26.39482431046337,False,778.3304475468461,False,0.48756751481262495,False,0.5952077,False,False,0,OK,val
2026-09-19 18:29:22.149546+00:00,-0.9411862472067739,0.8934578378847678,0.5554071779908558,-0.524148510745987,9.858858174847649,0.01808544534517548,24,6,27.098235790257867,False,786.9744638290608,False,0.4703373970326161,False,1.0486804,False,False,0,OK,val
2026-09-19 18:33:24.012465+00:00,-0.8880352328636348,0.8814361434368266,-0.056437340679271836,0.3712593776457667,9.865098070947388,0.017999999999999957,30,6,25.729651085782656,False,795.1087854333512,False,0.4294867610007791,False,0.6983172,False,False,0,OK,val
2026-09-19 18:38:25.891823+00:00,-0.9331863861218701,0.873437513893301,0.08637579536144752,0.5083876005970893,9.871949013147665,0.019621416870348164,30,6,27.03583813824928,False,803.676086592261,False,0.4490724533481851,False,0.53197336,False,False,0,OK,val
2026-09-19 18:43:28.183373+00:00,-0.9014130231050269,0.9082420187205485,-0.5567341656966601,-0.3768338839371284,9.85851105871666,0.015398009352942162,29,6,25.944574052977405,False,811.9386952776671,False,0.4787357127088861,False,0.33446494,False,False,0,OK,val
2026-09-19 18:48:30.864247+00:00,-0.9155342649046205,0.8835176284532592,0.18958849009696027,0.25053477284949355,9.860080467135498,0.016110727964792793,30,6,26.29784952413307,False,820.336720415231,False,0.4605219128874978,False,0.3291184,False,False,0,OK,val
2026-09-19 18:53:33.251388+00:00,-0.9087001013483077,0.8892812345284644,-0.5754617462524735,-0.2677268584951503,9.860758521122824,0.012004755300364834,29,6,26.028290036687245,False,828.6692089523035,False,0.49005384844938066,False,0.339572,False,False,0,OK,val
2026-09-19 18:58:26.036173+00:00,-0.9270586451882248,0.9131959103555117,0.25271396841884264,-0.016657445651904468,9.861329498164405,0.013540795804187548,29,6,26.547240460274462,False,837.1777477906786,False,0.4965514743447822,False,0.46805987,False,False,0,OK,val
2026-09-19 19:03:29.038927+00:00,-0.8937627884187115,0.8959781371039076,0.27634167600987597,-0.21016138441776858,9.858496862281774,0.01564316720305347,29,6,25.728701313797885,False,845.3669941150333,False,0.4652817127410187,False,0.45592302,False,False,0,OK,val
2026-09-19 19:08:29.866341+00:00,-0.9212866712053724,0.9035509386031537,0.349185026465636,-1.666235907510225,9.871519678907772,0.021702534414210554,20,6,27.07769424384599,False,853.8201822803021,False,0.4954397711744239,False,0.54775375,False,False,0,OK,val
2026-09-19 19:13:32.078331+00:00,-0.9150848884339069,0.8676827435820814,0.4254696617194246,0.011796255693808827,9.860019952191722,0.019137154380015963,29,6,26.433872329198586,False,862.2138980966172,False,0.4345605666829187,False,0.481112,False,False,0,OK,val
2026-09-19 19:18:24.279898+00:00,-0.905848486304124,0.8719667745449677,-0.1578937067974271,0.7913517577752023,9.853079718725237,0.015187714333192881,30,6,25.96611914867995,False,870.5190409088814,False,0.49075655103183374,False,0.30243146,False,False,0,OK,val
2026-09-19 19:23:26.126322+00:00,-0.9240611510298125,0.8756776746947994,-0.5368866344165899,-0.4084613432888954,9.865341416597378,0.013663181211143812,29,6,26.488180929706555,False,878.9988351063774,False,0.49188711712609995,False,0.43922454,False,False,0,OK,val
2026-09-19 19:28:28.571951+00:00,-0.8981710541960178,0.9009092168019965,-0.04471573858392202,0.6287402745146319,9.864699904190312,0.014523751509415555,29,6,25.871434512588234,False,887.2303547463657,False,0.4769051606427133,False,0.49965674,False,False,0,OK,val
2026-09-19 19:33:33.566802+00:00,-0.9399879125981327,0.8913353128147249,-0.8387308180872928,-0.6938398828523406,9.864272603276506,0.015234980713361566,29,6,26.99255811276981,False,895.8628795306298,False,0.5015590298866245,False,0.3687928,False,False,0,OK,val
2026-09-19 19:38:23.559152+00:00,-0.9293514840396639,0.8803538105260623,1.0633647626705216,1.1106787780340985,9.86776355164996,0.018961950204436976,30,6,26.962360037834117,False,904.3934056777018,True,0.4866851438434427,False,0.5252073,False,False,1,OK,val
2026-09-19 19:43:35.367815+00:00,-0.9308788602017176,0.8772217062983619,-1.0396668658261692,-0.37920321019334946,9.862669519734466,0.016793311350726783,28,6,26.79047587636828,False,912.9385786854332,True,0.4782414534973932,False,0.5530105,False,False,1,WATCH,val
2026-09-19 19:48:27.836269+00:00,-0.897783348328021,0.8876480204949044,0.9471623457983229,-0.2990174823236552,9.861530225716832,0.017316547744534762,27,6,25.97971879973957,False,921.1663803979283,True,0.4530236695280268,False,0.5591421,False,False,1,WATCH,val
2026-09-19 19:55:00.747986+00:00,-0.9363040458487824,0.8670376938431642,-0.43019838124434395,-0.19415434324983008,9.85756575078925,0.01849189317995011,21,6,26.921627575750968,False,929.7635785322773,True,0.4602969042775493,False,0.53841007,False,False,1,WATCH,val
2026-09-19 19:58:32.296346+00:00,-0.9223916447237296,0.8804695239250898,0.5016856758044099,0.49358949212086595,9.861710563153471,0.014511606895650045,28,6,26.43438085393111,False,938.2273629040063,True,0.4797162987940924,False,0.35649288,False,False,1,WATCH,val
2026-09-19 20:03:24.338200+00:00,-0.8896024507168172,0.8870429082797896,0.016461778914305253,-0.7067689750653561,9.857005406850002,0.018988300491501582,30,6,25.79506837234592,False,946.3767134331213,True,0.4554568700986934,False,0.6113452,False,False,1,WATCH,val
2026-09-19 20:08:28.169441+00:00,-0.9398154642701293,0.896204473127991,-0.6682604727243733,-0.9452785004070904,9.86277213168857,0.018823743871327327,30,6,27.167158972004078,False,955.0075845143265,True,0.47867393094577576,False,0.7559474,False,False,1,WATCH,val
2026-09-19 20:13:28.710732+00:00,-0.9359295805145478,0.8575128367389853,-0.006709164772110154,-0.11030043359668892,9.866691571134812,0.020170738969170324,27,6,27.059640438669334,False,963.6011916920346,True,0.4404327568960503,False,0.55530936,False,False,1,WATCH,val
2026-09-19 20:18:31.117073+00:00,-0.9085059289368598,0.896675133722294,0.7460873135157524,0.3870715296105684,9.856936034826418,0.01914965231207785,28,6,26.305670669115305,False,971.9318182017133,True,0.45849883769955224,False,0.42964372,False,False,1,WATCH,val
2026-09-19 20:23:33.666941+00:00,-0.9403460505784451,0.9027718041892648,0.3053704926501986,-0.5479276672178733,9.858134078427899,0.016488762436705218,27,6,26.986257287634263,False,980.5677773705283,True,0.48369908232110626,False,0.48514113,False,False,1,WATCH,val
2026-09-19 20:28:25.517359+00:00,-0.9391384714567957,0.9116446850191038,-0.033263995346779145,-0.0309246953227655,9.869207962963937,0.018599821525169893,27,6,27.154477792997604,False,989.192156390609,True,0.45762103161281,False,0.68004256,False,False,1,WATCH,val
2026-09-19 20:33:28.000347+00:00,-0.9229119866819564,0.8487942064437334,-1.5880996404476269,-0.6125800205446866,9.865244457461724,0.016999999999999994,20,6,26.660739932687996,False,997.6609306111694,True,0.5036680376764155,False,0.6359462,False,False,1,WATCH,val
2026-09-19 20:38:30.296651+00:00,-0.9115465017028942,0.8978536913517936,0.5895815788717159,-0.16629932049861967,9.86294355530777,0.017074997966487475,30,6,26.31143202609955,False,1006.0207148664875,True,0.44983485180510846,False,0.48637432,False,False,1,WATCH,val
2026-09-19 20:43:32.685832+00:00,-0.9412439031260493,0.895395612327328,0.28378154512474185,0.3304917516368415,9.858152179148457,0.01733155079792992,28,6,27.024911243465763,False,1014.6652840434224,True,0.4701055307813225,False,0.547661,False,False,1,WATCH,val
2026-09-19 20:48:25.658123+00:00,-0.9459062311257632,0.8802347183511293,-0.6205056603997652,0.163978166200015,9.86792406488289,0.02082999973329054,30,6,27.401183728005954,False,1023.3545628801363,True,0.4529466820725677,False,0.500357,False,False,1,WATCH,val
2026-09-19 20:53:27.850228+00:00,-0.945050676227197,0.8589658919307839,-0.20960096019757107,0.12535141727052776,9.858812208281746,0.016063192688071725,29,6,27.00786765781946,False,1032.0356373244438,True,0.47128927276937677,False,0.41175115,False,False,1,WATCH,val
2026-09-19 20:58:31.768074+00:00,-0.9545678081564084,0.8876799710427733,-0.49093131465809675,-0.3256056534662988,9.861648804941533,0.014966629547095793,30,6,27.280968869690156,False,1040.8079768471955,True,0.48403587004314313,False,0.29393786,False,False,1,WATCH,val
2026-09-19 21:03:31.714296+00:00,-0.9535807749505739,0.8777433580462872,-0.24198842806638937,0.35922820100083136,9.86194835450581,0.012394621210766243,29,6,27.1544603067642,False,1049.5708511588284,True,0.49583671398696444,False,0.28882086,False,False,1,WATCH,val
2026-09-19 21:08:24.568219+00:00,-0.9402163193049443,0.8870159593082784,-0.1859656312074039,-0.32162753465728483,9.863844265689002,0.014817407180595151,30,6,26.92140850451732,False,1058.2055662622106,True,0.4815400560529599,False,0.543963,False,False,1,WATCH,val
2026-09-19 21:13:26.838453+00:00,-0.9494781899761825,0.8773068614728605,0.7321934287420361,0.18736983086437273,9.868695200449194,0.013888444437332812,30,6,27.184757187023422,False,1066.9290986016717,True,0.5011714706257349,False,0.34218502,False,False,1,WATCH,val
2026-09-19 21:18:28.758733+00:00,-0.9607207908407549,0.8859824492169782,1.253086313191654,0.4693378189378597,9.863930966899696,0.017109938632268604,20,6,27.6248865139135,False,1075.7604425021636,True,0.4800641145657894,False,0.47672093,False,False,1,WATCH,val
2026-09-19 21:23:31.148209+00:00,-0.9547279128537456,0.8667501549486132,0.17309118618444533,0.22041632350756457,9.857448398665158,0.016998286267401793,29,6,27.307704840855006,False,1084.5343173580254,True,0.47128069246606913,False,0.41371864,False,False,1,WATCH,val
2026-09-19 21:28:24.602973+00:00,-0.9626121213535586,0.8792249747521397,-0.18852731448552304,-0.230095912376547,9.865926487944622,0.017406109605688246,29,6,27.61798235725645,False,1093.383798280143,True,0.45271784584583935,False,0.41253462,False,False,1,WATCH,val
2026-09-19 21:33:25.591199+00:00,-0.9496188953960473,0.8625855087124336,0.5300471942940973,0.2832569195489399,9.872805413271289,0.013203534880225291,30,6,27.1924005562752,False,1102.1086799222385,True,0.5115512728792753,False,0.33118975,False,False,1,WATCH,val
2026-09-19 21:38:30.332056+00:00,-0.9245325933845361,0.8716917702581026,0.4517187419515159,0.1844011108062933,9.860146607972487,0.01444553458296906,28,6,26.45035499419553,False,1110.5929950430343,True,0.4788535680442551,False,0.3949172,False,False,1,WATCH,val
2026-09-19 21:43:25.241396+00:00,-0.9551553195249317,0.8621576661302237,-0.6709299458349925,-0.8608377102850403,9.856456294950947,0.013266499161421611,20,6,27.19429371228395,False,1119.3709685395015,True,0.5339068852343389,False,0.37683928,False,False,1,WATCH,val
2026-09-19 21:48:27.504118+00:00,-0.9288137276257444,0.8788103290505187,-0.3465796221355073,0.2785134347812841,9.867386130241515,0.01642829537380205,30,6,26.71897505201585,False,1127.8963378408278,True,0.45694125922601914,False,0.46205595,False,False,1,WATCH,val
2026-09-19 21:53:25.385486+00:00,-0.9415112636300552,0.8773861003801863,-0.40698828509962254,0.035507464082185615,9.862230127681336,0.01627644651200799,29,6,26.984219814188023,False,1136.5434708865366,True,0.4673241578108189,False,0.47825024,False,False,1,WATCH,val
2026-09-19 22:03:31.084657+00:00,-0.9429087690808535,0.8758989172129371,-0.5631332346071358,-0.3746070548061109,9.861522184237888,0.014761059883656039,30,6,26.9626126120488,False,1145.2040053903258,True,0.49034013227138645,False,0.3890895,False,False,1,WATCH,val
2026-09-19 22:08:34.599215+00:00,-0.9309036268562745,0.9016630769911246,1.2424408798090074,-0.028459634168667387,9.860713860973037,0.01514888457688898,29,6,26.756818430658893,False,1153.749415899301,True,0.49850935673203534,False,0.5358642,False,False,1,WATCH,val
2026-09-19 22:13:28.226597+00:00,-0.9228535661248817,0.872454499598199,-0.4719376059280075,-0.46005638183434944,9.855513897877417,0.016658473096233237,23,6,26.481603670504704,False,1162.2176298926036,True,0.473515644091093,False,0.36912626,False,False,1,WATCH,val
2026-09-19 22:18:28.536831+00:00,-0.9306709460300074,0.892430567149345,-0.18198105601204212,1.1306684475950695,9.868509360378148,0.016261829134553697,29,6,26.831098635426965,False,1170.760809095549,True,0.4949388937196757,False,0.3439336,False,False,1,WATCH,val
2026-09-19 22:23:27.818243+00:00,-0.9104103012406688,0.8904488567848132,0.10021597649139415,0.9499923568237522,9.857360726931477,0.017739155577523136,27,6,26.26863709561457,False,1179.1096976918507,True,0.47039546748652916,False,0.52026886,False,False,1,WATCH,val
2026-09-21 05:58:30.443716+00:00,-0.5277679091207009,-0.10572025763717577,0.20091804982768816,-0.5688624825484708,9.863913662615628,0.026051258205896547,31,7,15.773409543424489,False,1183.7892152851327,True,0.47388732116045346,False,0.99271965,False,False,1,WATCH,val
2026-09-21 06:08:44.332308+00:00,-0.5174718719151038,-0.1246847934020758,0.6930527464746543,-0.5265087883212546,9.861631259994706,0.02275647474581982,28,7,15.244465276489306,False,1188.3699984434795,True,0.4649116541712056,False,0.53529906,False,False,1,WATCH,val
2026-09-21 06:13:33.097803+00:00,-0.4926464605528157,-0.1250865643463576,-0.22776233373588295,-0.264640581358162,9.857355858010855,0.036558932636984065,30,7,15.773830224279807,False,1192.71271690626,True,0.48695532860061286,False,1.3029267,False,False,1,WATCH,val
2026-09-21 06:18:34.867117+00:00,-0.4864398550331259,-0.145401860123885,-0.5736891251403918,0.1449410409276221,9.863426895770086,0.02027861489900678,30,7,14.169744747200177,False,1196.9959167720683,True,0.45038280891270543,False,0.7053359,False,False,1,WATCH,val
2026-09-21 06:23:36.953083+00:00,-0.4784973054374928,-0.10745695091631163,-0.07594908490909758,0.6669983637004596,9.864736785005979,0.022617593938249577,30,7,14.202833336089576,False,1201.2029511063608,True,0.456753414346276,False,0.9684162,False,False,1,WATCH,val
2026-09-21 06:28:38.633248+00:00,-0.5047332867197029,-0.09920373171766311,-0.5926881862025676,0.13810319913943622,9.867789117945295,0.02551724137931035,29,7,15.131757814955652,False,1205.6615768767704,True,0.46931773930077164,False,0.9704327,False,False,1,WATCH,val
2026-09-21 06:33:30.874458+00:00,-0.5111355389966838,-0.11275246762769643,0.30592815217107655,-0.8244187376366756,9.865142611099328,0.021917584251131876,29,7,15.055388566668785,False,1210.1815974098695,True,0.46622755884679706,False,0.8210529,False,False,1,WATCH,val
2026-09-21 06:38:32.059606+00:00,-0.5079554408629597,-0.10682126951346271,1.2451352868275882,-0.7673713451258123,9.86655350612104,0.021992577597629143,28,7,15.144979958368836,False,1214.6711222108725,True,0.49010434525224333,False,0.69438237,False,False,1,WATCH,val
2026-09-21 06:43:34.042323+00:00,-0.5066424090469848,-0.0877218757014016,-0.5793884580401804,-0.09356708988460818,9.87196782218639,0.019689252567496318,30,7,14.830366416877673,False,1219.1480556185254,True,0.4542137455476571,False,0.6063959,False,False,1,WATCH,val
2026-09-21 06:53:37.777854+00:00,-0.49711062414552937,-0.11315784195498758,-0.09747504613569831,-0.7335650245442343,9.865542275820006,0.020324361418332503,29,7,14.554003081994372,False,1223.5335834322225,True,0.4608682523324607,False,0.736143,False,False,1,WATCH,val
2026-09-21 06:58:34.855020+00:00,-0.5127801337931226,-0.10656990717852277,-0.6793890392904918,-0.7244487516265931,9.859362013261666,0.02617965916703749,29,7,15.41224451322609,False,1228.0693749007485,True,0.48890933317490315,False,1.0316052,False,False,1,WATCH,val
2026-09-21 07:03:36.939344+00:00,-0.457214815601787,-0.09578916969282107,1.401775369829784,0.13836285843779908,9.871348114025464,0.09011816789911713,29,7,19.115123277602056,False,1232.072319587152,True,0.5875247392486016,False,7.5385523,False,False,1,WATCH,val
2026-09-21 07:08:31.739463+00:00,-0.5101825831102096,-0.11191912170226685,-0.19568013759907713,-0.19533400571847978,9.868161281939114,0.02025403469736302,29,7,14.856031023264606,False,1236.583201695526,True,0.4473081290314981,False,0.7066381,False,False,1,WATCH,val
2026-09-21 07:13:47.554344+00:00,-0.5051628508785672,-0.11252499330701174,-0.7160309056116096,0.01717003542175292,9.866055037470622,0.03318631285555459,26,7,15.789781330902223,False,1241.045946795892,True,0.48540329881119193,False,2.1182783,False,False,1,WATCH,val
2026-09-21 07:18:37.363388+00:00,-0.499954042781541,-0.13634559006838257,0.2764443113893687,0.3053523796213386,9.8667958279667,0.022265390170650094,27,7,14.695360980991952,False,1245.4587417344746,True,0.45333731295948426,False,0.6834038,False,False,1,WATCH,val
2026-09-21 07:23:41.774990+00:00,-0.4784093812260667,-0.10334471434752897,0.5635827165485369,0.1403149296130069,9.867177671814803,0.01682366530473375,28,7,13.89131747513851,False,1249.6649329145362,True,0.45825442257734517,False,0.5670151,False,False,1,WATCH,val
2026-09-21 07:28:31.680208+00:00,-0.4830677828668623,-0.14557999112267164,1.4996383380026046,-1.1691432125125596,9.867173134701957,0.01946792233393137,20,7,14.446279307962879,False,1253.9157961023343,True,0.5073453042061465,False,0.63911986,False,False,1,WATCH,val
2026-09-21 07:33:33.034491+00:00,-0.5114084682392458,-0.11532263865767521,-0.4751029549729447,1.1614903934212077,9.867614993382505,0.01924500897298712,27,7,14.90906878298732,False,1258.4384339059427,True,0.48315585752742257,False,0.67499053,False,False,1,WATCH,val
2026-09-21 07:38:35.324068+00:00,-0.4949207095861643,-0.0872389225475513,-0.6791853089192088,0.18221948675150082,9.87335161879921,0.022580719405919738,30,7,14.744422565734222,False,1262.8029614093011,True,0.46560995584680726,False,0.6434621,False,False,1,WATCH,val
2026-09-21 07:43:37.359346+00:00,-0.510575057550258,-0.09402757942956436,0.25237420635429336,-0.3091277850286135,9.865883767720412,0.025915200812188958,26,7,15.328746626304497,False,1267.3176071736616,True,0.4666220443208299,False,0.81980777,False,False,1,WATCH,val
2026-09-21 07:48:39.793338+00:00,-0.5118926803097802,-0.09667397708638734,-0.417936952531091,1.18722620756057,9.857122943087452,0.02043843418260617,28,7,14.970170716979181,False,1271.8448883564865,True,0.4842508541144048,False,0.4833936,False,False,1,WATCH,val
2026-09-21 07:53:32.775538+00:00,-0.4773651653858985,-0.09948858658762456,-0.038618754280087646,0.7804271846433187,9.854006806442325,0.01550434182365099,26,7,13.718197795951742,False,1276.0410659693016,True,0.4742426139250597,False,0.43240002,False,False,1,WATCH,val
2026-09-21 07:58:39.143369+00:00,-0.6622726830485993,-0.18118244278365364,-9.900407809345273,-4.671254991566181,9.82232543304886,0.17188035705937185,28,7,32.10532532489346,False,1282.0104247495058,True,0.730665252796209,True,41.792435,True,False,3,WATCH,val
2026-09-21 08:03:33.655257+00:00,-0.49157619447553175,-0.10218662824764803,0.2293627389367259,0.5601246974010076,9.86288668711852,0.018849172922367364,29,7,14.268576315097208,False,1286.3428798348082,True,0.4516224129492923,False,0.72151166,False,False,1,WATCH,val
2026-09-21 08:08:34.458982+00:00,-0.5109595556303419,-0.10488734751707929,-0.05638008827516677,0.8335255126189894,9.864009688815242,0.018688112313396597,27,7,14.782929955072946,False,1290.8612127653969,True,0.4616899657809006,False,0.4962146,False,False,1,WATCH,val
2026-09-21 08:13:30.663258+00:00,-0.5002292838040894,-0.12076069136929386,-0.15189740495184792,0.4633929866628881,9.859920771562784,0.02135967761143394,21,7,14.606732122036426,False,1295.2766471434347,True,0.4529014193868873,False,0.51415896,False,False,1,WATCH,val
2026-09-21 08:18:49.858955+00:00,-0.4700730356452166,-0.09482500577185918,0.13141160326983117,-1.3239161901755725,9.853423180716742,0.021768142796672593,28,7,14.04551714610177,False,1299.4028964629615,True,0.49001931867496135,False,0.7211838,False,False,1,WATCH,val
2026-09-21 08:23:31.559909+00:00,-0.5093275077147843,-0.08706293742297526,0.6169698857321168,-0.022107230000255468,9.856047982558525,0.019466742964159234,28,7,14.762686803349625,False,1303.9055787771517,True,0.45627341128915067,False,0.58739674,False,False,1,WATCH,val
2026-09-21 08:28:34.973684+00:00,-0.513809845490223,-0.1117790380111409,1.3281403414827433,0.0388330814170497,9.865098733209171,0.017641491496531946,30,7,14.923267604107433,False,1308.4512447246184,True,0.47114445619609907,False,0.44557366,False,False,1,WATCH,val
2026-09-21 08:33:37.079338+00:00,-0.45087549634885976,-0.09578895290699024,0.5272071931306962,-1.2700212351151097,9.858906410217134,0.01635407048113024,26,7,13.256686497775103,False,1312.3933981481491,True,0.49100379217942003,False,0.55393434,False,False,1,WATCH,val
2026-09-21 08:38:36.982879+00:00,-0.4806694235947182,-0.08859408711388027,0.4303745649333157,-0.2561580838940931,9.85869533178641,0.028544577408122294,26,7,14.795739694291509,False,1316.6212621331688,True,0.4733634306584152,False,1.0073724,False,False,1,WATCH,val
2026-09-21 08:43:32.419044+00:00,-0.518944017824542,-0.10393631913807568,0.1613219400110725,0.3489233011320134,9.86715296988654,0.016438771126793834,27,7,14.876483230192107,False,1321.2161625185233,True,0.45972928159811904,False,0.34934682,False,False,1,WATCH,val
2026-09-21 08:48:40.721163+00:00,-0.49208343619148837,-0.09959146146416824,-0.5925474469868777,0.033606995688110944,9.871179713342748,0.02019113062287264,27,7,14.460088368995724,False,1325.553481827138,True,0.45248883775239157,False,0.49986643,False,False,1,WATCH,val
2026-09-21 08:53:32.613407+00:00,-0.48721938975449036,-0.07970021101042683,-0.2406124054295527,-1.4824523213917018,9.860902005482757,0.02473412338256848,22,7,14.818710051499188,False,1329.8441570855355,True,0.49766933796366697,False,0.86253124,False,False,1,WATCH,val
2026-09-21 08:58:57.383936+00:00,-0.4766639568870702,-0.07393974626952568,1.0655492540152236,-0.21947194531316985,9.869706427312499,0.02131480677027861,27,7,14.28705653283082,False,1334.0336104195312,True,0.46467986486832685,False,0.69839245,False,False,1,WATCH,val
2026-09-21 09:03:36.429088+00:00,-0.5029660971166543,-0.06210061376224012,-0.7714189339262983,0.5740280906393829,9.863529794808223,0.01752185657367231,29,7,14.590939504679463,False,1338.4752896246364,True,0.4681748592974499,False,0.52096593,False,False,1,WATCH,val
2026-09-21 09:08:38.113650+00:00,-0.4791000305428231,-0.0802660216176681,-0.06697441233869243,-0.07008514300553734,9.863428673063405,0.01677740985615686,27,7,13.857731986180502,False,1342.6881038256395,True,0.44712892674314403,False,0.5821395,False,False,1,WATCH,val
2026-09-21 09:13:30.561177+00:00,-0.5213809734825787,-0.05922572786703002,1.0326945502333535,0.11311330742004033,9.86209162016441,0.022432615144521353,30,7,15.42174147612807,False,1347.3063735360124,True,0.4605983089016391,False,0.91646004,False,False,1,WATCH,val
2026-09-21 09:18:32.128810+00:00,-0.5040879937711668,-0.06788239346708745,0.3230698734879147,1.0532461413725853,9.865130237926374,0.018849172922367347,29,7,14.719171066672697,False,1351.7588112329554,True,0.4703194202141989,False,0.6890909,False,False,1,WATCH,val
2026-09-21 09:23:34.734400+00:00,-0.5034767120291679,-0.09603749279468271,-0.31385484194418706,-0.2969435253910466,9.863927595932184,0.022166597048066394,27,7,14.811298623847609,False,1356.2053870088332,True,0.45008051937517446,False,0.70426834,False,False,1,WATCH,val
2026-09-21 09:28:36.913853+00:00,-0.5085252988695874,-0.08973128147747814,-0.5780047182656775,0.45413848581397975,9.854919064903036,0.022364257197590828,25,7,14.949708036670577,False,1360.7003764956328,True,0.4598879404893763,False,0.5736159,False,False,1,WATCH,val
2026-09-21 09:33:38.583703+00:00,-0.49886401509771433,-0.07157355754564206,0.5032808872513292,0.6677178845463164,9.865136514141913,0.02111677928442045,28,7,14.694743479491384,False,1365.1027185516862,True,0.45634872326682524,False,0.6175729,False,False,1,WATCH,val
2026-09-21 09:43:30.464706+00:00,-0.4943755510917831,-0.05244252902369757,-0.29674335964340887,-0.231097020488236,9.86027803727958,0.027352457951795646,29,7,15.044178781350096,False,1369.462018226627,True,0.4631413659510035,False,0.98414016,False,False,1,WATCH,val
2026-09-21 09:48:32.128320+00:00,-0.4984248342482297,-0.05524393204973502,-0.40334883314465614,-0.0393175976216424,9.864755041364878,0.030128539529382985,29,7,15.398677033464569,False,1373.8601487329217,True,0.46951483481667183,False,1.4656901,False,False,1,WATCH,val
2026-09-21 09:53:33.813165+00:00,-0.45129978023324996,-0.05903670060404418,1.3683824040514063,-0.36255400207282723,9.866269865785211,0.04567631555429939,29,7,15.900759506954754,False,1377.8063708509162,True,0.5322405860052991,False,2.5575893,False,False,1,WATCH,val
2026-09-21 09:58:35.886348+00:00,-0.5245881460618944,-0.03248907794887517,-1.1666918530250785,-0.3981340548014791,9.862540412193612,0.017005280008190266,29,7,15.205683010386595,False,1382.4553959253224,True,0.4781965223580955,False,0.7015633,False,False,1,WATCH,val
2026-09-21 10:03:37.762386+00:00,-0.48453509329754013,-0.03668572417304978,-0.5504497783365491,0.29254468362883584,9.87020583331189,0.038838670556017404,29,7,15.865326803900565,False,1386.7203299700293,True,0.4935574611526257,False,1.3504983,False,False,1,WATCH,val
2026-09-21 10:08:40.059462+00:00,-0.5157661966318209,-0.03179848920685154,1.15944739744249,0.14189851800094108,9.86738300896914,0.021149974670703873,28,7,15.290373649828723,False,1391.2847564581432,True,0.46160972532147626,False,0.8003772,False,False,1,WATCH,val
2026-09-21 10:13:31.829266+00:00,-0.5091109360042345,-0.026871471414991927,0.8088134344933456,0.38287966050876754,9.863098341067923,0.022383029285599144,30,7,15.1162664378099,False,1395.7853619455857,True,0.455907825269062,False,0.58000344,False,False,1,WATCH,val
2026-09-21 10:18:33.266889+00:00,-0.5129460708779713,-0.040750299560054125,0.2565844309744615,-0.14491869911264835,9.870368256671465,0.023359360484016278,24,7,15.285615160232114,False,1400.3227446772337,True,0.4511163054198905,False,1.2813939,False,False,1,WATCH,val
2026-09-21 10:24:25.527760+00:00,-0.5159892835380139,-0.03657482035332051,-0.5521595224324087,-0.21906679495024478,9.863889860391877,0.03621506856166728,23,7,16.40820371558547,False,1404.8893104699348,True,0.4832068376960811,False,2.0190346,False,False,1,WATCH,val
2026-09-21 10:28:37.018335+00:00,-0.5034842621901708,-0.032559492778645775,-0.1267482207619773,-0.24424724036311504,9.866454524614028,0.024303634844744012,30,7,15.079728059263006,False,1409.3359586485115,True,0.44938443457368843,False,0.9668138,False,False,1,WATCH,val
2026-09-21 10:33:39.104482+00:00,-0.5193508535933757,-0.07424081207219532,-0.5053209440199047,0.9907850623237459,9.855964578744855,0.018207419010267446,29,7,15.015050545170023,False,1413.9347604086322,True,0.4760861452347156,False,0.52434486,False,False,1,WATCH,val
2026-09-21 10:38:32.596291+00:00,-0.506366935524347,-0.05891034299946145,0.08165073264037728,0.09665997440689124,9.867212105578126,0.022757172251597426,30,7,14.99291593160055,False,1418.4090521472572,True,0.4487145478509979,False,0.6419261,False,False,1,WATCH,val
2026-09-21 10:43:34.696285+00:00,-0.5020676215741492,-0.025803197525100484,0.9609176519522413,0.6947805800536778,9.881346212605928,0.035904848743105594,28,7,16.29359265036137,False,1422.8421153699974,True,0.5286530024485934,False,1.4015532,False,False,1,WATCH,val
2026-09-21 10:48:40.440099+00:00,-0.5556876624077816,-0.034718239698198164,0.34153650611186714,0.49660664869158777,9.860474311008216,0.019466742964159185,28,7,16.030689061482878,False,1427.789371026894,True,0.45313109216773223,False,0.703772,False,False,1,WATCH,val
2026-09-21 10:53:31.465191+00:00,-0.47778574978565536,-0.04764853184450876,0.2985306595211279,0.9442642739236006,9.880163431034221,0.02940552497286571,29,7,15.041834456264404,False,1431.9895818577545,True,0.505818782923638,False,1.4543637,False,False,1,WATCH,val
2026-09-21 10:58:38.057925+00:00,-0.4575820710248877,-0.052413890811664726,-3.586853650338581,1.9766234633297057,9.901813874997455,0.13536931471873442,29,7,21.732926742661814,False,1435.9960483609455,True,0.6916888356603097,False,13.191032,False,False,1,WATCH,val
2026-09-21 11:08:31.791325+00:00,-0.5209410862883184,0.015945631713687552,-0.6356849996115298,-0.6120054905463422,9.877784530465918,0.019149652312077464,28,7,15.48305193358537,False,1440.6100997480262,True,0.4775339589252999,False,0.55973476,False,False,1,WATCH,val
2026-09-21 11:13:44.012289+00:00,-0.5139244346513446,0.05051517388713712,0.46867277902641874,-0.4398438314515882,9.872021858752985,0.02340084296137939,27,7,15.515830572213302,False,1445.156864554777,True,0.46229149140681525,False,0.7280246,False,False,1,WATCH,val
2026-09-21 11:18:46.297586+00:00,-0.5182596293875485,0.027207920185424374,0.9458150490569104,-0.43263075031394455,9.88065810451133,0.02229411017275088,29,7,15.743140383824807,False,1449.745201958253,True,0.48863353974171736,False,0.6764052,False,False,1,WATCH,val
2026-09-21 11:23:38.577297+00:00,-0.512165701732819,0.02634801577769958,-1.8421629266781732,-1.4337403666028359,9.880705161299815,0.02421239352067448,25,7,16.029069654720512,False,1454.275101295557,True,0.5551019464319988,False,1.3337294,False,False,1,WATCH,val
2026-09-21 11:28:39.815043+00:00,-0.5675742134334697,0.015456930714608857,-1.263022220509432,0.47444347408567544,9.868681854042002,0.02198484326378793,24,7,16.715610035889135,False,1459.3363437102146,True,0.47818686812265127,False,1.1930788,False,False,1,WATCH,val
2026-09-21 11:33:33.899065+00:00,-0.5708309388640888,-0.10070181122157372,-4.793389686762807,-6.853201319028907,9.882401541784557,0.06687521878124393,29,7,24.05719796323878,False,1464.428816678794,True,0.6826204129102401,False,10.795286,False,False,1,WATCH,val
2026-09-21 11:38:34.833704+00:00,-1.433935380646787,-1.4710470502811637,1.095927395666573,-0.16297892615583795,9.892053701292557,0.028535394297347718,29,7,38.028465846355466,False,1477.7980788282805,True,0.5515628226942294,False,0.8755647,False,False,1,WATCH,val
2026-09-21 11:43:37.461457+00:00,-1.4172778876548393,-1.480962745563644,2.6838855521503713,-0.08636212340597625,9.887215504575433,0.04049983563411751,26,7,38.64518892452964,True,1491.0076030004116,True,0.6061340268985159,False,3.209568,False,False,2,WATCH,val
2026-09-21 11:50:19.282606+00:00,-1.4493554697816022,-1.4396825524574397,-1.2990414180419498,-0.1848640293182256,9.872040651267318,0.05391319553746773,28,8,40.1917888147196,True,1504.5247369725203,True,0.5945917311104012,False,3.0983026,False,False,2,WARNING,test
2026-09-21 11:55:21.473728+00:00,-1.4469232373831218,-1.432331387476486,-1.4984716369220448,1.012499483212439,9.888059963659684,0.03901949078546546,22,8,39.15247399654669,True,1518.018546913577,True,0.5920271723907606,False,2.380581,False,False,2,WARNING,test
2026-09-21 12:00:25.261222+00:00,-1.4141360717266747,-1.4368202485175405,-1.203434793308924,-0.000505222279577779,9.886733209323321,0.021685200803411974,22,8,37.085977322547485,False,1531.1979424630017,True,0.5300711746524359,False,0.7737892,False,False,1,WATCH,test
2026-09-21 12:05:35.349771+00:00,-1.4998862064783247,-1.4085305734408877,-2.3614474714764913,1.137845649370393,9.868616245535812,0.04501836172676659,22,8,41.29053778627579,True,1545.1996438113722,True,0.6170464642064815,False,3.2046618,False,False,2,WATCH,test
2026-09-21 12:10:25.547318+00:00,-1.400622997798245,-1.462441901116899,2.028638794323353,-0.2785317417057937,9.894073408091055,0.036789905741402104,23,8,37.80996375907973,False,1558.2494549690625,True,0.5912969920764026,False,2.2271883,False,False,1,WATCH,test
2026-09-21 12:20:24.402912+00:00,-1.456427935851837,-1.4185461404891877,0.26993305248769217,0.19140103767149613,9.872982890667888,0.023722352328552937,20,8,38.49891441264046,True,1571.8344107571863,True,0.5062494089725511,False,1.1091461,False,False,2,WATCH,test
2026-09-21 12:33:15.173239+00:00,-1.4533440205067008,-1.438677647887814,-0.583489855500322,1.079395709573345,9.881351492160391,0.026033911845761242,29,9,38.525778042147095,True,1585.389793163541,True,0.5499839010912303,False,1.1621723,False,False,2,WARNING,test
2026-09-21 12:38:16.938574+00:00,-1.4284894008126219,-1.4117462885611538,-0.08394869437013747,0.7914201419469533,9.879922606992162,0.020959143930173122,28,9,37.513827037666786,False,1598.7068307793688,True,0.5138544939688389,False,0.80050087,False,False,1,WATCH,test
2026-09-21 12:43:19.646817+00:00,-1.4192734109622505,-1.4633223534745647,0.230418950499688,0.28069881099692673,9.892314286064662,0.029437856510914354,29,9,37.66738719037821,False,1611.9354911358612,True,0.535943506516502,False,1.0191103,False,False,1,WATCH,test
2026-09-21 12:48:18.679055+00:00,-1.4703228959001637,-1.438628831885835,-1.1197418860000266,1.4148695279149286,9.877814296169577,0.046664237060174474,28,9,40.3532392995194,True,1625.6536934344067,True,0.6131275020211068,False,3.4730675,False,False,2,WATCH,test
2026-09-21 12:53:20.333460+00:00,-1.4241937658907795,-1.3654619126113963,0.2031130801621191,1.109954411636543,9.886361605268391,0.02243755507070688,28,9,37.51362193630507,False,1638.9295378146014,True,0.5285950528862181,False,0.7885696,False,False,1,WATCH,test
2026-09-21 12:58:22.524391+00:00,-1.451734853329054,-1.3547405050090628,0.2822562780087498,0.5353969877699198,9.880291483721932,0.025305821768609054,26,9,38.46767100366259,True,1652.4694890206963,True,0.5287879459693905,False,0.8133526,False,False,2,WATCH,test
2026-09-21 13:03:16.199942+00:00,-1.4161363895727048,-1.3389595636549099,-0.7090914961734407,0.5650246501475131,9.880845109968623,0.022852182001336586,30,9,37.370332142879484,False,1665.6680667319833,True,0.5263161048696009,False,0.643974,False,False,1,WATCH,test
2026-09-21 13:08:17.718872+00:00,-1.4189525859139638,-1.3553688718437387,-0.059190155055851595,0.5920784867503228,9.882380962033707,0.02179156830013782,28,9,37.328414399048675,False,1678.8936505184106,True,0.5114420845892595,False,0.65471256,False,False,1,WATCH,test
2026-09-21 13:23:17.799871+00:00,-1.4301530008255319,-1.3207087405039537,-1.065498005597153,-0.0799903712981307,9.87422938539802,0.025748119705544897,37,9,38.02425332726704,False,1692.2266413212708,True,0.5390379215534651,False,0.9354804,False,False,1,WATCH,test
2026-09-21 13:28:24.499025+00:00,-1.425603714387346,-1.3602792318315693,0.041696480539411766,0.7367311312694266,9.889828024216452,0.019245990836153252,28,9,37.25998474354548,False,1705.5160064828415,True,0.505932828676167,False,0.6113086,False,False,1,WATCH,test
2026-09-21 13:33:16.959757+00:00,-1.4446372074537341,-1.3572089879314932,0.8121822889719174,0.25210945353120184,9.881642472852215,0.022597935008904176,30,9,38.07866122282371,False,1718.9878944097468,True,0.5199603996446526,False,0.571562,False,False,1,WATCH,test
2026-09-21 13:38:18.264341+00:00,-1.4274082490053617,-1.3425374035852968,0.19093830472798587,0.02932467413939632,9.88261386892175,0.023048258550749826,30,9,37.62427581278677,False,1732.294564258769,True,0.5105254003840819,False,0.5672651,False,False,1,WATCH,test
2026-09-21 13:43:19.871831+00:00,-1.4240403606980296,-1.3544257705583873,0.03380448585364517,-1.1810506257930915,9.886323853260333,0.030617893628169763,29,9,38.02735037865762,False,1745.5689375511345,True,0.5600906034349861,False,0.99512494,False,False,1,WATCH,test
2026-09-21 13:48:22.379458+00:00,-1.4550109564460878,-1.3659313301741423,0.7040189251359359,-0.23457130049130415,9.885821683013702,0.0221174037390684,29,9,38.2458835042135,False,1759.1403051345783,True,0.5179174631282779,False,0.6430376,False,False,1,WATCH,test
2026-09-21 13:58:16.359108+00:00,-1.4123896860534473,-1.3694335187796278,-0.36585514535907937,-0.0881967080592436,9.88489583558767,0.023147407395555212,27,9,37.18401651086374,False,1772.3029536191682,True,0.5145319867032367,False,0.6341002,False,False,1,WATCH,test
2026-09-21 14:03:17.244614+00:00,-1.4338173917121948,-1.3649518738910593,0.35235160442684804,0.8630957972349441,9.877428443488396,0.02684316590038419,30,9,38.16183851657469,False,1785.6710843070493,True,0.5315421944957733,False,1.0731529,False,False,1,WATCH,test
2026-09-21 14:08:18.588028+00:00,-1.4249568074875603,-1.3404514763278728,0.03803380979449268,0.11457069990878734,9.880093689325347,0.020695401500860057,29,9,37.41604027049244,False,1798.9542459180764,True,0.506640410620812,False,0.5938193,False,False,1,WATCH,test
2026-09-21 14:13:20.296160+00:00,-1.4376542115162563,-1.3556458333699188,0.7513682186189125,-0.8170655582054448,9.884336056232147,0.02450049690154236,27,9,37.9935953549413,False,1812.3591700078982,True,0.5404105719505701,False,0.6996653,False,False,1,WATCH,test
2026-09-21 14:18:22.775282+00:00,-1.4627602524034922,-1.3760966605733331,0.2958480488016538,-0.13624338821358853,9.884886060483982,0.019476622986935137,22,9,38.23876080045922,False,1826.0048499060922,True,0.5021669915107865,False,0.76167625,False,False,1,WATCH,test
2026-09-21 14:23:24.653496+00:00,-1.4342232743456458,-1.3894142007580048,0.38564324726899674,0.6825300088740477,9.885163297864453,0.028091959049971988,28,9,38.13229846742171,False,1839.3768728285936,True,0.540786986864374,False,1.0543096,False,False,1,WATCH,test
2026-09-21 14:28:17.214487+00:00,-1.4377992673230506,-1.3598195758413154,0.39426272236788884,0.6062612561866578,9.8798331381713,0.022803508501982792,25,9,37.93181314767361,False,1852.7831879393327,True,0.5191110873440203,False,0.97652394,False,False,1,WATCH,test
2026-09-21 14:33:19.164229+00:00,-1.4690201849579385,-1.350658337090042,-0.9377410769275906,0.01377701676511657,9.883019437997062,0.020669354663903294,30,9,38.54941151602458,True,1866.4888978171346,True,0.5204882136644207,False,0.80632067,False,False,2,WATCH,test
2026-09-21 14:41:22.729146+00:00,-1.4330847387615955,-1.3325616909880227,0.5633927880538053,-0.1390919775705643,9.880837830318908,0.02497999199359348,25,10,37.94976289688403,False,1879.850002687836,True,0.5266797868345544,False,1.0544062,False,False,1,WATCH,test
2026-09-21 14:46:24.398291+00:00,-1.4517402630281915,-1.325085561902109,0.8671140535174755,1.0923885051225188,9.889052387618646,0.022555487137279735,20,10,38.28412701076961,False,1893.3900057705487,True,0.5396247979805165,False,0.61160123,False,False,1,WATCH,test
2026-09-21 14:51:27.088544+00:00,-1.4544159461169537,-1.328512473403398,-0.15025561558377618,0.5292527531111082,9.88129064758896,0.019851519847021215,26,10,38.148738687218604,False,1906.9556674685675,True,0.5050500534192489,False,0.7935932,False,False,1,WATCH,test
2026-09-21 14:56:26.319936+00:00,-1.4390842417544618,-1.3540614259909451,-0.7455049469628023,-0.5850274809406251,9.88662940593466,0.02971905486757978,30,10,38.34051191576895,True,1920.3743049147702,True,0.5510595162058298,False,1.2169908,False,False,2,WATCH,test
2026-09-21 15:01:27.792930+00:00,-1.4356746793051873,-1.361134270685864,-0.7052547127679767,1.2069506735047546,9.87743099481976,0.01967796285752683,30,10,37.73696898712912,False,1933.7602461677593,True,0.5399737969490589,False,0.55336523,False,False,1,WATCH,test
2026-09-21 15:06:29.767499+00:00,-1.4523040233059181,-1.3519896765292254,-0.87613196854267,0.1279438470183166,9.880337818183998,0.021870832936432112,30,10,38.22553577554699,False,1947.3056554617501,True,0.5223272984642013,False,0.7284794,False,False,1,WATCH,test
2026-09-21 15:11:31.645833+00:00,-1.460584399487454,-1.3572378557653713,0.4588581031487642,-0.41635413491752116,9.880124282982594,0.02570188192903139,28,10,38.70149571586999,True,1960.9304698945346,True,0.5328266933001693,False,0.76943994,False,False,2,WATCH,test
2026-09-21 15:16:23.584604+00:00,-1.431459916313651,-1.3575470432169292,0.7116263932881058,0.7533770055711347,9.883289411142174,0.023795602067704764,29,10,37.82750898573563,False,1974.2759934378705,True,0.5262494526310847,False,0.9151181,False,False,1,WATCH,test
2026-09-21 15:21:25.466616+00:00,-1.4428320482852968,-1.333901180166143,0.7150256487436668,1.132137002206282,9.876583137554796,0.018834808201837153,20,10,37.89341355948834,False,1987.7305706881627,True,0.5309937809659533,False,0.7575906,False,False,1,WATCH,test
2026-09-21 15:26:27.126993+00:00,-1.4244499669653978,-1.3596616681693487,-1.55781047925997,1.7263834808877419,9.88618812912454,0.021197484127446216,30,10,37.58777523817923,False,2001.008871923148,True,0.573993799811866,False,0.86669654,False,False,1,WATCH,test
2026-09-21 15:31:28.721773+00:00,-1.4587283561907676,-1.3461707928734286,0.014011512215091093,-0.06370269022007186,9.878393392271954,0.02844097201026866,30,10,38.86585926872059,True,2014.6158877230746,True,0.5263309723773762,False,0.93973064,False,False,2,WATCH,test
2026-09-21 15:36:30.774999+00:00,-1.4359576000582206,-1.3723474292223572,-0.13339395337676233,0.42961714346261926,9.883099669110461,0.024073960113690198,30,10,37.905787872191816,False,2028.0045420607316,True,0.5172017164017034,False,0.67371666,False,False,1,WATCH,test
2026-09-21 15:41:33.104772+00:00,-1.4766388216043216,-1.3356687294445868,0.42177391510675855,-0.1276189327228988,9.877491188210497,0.01510958779324564,29,10,38.389254082315155,True,2041.783311288382,True,0.5221441840176306,False,0.39174092,False,False,2,WATCH,test
2026-09-21 15:46:25.864302+00:00,-1.4550563941234649,-1.3231358670571527,-0.7549769994801213,-0.9536290338970234,9.874646868484376,0.016401219466856513,30,10,37.96123774418269,False,2055.35511459902,True,0.5351685095067958,False,0.57306206,False,False,1,WATCH,test
2026-09-21 15:51:26.920652+00:00,-1.4448685047684173,-1.320898239126237,0.5955010846309058,0.2898307106481659,9.880533480477705,0.021847959477565033,30,10,38.06185483493523,False,2068.829220564692,True,0.5150459672802306,False,0.58754975,False,False,1,WATCH,test
2026-09-21 15:56:28.578477+00:00,-1.4790605278897686,-1.3545636126029021,0.32454385012381176,-0.23822857693773292,9.879612457383384,0.023668630751115353,28,10,39.0446573537762,True,2082.6312128826344,True,0.5165860406750524,False,0.8693543,False,False,2,WATCH,test
2026-09-21 16:01:32.070690+00:00,-1.4402917381024511,-1.3551114190502105,1.314782722478278,0.010935673119744516,9.886708274344398,0.023764469276632155,20,10,38.03531412045466,False,2096.0614296838085,True,0.5347670097983883,False,0.9267736,False,False,1,WATCH,test
2026-09-21 16:06:31.932454+00:00,-1.4305116715841797,-1.3495748613952243,1.363158686138934,-0.055796602531631746,9.877831979087158,0.018993898377715278,27,10,37.519857209043906,False,2109.3978599803277,True,0.5218792572531423,False,0.7524431,False,False,1,WATCH,test
2026-09-21 16:11:34.622260+00:00,-1.474041650228954,-1.3502752365572679,0.5433705014936211,-0.5083390840553369,9.877322955604376,0.01974234028680481,25,10,38.657114276924545,True,2123.151723485217,True,0.5108689399361986,False,0.50544554,False,False,2,WATCH,test
2026-09-21 16:16:28.313303+00:00,-1.479665872587611,-1.3515045173641387,0.09323807432108884,0.08716356994703303,9.881747623745158,0.020438969623978672,26,10,38.807889482107264,True,2136.959520790602,True,0.5027690255556927,False,0.5948278,False,False,2,WARNING,test
2026-09-21 16:21:30.289674+00:00,-1.4413588644767892,-1.3606686120809532,0.21285812760669615,0.007606148735901148,9.881427179339951,0.018598880808987667,28,10,37.65968334526132,False,2150.399970860894,True,0.5018901098859595,False,0.70135635,False,False,1,WATCH,test
2026-09-21 16:26:33.602713+00:00,-1.4610251188441463,-1.3565547016609198,-0.05266146801150926,-1.1604730771216445,9.872689439554795,0.015540046832476326,24,10,38.035793083498476,False,2164.0290115970397,True,0.5278762625604162,False,0.7416421,False,False,1,WATCH,test
2026-09-21 16:31:24.217065+00:00,-1.440970020598535,-1.366304567673575,0.7418261835872278,-0.0017855552114376147,9.887330913742062,0.022474475317931612,28,10,37.89672028722317,False,2177.4657328268245,True,0.5180594539732244,False,0.6495335,False,False,1,WATCH,test
2026-09-21 16:36:26.622328+00:00,-1.468020401281089,-1.3659719183519727,0.16974748093484826,-0.09415804722915673,9.876954364950425,0.023064292558429716,27,10,38.73110853092886,True,2191.16185522214,True,0.5091425512635238,False,0.6583038,False,False,2,WATCH,test
2026-09-21 16:41:27.982199+00:00,-1.4399472028648934,-1.3683027452740444,-0.26441949745296894,-0.2435058581616783,9.880884830242627,0.024184476196289162,30,10,38.02025680845023,False,2204.588768083039,True,0.5202865505396628,False,0.9350131,False,False,1,WATCH,test
2026-09-21 16:46:27.191509+00:00,-1.4640479620298716,-1.370117792978245,-0.39429021031968386,-0.19571941249943595,9.880784519480942,0.023296995514443322,20,10,38.59085617427412,True,2218.2467965460046,True,0.520374590289216,False,0.58148634,False,False,2,WATCH,test
2026-09-21 16:51:28.551786+00:00,-1.4384577980396753,-1.3291879043912316,0.12612707666579495,0.45489717799519885,9.878884089692272,0.02290317784840235,30,10,37.97490231156594,False,2231.659426674541,True,0.5135710596961814,False,0.73657054,False,False,1,WATCH,test
2026-09-21 16:56:30.139689+00:00,-1.460854857733477,-1.3694562386556253,-0.5186128192798916,-1.3326542211754202,9.880097111258468,0.017641491496531946,30,10,38.116790697485435,False,2245.286834682073,True,0.5393337734396856,False,0.5026561,False,False,1,WATCH,test
2026-09-21 17:01:31.768114+00:00,-1.4515351480835816,-1.3583309495205655,0.3620202914220578,0.3643289682112649,9.878042313799869,0.023541109010475045,27,10,38.351471199712435,True,2258.824870803347,True,0.5135677657254886,False,0.8165244,False,False,2,WATCH,test
2026-09-21 17:06:23.537965+00:00,-1.427971075204465,-1.3738222253893924,-0.08349645399442666,-0.42107710250372826,9.886648116931108,0.021522597943143696,30,10,37.450838944532336,False,2272.136937906247,True,0.5114333286145116,False,0.60804915,False,False,1,WATCH,test
2026-09-21 17:11:25.593425+00:00,-1.4131482252420862,-1.3559805337260262,-0.07449578016497534,-0.7684585090256812,9.884418116747593,0.025449295995501695,30,10,37.384392992472826,False,2285.30686044557,True,0.5330763954930083,False,1.1167624,False,False,1,WATCH,test
2026-09-21 17:16:27.094157+00:00,-1.4332685711683277,-1.3957606173015984,0.9240096760634208,0.9684743273446311,9.880828595128428,0.025649344804280733,30,10,38.036676589562894,False,2298.6697281876013,True,0.549804247820213,False,1.0434173,False,False,1,WATCH,test
2026-09-21 17:21:28.948778+00:00,-1.4775282270795602,-1.3605959019483391,-0.6747108844446331,0.5987241409256935,9.87602501363131,0.020283367130831096,29,10,38.83623948236667,True,2312.4570264196905,True,0.5160257559116399,False,0.783566,False,False,2,WATCH,test
2026-09-21 17:26:30.750336+00:00,-1.4699553463528872,-1.3397994688479593,0.7231527560926294,-1.2121242663118148,9.872606388979898,0.018568831742662918,23,10,38.544803824619855,True,2326.171704080928,True,0.5278221795488626,False,0.47416183,False,False,2,WARNING,test
2026-09-21 17:32:02.819081+00:00,-1.4757486377340867,-1.3842744002948122,-0.3929535624177904,0.7265403855082402,9.875748930132984,0.015331639559995825,26,10,38.408760761683176,True,2339.941936839677,True,0.5298682302004232,False,0.4045532,False,False,2,WARNING,test
2026-09-21 17:36:24.653492+00:00,-1.4468759683689296,-1.351404973497053,0.2600547225938384,-0.7483206505481648,9.874901261792795,0.014379528272281153,24,10,37.553618481969984,False,2353.435293491831,True,0.5305478143906953,False,0.6343841,False,False,1,WATCH,test
2026-09-21 17:41:26.230874+00:00,-1.4680558099551848,-1.388933800107799,0.5479438697928296,0.016184657297156554,9.8789947661938,0.018296174463531597,20,10,38.35017080014099,True,2367.1317554406423,True,0.5047605301031708,False,0.53401476,False,False,2,WATCH,test
2026-09-21 18:16:30.274595+00:00,-1.4599698016565938,-1.3709405536556558,0.4751280152325646,-0.0874459111392207,9.882490726663118,0.022495870938344768,29,10,38.422206410693,True,2380.7506761525387,True,0.5122371184803888,False,0.5869405,False,False,2,WARNING,test
2026-09-21 18:21:32.456505+00:00,-1.4561634822361516,-1.3671436247620488,0.5149762284055037,0.3549746750562165,9.882802524479404,0.02187414003745307,29,10,38.29655643601505,False,2394.33309594766,True,0.5113491834500126,False,0.6645278,False,False,1,WATCH,test
2026-09-21 18:26:26.632619+00:00,-1.4730962986143015,-1.3507445690053643,0.5811833909556744,0.5337082130466736,9.883339121524594,0.018465544437165457,26,10,38.51434795044699,True,2408.077893949422,True,0.5123310575774436,False,0.61781526,False,False,2,WATCH,test
2026-09-21 18:31:27.687957+00:00,-1.4653080973710941,-1.3666036752794857,0.9137805215090319,0.03493953146829611,9.879239583138137,0.02028957039137743,30,10,38.46601796131616,True,2421.7480065519812,True,0.5149563873762901,False,0.7389014,False,False,2,WARNING,test
2026-09-21 18:36:29.593528+00:00,-1.4712946880276354,-1.4014558063700446,-0.5316318351222031,-0.904655181475784,9.882483116109439,0.020689640511371732,28,10,38.55005288333793,True,2435.475527906457,True,0.5270548473362733,False,0.6386501,False,False,2,WARNING,test
2026-09-21 18:41:24.612827+00:00,-1.4494499523882114,-1.3664299640984932,-0.6286521744807553,0.16341601887881896,9.877708699194399,0.018174736487040218,29,10,37.887280425096954,False,2448.9935679249006,True,0.510338034429987,False,0.6473431,False,False,1,WATCH,test
2026-09-21 18:46:31.142751+00:00,-1.4227876971541744,-1.3361963550690574,-0.16275380947865695,0.12449521394410246,9.877770086775884,0.017406109605687996,29,10,37.14295344169122,False,2462.255928728898,True,0.5009318927120701,False,0.4616037,False,False,1,WATCH,test
2026-09-21 18:51:23.348085+00:00,-1.45537875043853,-1.3497295072137039,0.33827551752671087,-0.01787506636228001,9.87916619065427,0.022271057451319763,25,10,38.33562154173525,True,2475.830823293771,True,0.5068210708727208,False,0.53383267,False,False,2,WATCH,test
2026-09-21 19:01:27.002516+00:00,-1.4645680944490698,-1.3539190218445631,-0.2846946317913234,-0.062363929673531264,9.880339742098478,0.02472290885438483,30,10,38.72752506612603,True,2489.4938395961813,True,0.5248960458741073,False,0.8575522,False,False,2,WARNING,test
2026-09-21 19:06:27.649518+00:00,-1.4892482883483111,-1.3550306268951586,-1.5337017357779317,0.7471896288705817,9.871245336256338,0.01614173335040417,30,10,38.975655391254165,True,2503.3935280230285,True,0.5526210677353384,False,0.510626,False,False,2,WARNING,test
2026-09-21 19:11:40.117282+00:00,-1.4538770572043764,-1.3732410217549005,-0.9049200216615665,-0.6486808955573956,9.877007410789732,0.022300704665355733,28,10,38.304112952814435,True,2516.954022015141,True,0.5317689046937983,False,0.7106638,False,False,2,WARNING,test
2026-09-21 19:16:31.714479+00:00,-1.4476156359002508,-1.3550671589863985,-0.5128003741973102,-0.4842715371754971,9.880671291965559,0.014049343991353743,29,10,37.49730158272673,False,2530.454471751196,True,0.5422541977495529,False,0.40499598,False,False,1,WATCH,test
2026-09-21 19:21:23.264081+00:00,-1.4847913020576722,-1.364501617624768,-0.557475017933516,-0.8130585420352513,9.872985087936247,0.023380903889000028,30,10,39.24121724589803,True,2544.3114196542733,True,0.5268404487110717,False,1.0850339,False,False,2,WATCH,test
2026-09-21 19:26:25.142310+00:00,-1.4618578046844835,-1.3534142097194002,0.1938819506348619,-0.030808043135200563,9.877663909749726,0.017349351572897104,30,10,38.147935703257815,False,2557.9484454786893,True,0.5014438301211364,False,0.48203844,False,False,1,WATCH,test
2026-09-21 19:31:36.938497+00:00,-1.4666272244317327,-1.3674705473004094,0.36318484845329974,-0.42922022583271063,9.876767327062755,0.018918436861165688,29,10,38.38462524070728,True,2571.6312079252943,True,0.5093698052434811,False,0.5131977,False,False,2,WATCH,test
2026-09-21 19:41:30.333169+00:00,-1.466269732760568,-1.3802252525869758,-0.2616002864703411,0.11508017311671392,9.87704466464589,0.015347819244294788,30,10,38.10373891629208,False,2585.3105421851665,True,0.5179017088452743,False,0.5302423,False,False,1,WATCH,test
2026-09-21 19:46:42.168152+00:00,-1.443750285894524,-1.3867652762554383,1.0040221290805587,-0.1598672119018297,9.880398561771907,0.018724777273725034,27,10,37.75350874335542,False,2598.7739249272877,True,0.5211846805362814,False,0.54680634,False,False,1,WATCH,test
2026-09-21 19:51:23.784370+00:00,-1.477388143430183,-1.3777388490918565,0.03455061294800635,-0.44009965018143943,9.876527777035538,0.017384539747206836,30,10,38.538085568590425,True,2612.559879819246,True,0.504360260365322,False,0.5794043,False,False,2,WATCH,test
2026-09-21 19:56:25.724817+00:00,-1.4585583171804068,-1.3533047644441147,0.14313378500781276,-1.2635881154412887,9.88034043325067,0.02061243432929695,28,10,38.28673380986602,False,2626.1652650204023,True,0.5329623392175687,False,0.5576794,False,False,1,WATCH,test
2026-09-21 20:01:27.617414+00:00,-1.446672460613524,-1.380678440359093,0.44266560666220606,0.6598050936792977,9.87549221581859,0.012398346997259604,22,10,37.43810930134356,False,2639.65667012335,True,0.5498970713001378,False,0.34005782,False,False,1,WATCH,test
2026-09-21 20:26:26.769790+00:00,-1.459901108600109,-1.3572628697961757,0.21740109439833116,0.2580469943333777,9.883745989252917,0.01640947388959585,24,10,37.97908730331188,False,2653.2749320992707,True,0.5072929352785237,False,0.66766274,False,False,1,WATCH,test
2026-09-21 20:36:32.582436+00:00,-1.4783881249426307,-1.3638013643300113,0.23861737155250512,-0.3446276732292414,9.881894890300897,0.014998110236212654,21,10,38.35171123536561,True,2667.0704763708713,True,0.528335095975311,False,0.36629692,False,False,2,WATCH,test
2026-09-21 20:41:34.552552+00:00,-1.4688976156828273,-1.3836840993159698,1.0762997033539026,0.2981575924578014,9.879540093004866,0.02095131203515652,27,10,38.61598155026376,True,2680.775010863632,True,0.5211077345972278,False,0.45690006,False,False,2,WARNING,test
2026-09-21 20:46:24.327195+00:00,-1.4782529898387113,-1.3831391862106228,-0.2245713988163571,-0.7807941432566177,9.878085237135085,0.016881943016133775,30,10,38.501826572420654,True,2694.5692592494606,True,0.5140390693507834,False,0.48571503,False,False,2,WARNING,test
2026-09-21 20:51:25.808687+00:00,-1.455627087190647,-1.369668729256648,-1.650780717631189,-0.520981399166354,9.878247112563432,0.019405039437103568,30,10,38.18281808365915,False,2708.1465352537557,True,0.5443590879378178,False,0.5347505,False,False,1,WATCH,test
2026-09-21 20:56:28.398271+00:00,-1.4700694929150573,-1.4067801974668777,-1.2976815745834536,-0.5475300684551726,9.876095478144851,0.015563490039904673,30,10,38.23732940656205,False,2721.8623075299492,True,0.5494392634375931,False,0.3637211,False,False,1,WATCH,test
2026-09-21 21:06:23.228674+00:00,-1.4704656576830828,-1.3765363132903898,-0.5387654974825528,-0.9762913758372588,9.877265819687208,0.016829207415152092,30,10,38.31662027219308,True,2735.5818788507395,True,0.5270380436367256,False,0.2978574,False,False,2,WATCH,test
2026-09-21 21:11:23.690021+00:00,-1.4536748586253794,-1.3879329581634194,0.8962106866494945,0.35456084590679765,9.878897415841683,0.01667999467092887,30,10,37.88834423815116,False,2749.140433848068,True,0.5228534437244241,False,0.4532866,False,False,1,WATCH,test
2026-09-21 21:16:25.812731+00:00,-1.4474924313546291,-1.3789702413535687,-0.1369283847524269,-0.05082687944518125,9.875591961398952,0.018138357147216802,30,10,37.82714100161045,False,2762.6397021071184,True,0.4990751327234767,False,0.5350433,False,False,1,WATCH,test
2026-09-21 21:21:27.265052+00:00,-1.4857151141666556,-1.363752416222254,0.018884699639128335,0.3632470226224405,9.878231328104246,0.017627089541789716,28,10,38.798396633328544,True,2776.505508959008,True,0.5028260951286521,False,0.42614418,False,False,2,WATCH,test
2026-09-21 21:26:30.684029+00:00,-1.4666137093356868,-1.3797973452019292,0.2838328450569125,0.5061078515371977,9.873113908624632,0.015511401178793688,27,10,38.19605335837253,False,2790.1881418018297,True,0.5190805659219784,False,0.46591806,False,False,1,WATCH,test
2026-09-21 21:31:31.531837+00:00,-1.4618310744859977,-1.3746377662578242,-0.49265432605853393,-0.4322903526444779,9.874863157358838,0.015347220923757975,22,10,38.00225725918348,False,2803.824911295486,True,0.5241063283878682,False,0.43998438,False,False,1,WATCH,test
2026-09-21 21:36:23.580262+00:00,-1.4719201623943379,-1.3854431028555099,0.36631303991229475,0.5081829574522738,9.872220909273217,0.015471263684650644,25,10,38.34072003146913,True,2817.5584306720098,True,0.5191680566726692,False,0.46465397,False,False,2,WATCH,test
2026-09-21 21:41:25.050718+00:00,-1.4695996895818846,-1.3893450433007053,-0.1137322215711173,0.03309416720151909,9.874171655094079,0.014225966444645402,29,10,38.1264204313892,False,2831.2696977423943,True,0.5215658215132061,False,0.3099655,False,False,1,WATCH,test
2026-09-21 21:51:31.232807+00:00,-1.4686387234154352,-1.382333363414069,-0.021688306764966876,-0.6892112758068428,9.877204277918501,0.0158078742685055,30,10,38.177088674069836,False,2844.971749573018,True,0.5202977834913096,False,0.39326626,False,False,1,WATCH,test
2026-09-21 21:56:30.255195+00:00,-1.4775075905068935,-1.3576963254849408,0.3538904632510524,-0.18389786932963964,9.876189980974175,0.019015970731391215,28,10,38.69677798091395,True,2858.7588499095186,True,0.5026011877212092,False,0.44232956,False,False,2,WATCH,test
2026-09-21 22:01:31.855631+00:00,-1.4550864967194346,-1.3769136373672441,0.18026459252279053,0.04503779679537943,9.87693724730937,0.01897221996276374,27,10,38.082444297870495,False,2872.3309418907143,True,0.498371718813137,False,0.5321448,False,False,1,WATCH,test
2026-09-21 22:06:23.855073+00:00,-1.4788169523453447,-1.3726519691723353,-0.10015007197101612,-0.06659582494690977,9.876455493624913,0.015596146829212558,28,10,38.455196672597275,True,2886.1305984271066,True,0.5142105426692268,False,0.33984995,False,False,2,WATCH,test
2026-09-21 22:11:26.187369+00:00,-1.4735676598716425,-1.391710526809901,-0.03686141358200167,0.6342154873747442,9.876586864030386,0.017771221863749236,28,10,38.504189460586346,True,2899.879916574481,True,0.5090009597922192,False,0.5749617,False,False,2,WARNING,test
2026-09-21 22:16:28.444677+00:00,-1.466074623013782,-1.3637735082044973,-0.23169150260185312,-0.1692121974863229,9.878137092232228,0.01496168576118069,28,10,38.06190353247776,False,2913.5573798183286,True,0.5172428145099699,False,0.43725353,False,False,1,WATCH,test
2026-09-21 22:21:30.434963+00:00,-1.460765679710232,-1.3624570333601898,0.2952601743865369,-0.1497620695737254,9.875470832266778,0.019688939051854693,27,10,38.310958260027675,True,2927.1839326481295,True,0.5005241763404424,False,0.47595412,False,False,2,WATCH,test
