,dev_u,dev_v,slope_u,slope_v,norm,acc_std_max,n,session,maha,flag_maha,cusum,flag_cusum,iso,flag_iso,lstm,flag_lstm,flag_sensor,votes,status,split
2026-09-13 19:41:59.380637+00:00,160.56312442181607,173.6590221642871,-0.16869800561038292,0.15938170382278355,9.22125810631815,0.017841986546681267,23,0,5.7025522736935095,False,1.3769115916701784,False,0.44804858403052916,False,0.18403858,False,False,0,OK,train
2026-09-13 19:46:54.391517+00:00,160.55003167612597,173.65965469810172,-0.6972679127371377,0.056254316554133724,9.229837848033723,0.016492422502470478,25,0,5.988491006450751,False,2.741775657801095,False,0.46225526669154754,False,0.15138352,False,False,0,OK,train
2026-09-13 19:52:14.701143+00:00,160.55667437834137,173.67670789106265,-0.5079577659098875,0.23502600190654535,9.231365626862077,0.015427823938562991,26,0,6.131950087918962,False,4.092867332658283,False,0.4579029915087986,False,0.13530706,False,False,0,OK,train
2026-09-13 19:57:01.411939+00:00,160.56303508886415,173.68459196939503,0.14074238206195883,-0.18260157703625507,9.228756493919098,0.01552328000849764,24,0,5.990279968989344,False,5.432734911992072,False,0.45179917671771674,False,0.15151955,False,False,0,OK,train
2026-09-13 20:01:53.051034+00:00,160.5384121107419,173.66071326914928,0.23416848269283375,0.010099151105221665,9.231383173681305,0.016209565077447165,20,0,5.8881098637738525,False,6.763241920788261,False,0.4445374846683803,False,0.15017226,False,False,0,OK,train
2026-09-13 20:11:57.132823+00:00,160.53824849145838,173.6989258897334,0.8768125486853542,0.5948468113036591,9.227617108223122,0.01987489214734222,21,0,5.6092889959483205,False,8.072104509985234,False,0.4667666786151076,False,0.14820732,False,False,0,OK,train
2026-09-13 20:21:51.336352+00:00,160.58798635127292,173.71119011274945,0.27265398271697955,-0.3286374513922683,9.230906151386241,0.01567353572817006,24,0,5.91731409521624,False,9.361177227660114,False,0.4456186150532128,False,0.18634067,False,False,0,OK,train
2026-09-13 20:27:05.630945+00:00,160.57024775984482,173.6806130506894,-0.7769725832801019,0.033223148904411234,9.226572372182682,0.011970347737335827,23,0,6.861741247046238,False,10.63798041916795,False,0.5030987361653967,False,0.0664799,False,False,0,OK,train
2026-09-13 20:31:56.791649+00:00,160.54011326101102,173.72074387178066,-0.3507563962745416,0.28750001283875287,9.22820789238313,0.02019900987672443,25,0,5.365663461283428,False,11.906471796022842,False,0.4393900996384454,False,0.17533213,False,False,0,OK,train
2026-09-13 20:36:59.863812+00:00,160.54098815114574,173.70789064835498,-0.3131476762359796,0.9315779715641339,9.226799167645575,0.01927577639306815,30,0,5.605755636471797,False,13.165505549783335,False,0.4527318784983047,False,0.17743354,False,False,0,OK,train
2026-09-13 20:41:56.421494+00:00,160.55254176285797,173.71585808572033,-0.003021610101795977,0.21814712477881887,9.228132658027244,0.019456912102680413,28,0,5.3672078634177485,False,14.415536377828877,False,0.4301072756269544,False,0.13173346,False,False,0,OK,train
2026-09-13 20:46:56.271267+00:00,160.54603288291065,173.72577544406846,-0.9246935558321332,-0.3023259849581186,9.226425595599425,0.0185267319276328,28,0,5.581214635163375,False,15.656500138827354,False,0.45807947098644164,False,0.19206434,False,False,0,OK,train
2026-09-13 20:51:57.711708+00:00,160.54939741700952,173.7027999697348,0.37889096269987965,-0.06310769668044504,9.229410321422039,0.018926759422104474,30,0,5.406496767358634,False,16.888845513864222,False,0.4329579443608394,False,0.2105433,False,False,0,OK,train
2026-09-13 20:56:58.583417+00:00,160.56749471319876,173.70903111591792,-0.34304959828249804,-1.1726398984775102,9.231653252304534,0.016218507946170784,25,0,5.949036949662632,False,18.11311377779108,False,0.471296621804397,False,0.15857682,False,False,0,OK,train
2026-09-13 21:02:43.743945+00:00,160.56401875604993,173.70363721036097,1.042815617863307,0.9944491522501641,9.229282405274164,0.021662659885926742,24,0,5.575335277451711,False,19.327596960621477,False,0.4880269724014569,False,0.3470952,False,False,0,OK,train
2026-09-13 21:06:54.663037+00:00,160.55009798118093,173.750165970099,-1.0055304455870513,-0.34930039860029927,9.233348839566949,0.020289570391377798,30,0,5.4631404245394455,False,20.535570473675772,False,0.4614784141033337,False,0.19199122,False,False,0,OK,train
2026-09-13 21:11:55.193769+00:00,160.55576458899026,173.74620857776384,-0.4839566812896808,1.2878818151887064,9.2309653537523,0.016110727964792664,30,0,6.222887975619755,False,21.736083266618238,False,0.4800972854598704,False,0.14679281,False,False,0,OK,train
2026-09-13 21:16:55.982614+00:00,160.54248862957203,173.74554447963376,0.02681413403759065,0.8071042702869486,9.22533360398654,0.014866068747318675,30,0,6.121681570336807,False,22.929078772476007,False,0.46014763159461325,False,0.12205251,False,False,0,OK,train
2026-09-13 21:21:52.303986+00:00,160.556313750111,173.71694495651832,1.2686588846790134,0.22906787317422006,9.22522710391255,0.015280928106228641,31,0,6.101039188451944,False,24.115342095542015,False,0.4748343725190687,False,0.11241543,False,False,0,OK,train
2026-09-13 21:27:01.113577+00:00,160.55796191821364,173.74711613994882,0.23047532284076025,-0.11014701114833339,9.225073774639501,0.020538043346185673,28,0,5.170424323824347,False,25.29364455102961,False,0.4321857830744014,False,0.20875746,False,False,0,OK,train
2026-09-13 21:32:02.193819+00:00,160.56807308172404,173.70679391312785,1.5448029698037267,0.21146969105396915,9.218422645164248,0.019489484344128064,25,0,5.631572703034174,False,26.46580053984335,False,0.47267582511938533,False,0.24347173,False,False,0,OK,train
2026-09-13 21:37:00.073998+00:00,160.54897118670863,173.7449660006072,-0.11000680352610318,-0.6153210185559005,9.2273087580055,0.018502252115170658,30,0,5.408268201651566,False,27.63158012726193,False,0.44090768847442724,False,0.16549695,False,False,0,OK,train
2026-09-13 21:41:59.912996+00:00,160.5782136830813,173.73079252226583,-0.6920813218828563,0.051190242578394184,9.225630983429228,0.01971674415313052,20,0,5.328842456788954,False,28.793513082383786,False,0.4408876328384865,False,0.23502228,False,False,0,OK,train
2026-09-13 21:46:53.693637+00:00,160.56676273105737,173.7399299883793,-0.2128383857756605,-0.7082943137834641,9.23130016671163,0.014876215081395212,26,0,6.026719433719214,False,29.950626798201608,False,0.4623107018108313,False,0.098847836,False,False,0,OK,train
2026-09-13 21:52:01.194247+00:00,160.5624914501844,173.76300435033784,-0.8009994957339264,0.5806039882235017,9.223549019086565,0.018129241852623094,27,0,5.627312766428124,False,31.10200698793672,False,0.4585842300142074,False,0.17090511,False,False,0,OK,train
2026-09-13 21:57:08.514494+00:00,160.58743062478354,173.75666932816702,-0.028765094439287788,0.06816162447508284,9.219661649397793,0.014238015607358573,21,0,6.030579129873084,False,32.24851572570738,False,0.4590573212959885,False,0.07209999,False,False,0,OK,train
2026-09-13 22:01:51.333584+00:00,160.59274941776007,173.74418546580358,0.21686840633815987,-0.6815370315591253,9.228158821456024,0.021291625896895268,30,0,5.209959157975358,False,33.3912257379555,False,0.4591028640921584,False,0.24418133,False,False,0,OK,train
2026-09-13 22:07:00.161866+00:00,160.58598786387134,173.75923993864967,-1.006572983669088,-0.45300604156697655,9.227894423046099,0.018555518592408123,27,0,5.580845758169651,False,34.529186758894845,False,0.4696203776502417,False,0.20822938,False,False,0,OK,train
2026-09-13 22:11:59.713727+00:00,160.58175584555266,173.8184214817991,-0.33440130540118823,0.27410215084518197,9.224704930513681,0.015248415579782982,23,0,5.9512269114685505,False,35.66506753122857,False,0.4511885888294341,False,0.11373218,False,False,0,OK,train
2026-09-13 22:17:09.470916+00:00,160.55525071550272,173.8029450555029,-1.086350901246578,0.22235436771870015,9.22179600836777,0.0151916136064262,22,0,6.127001423523553,False,36.79644077526546,False,0.47999318703766625,False,0.12164577,False,False,0,OK,train
2026-09-13 22:21:52.696331+00:00,160.56549899867275,173.80073284009134,0.14232019912923427,0.15787213306326275,9.222970906358185,0.012986146464598568,25,0,6.431809766138488,False,37.92520157742036,False,0.4805355278980364,False,0.05796413,False,False,0,OK,train
2026-09-14 18:07:43.939196+00:00,160.66313054799838,174.27046763103297,0.3686418578375527,-0.6072499224294048,9.234255284977952,0.0212367605815954,20,1,6.088578586068022,False,39.56144898060455,False,0.5133958782629673,False,0.1683125,False,False,0,OK,train
2026-09-14 18:12:49.389412+00:00,160.6701362823554,174.23400227892867,0.6128415449342641,-0.7645294663238501,9.240578793613047,0.019034872967500678,24,1,6.294828461822703,False,41.18260037446855,True,0.516196161239331,False,0.28967318,False,False,1,OK,train
2026-09-14 18:17:43.684869+00:00,160.6625715129405,174.24275627827708,0.48495181382042163,-0.6697179545003165,9.239223846323297,0.01866607876793205,27,1,6.245948814202241,False,42.78951211354931,True,0.5034504746542642,False,0.14809813,False,False,1,WATCH,train
2026-09-14 18:22:44.754858+00:00,160.6785824274013,174.25351231791487,-0.4753481878729569,-0.2005333529701235,9.234796579776226,0.02436575437540533,27,1,5.836661847829154,False,44.382314481144086,True,0.5126932359961238,False,0.35001513,False,False,1,WATCH,train
2026-09-14 18:27:37.409009+00:00,160.647944697386,174.2383149729736,-0.06755381095471324,0.020912455914968615,9.240088724602808,0.013747727084867352,30,1,6.864116078773314,False,45.96067046866968,True,0.5114689380197689,False,0.0780917,False,False,1,WATCH,train
2026-09-14 18:32:39.288746+00:00,160.67629471011665,174.22555164838576,0.18299928945084257,-0.7559496916333989,9.235038677813623,0.01692116433984176,29,1,6.3149598579409325,False,47.52473124048454,True,0.49879266739903966,False,0.13535981,False,False,1,WATCH,train
2026-09-14 18:37:41.369820+00:00,160.63535561680558,174.2341541773555,1.0301581982398278,0.09177210555876177,9.237882237962424,0.014651565354832715,28,1,6.732744134115273,False,49.07497572524327,True,0.5125131773999232,False,0.073586226,False,False,1,WATCH,train
2026-09-14 18:42:36.483802+00:00,160.62866615877093,174.23685895453377,0.12142331553972081,-0.19100911362419695,9.23685035172594,0.016781914463529626,28,1,6.2115233492076145,False,50.61142713536194,True,0.4734085325581903,False,0.15735213,False,False,1,WATCH,train
2026-09-14 18:47:42.367231+00:00,160.6401324370591,174.25522695764576,0.05268675548529025,0.9212611141918393,9.23937922361756,0.017221226574166873,27,1,6.333233454884914,False,52.13448092088072,True,0.4880092193750117,False,0.16832289,False,False,1,WATCH,train
2026-09-14 18:53:56.017608+00:00,160.67464300424172,174.2382069371382,0.29550467556333915,1.4998102993553775,9.242917334884092,0.018674925286788106,21,1,6.4232231691437285,False,53.64097565653029,True,0.5077480282473567,False,0.1877032,False,False,1,WATCH,train
2026-09-14 18:57:37.001319+00:00,160.6377554417188,174.2415490021943,0.19789488837524444,-0.2996458832750842,9.236499652145602,0.01636244455565048,28,1,6.197013604611004,False,55.13679471612411,True,0.4698005279657768,False,0.16845302,False,False,1,WATCH,train
2026-09-14 19:02:39.801798+00:00,160.64702686637608,174.24420951333678,-0.37863043921139533,0.39627105847354926,9.234921557748427,0.019192993172518297,29,1,5.891825887056652,False,56.61937811071319,True,0.4675502321161512,False,0.25620028,False,False,1,WATCH,train
2026-09-14 19:07:44.032261+00:00,160.6555639253683,174.26893137629438,0.6700547843721942,-0.653252342469814,9.239944872066484,0.012840906856171874,30,1,6.9485661236080585,False,58.08925549327225,True,0.5234297517615004,False,0.067032054,False,False,1,WATCH,train
2026-09-14 19:12:43.251125+00:00,160.65907421128557,174.2686667555994,0.5814065265403533,0.16379220135612682,9.236090073501279,0.020277504038605676,29,1,5.747314329951749,False,59.54616488291047,True,0.46808429734045603,False,0.2853582,False,False,1,WATCH,train
2026-09-14 19:17:37.064004+00:00,160.66522318236215,174.25988218469917,0.2796517074053063,0.6587815591707809,9.236534555429882,0.01426337539122558,28,1,6.605016470086273,False,60.99012972339343,True,0.4925364364986231,False,0.11603835,False,False,1,WATCH,train
2026-09-14 19:22:36.262830+00:00,160.66748781275425,174.21314073251565,-0.8079473563674383,0.19799159867053756,9.235491821037632,0.017419640568938792,28,1,6.061409611399075,False,62.420680329736385,True,0.4763622560784889,False,0.19085675,False,False,1,WATCH,train
2026-09-14 19:27:38.546433+00:00,160.64610506204372,174.2476049062237,0.17961719291093495,0.5578410716312288,9.247597238786554,0.017364636830204495,28,1,6.08480867580203,False,63.83937389232584,True,0.4590208747068953,False,0.13767791,False,False,1,WATCH,train
2026-09-14 19:37:45.371196+00:00,160.65093147738727,174.2351318129888,-0.31015648699157483,-1.1150522660404072,9.234851333049539,0.01612967663934689,29,1,6.212665998154099,False,65.23353657425956,True,0.48834458058381336,False,0.09517184,False,False,1,WATCH,train
2026-09-14 19:42:37.115843+00:00,160.66535466805152,174.2390992966004,0.41459910725813637,-0.24444025722511817,9.242644954342065,0.018693314312876713,25,1,5.759865564579114,False,66.61590028390641,True,0.45009390160900625,False,0.1618619,False,False,1,WATCH,train
2026-09-14 19:47:38.796585+00:00,160.6462289758613,174.26618018892003,0.36330709903850117,0.0076888882172813445,9.237490281473642,0.01152982999813826,29,1,7.1198795978141405,False,67.98706017389148,True,0.5013174007232987,False,0.053695835,False,False,1,WATCH,train
2026-09-14 19:52:39.128484+00:00,160.66502930529967,174.2395720097633,0.4996920496384902,-0.36762382356320406,9.241760279444309,0.017713709668052937,28,1,5.847959127861472,False,69.34631446022115,True,0.4469639034967189,False,0.13636875,False,False,1,WATCH,train
2026-09-14 19:57:42.136876+00:00,160.64082927607595,174.258914364953,0.3782715630820989,-0.10450444855730073,9.231589307858373,0.018285618735949017,29,1,5.663875113276415,False,70.69465659130447,True,0.44355439426200577,False,0.18590742,False,False,1,WATCH,train
2026-09-14 20:02:43.821710+00:00,160.61968674168952,174.25338348465104,0.4579277532572765,-0.034533043666887184,9.236108017056614,0.020446851145342913,29,1,5.490147222193906,False,72.03188427016262,True,0.4446524838393414,False,0.2618507,False,False,1,WATCH,train
2026-09-14 20:07:45.691548+00:00,160.64108973748395,174.26212478683485,0.8701274584490792,0.6788900685455216,9.238415839857756,0.02152359881902777,28,1,5.624263056360754,False,73.35846430931663,True,0.4738080950873436,False,0.2008408,False,False,1,WATCH,train
2026-09-14 20:12:37.931246+00:00,160.6507975865573,174.27040109962067,-0.9111350678675936,-0.5005558380530979,9.241662450972672,0.017824971019239525,28,1,5.897145658630154,False,74.67461873292864,True,0.4665170901382321,False,0.092734195,False,False,1,WATCH,train
2026-09-14 20:17:40.027261+00:00,160.64143309494108,174.25611541345273,-0.10223824991262478,2.373660933680543,9.239734027017501,0.017399712641305288,20,1,6.898117742795604,False,75.98019985243135,True,0.5099515010279833,False,0.12884516,False,False,1,WATCH,train
2026-09-14 20:22:42.413856+00:00,160.6659731685939,174.2606519058365,0.43222227636071436,-0.013278565610804403,9.241903465314214,0.01386891988496246,28,1,6.436574069236881,False,77.27576672749365,True,0.4681363813250983,False,0.0947702,False,False,1,WATCH,train
2026-09-14 20:27:45.007878+00:00,160.66886724834382,174.25640459868438,0.2672767519855698,-0.527199458270929,9.241150384201987,0.019336831267771245,23,1,5.556720953016956,False,78.56141505288625,True,0.44311098874595745,False,0.21073222,False,False,1,WATCH,train
2026-09-14 20:32:41.668547+00:00,160.63594455198543,174.24378624861674,-0.19143667656279897,-0.3570439041298926,9.2369349390804,0.020224333577130753,26,1,5.405641577326777,False,79.83725220969923,True,0.4362729822803486,False,0.15964045,False,False,1,WATCH,train
2026-09-14 20:37:43.648367+00:00,160.64770278687095,174.2602728384545,0.04017841970098923,0.8658107646854667,9.234336847162187,0.018773320812160394,29,1,5.697785339521553,False,81.10402569919529,True,0.4445459379724844,False,0.18353224,False,False,1,WATCH,train
2026-09-14 20:42:41.423510+00:00,160.6329118513588,174.26417019236106,-1.0706625718987404,0.6190499690246329,9.234275909325481,0.018621933466631855,27,1,5.841710707155498,False,82.36178038106155,True,0.4699526808017465,False,0.19546199,False,False,1,WATCH,train
2026-09-14 20:52:45.803009+00:00,160.65222542164648,174.2551528016347,-0.23157963002887308,-0.22210058353692644,9.23485262671297,0.017978382080215807,30,1,5.578090513033184,False,83.60200458202934,True,0.42921650800256156,False,0.164369,False,False,1,WATCH,train
2026-09-14 21:02:45.258171+00:00,160.6656906666697,174.22696292411356,-0.4617860510448847,-0.0007616959254173647,9.229743638673828,0.01680952111156076,25,1,5.721837386390666,False,84.82545684558735,True,0.43133380335524923,False,0.16980776,False,False,1,WATCH,train
2026-09-14 21:07:40.696399+00:00,160.6449600262629,174.2736160113771,1.0533120165543317,-0.1240216987250771,9.2358422214592,0.020850659461993205,20,1,5.478894810341469,False,86.04196951966996,True,0.46014558691388957,False,0.18770678,False,False,1,WATCH,train
2026-09-14 21:12:43.678222+00:00,160.6403794492786,174.23897330684036,0.04471419534991313,1.100556095879512,9.235730603780716,0.019851519847021378,26,1,5.6630616046795295,False,87.25044630366102,True,0.45712038391489684,False,0.22973087,False,False,1,WATCH,train
2026-09-14 21:17:40.859113+00:00,160.64011218409456,174.2632254821783,-0.6564280760469692,-1.1267563842812478,9.236839112642471,0.020608041101101565,27,1,5.55079216736566,False,88.45217192526619,True,0.4787342242426916,False,0.2036923,False,False,1,WATCH,train
2026-09-14 21:22:44.983434+00:00,160.63121796133052,174.25858427425197,-0.08731703527270156,-0.47975404084776485,9.231777132296134,0.02178875856950108,20,1,5.18763640488637,False,89.64694572643127,True,0.4433440926199787,False,0.22014563,False,False,1,WATCH,train
2026-09-14 21:27:39.070404+00:00,160.6549464597873,174.25825441576018,-0.3093207204440123,0.22250065881408368,9.228226182278842,0.01842197054140155,27,1,5.47470210732542,False,90.83513343695081,True,0.42952728231544546,False,0.13681358,False,False,1,WATCH,train
2026-09-14 21:32:40.237681+00:00,160.62343358006677,174.25763391237138,-1.4730423934039165,-0.1935255888415468,9.232543672733758,0.021901769334919097,32,1,5.544285592088018,False,92.01702587369584,True,0.486250512259011,False,0.24487509,False,False,1,WATCH,train
2026-09-14 21:37:43.578907+00:00,160.64527768800994,174.26268506599402,0.6866589459757566,-0.8197116524253284,9.236266730335311,0.01658312395177707,28,1,5.898154679519318,False,93.19301795897802,True,0.4659088954542606,False,0.14189519,False,False,1,WATCH,train
2026-09-14 21:42:39.699838+00:00,160.6534461392508,174.3007480763191,0.409270017018568,-0.04922433291649761,9.23558726787205,0.015272997833101367,22,1,6.026654417523794,False,94.36397112456353,True,0.44055451936512424,False,0.10439111,False,False,1,WATCH,train
2026-09-14 21:47:37.788131+00:00,160.63895072344354,174.28809627574847,-0.2501832044242,-0.7658553917582187,9.230023852650964,0.020824828195876208,28,1,5.293947209423393,False,95.52932959329871,True,0.4573872058942235,False,0.1774674,False,False,1,WATCH,train
2026-09-14 21:52:40.688352+00:00,160.63864314001128,174.29107963062756,0.16851909059483433,-0.04106537628102319,9.233702214040589,0.016178021976179117,27,1,5.827752973773192,False,96.68966537288381,True,0.4334833861646941,False,0.17429088,False,False,1,WATCH,train
2026-09-14 21:57:40.569076+00:00,160.6252364744318,174.27558442579374,-0.15083091914852217,0.3427741831236722,9.237622362158719,0.016694784050910596,29,1,5.856996321590268,False,97.8449743536402,True,0.4360018243121146,False,0.1654349,False,False,1,WATCH,train
2026-09-14 22:02:45.168102+00:00,160.64806286296874,174.28199600608855,0.5556701074947755,-0.3389620252882336,9.230003065617641,0.015475038394701598,29,1,5.956135587227559,False,98.99593958539695,True,0.45292808222981,False,0.13491307,False,False,1,WATCH,train
2026-09-14 22:07:47.138391+00:00,160.63227139257387,174.28805456633367,0.20778458837754207,0.25317416789561364,9.230406208530585,0.021603453049766724,28,1,5.2125642986071234,False,100.14286873472437,True,0.4491096361920631,False,0.25723258,False,False,1,WATCH,train
2026-09-14 22:12:49.057003+00:00,160.64630843087815,174.27144413068547,-0.6976665531980507,-0.3489064758954118,9.231980918680707,0.02015495527710808,30,1,5.395372770101915,False,101.28569298305779,True,0.45417998728305076,False,0.23384479,False,False,1,WATCH,train
2026-09-14 22:17:42.409076+00:00,160.63517718887428,174.27213924261702,-0.2319051642259917,0.10306549660104933,9.234586890745504,0.018558903049861488,31,1,5.543857360205823,False,102.42502325681491,True,0.4383142740529001,False,0.1994603,False,False,1,WATCH,train
2026-09-14 22:22:39.776710+00:00,160.6324076084075,174.27421347302052,0.34299733458630566,0.3087520795464763,9.235479519909381,0.01775056744524255,22,1,5.711795210537795,False,103.56120205582658,True,0.44333089460345737,False,0.1699059,False,False,1,WATCH,train
2026-09-14 22:28:02.531692+00:00,160.63766123154406,174.25093212299834,1.4294967330642223,0.16455542764301404,9.232068162508996,0.01791599806785799,23,1,5.9447558986195865,False,104.69358539824607,True,0.4795768090391582,False,0.16743183,False,False,1,WATCH,train
2026-09-14 22:32:36.298166+00:00,160.65402157940943,174.28395999321893,0.43961709175552277,-0.6699216779918602,9.239305371225603,0.01847953071794722,24,1,5.676639462788821,False,105.82451943332303,True,0.4659876619735815,False,0.27393502,False,False,1,WATCH,train
2026-09-14 22:42:40.255327+00:00,160.6479856528293,174.24489980696993,0.18055930484912258,1.7289940302529927,9.232607531275356,0.02049457086260299,27,1,6.0599589627086905,False,106.9506736534061,True,0.5008397375335283,False,0.23321182,False,False,1,WATCH,train
2026-09-14 22:47:44.693989+00:00,160.63428670933553,174.2979239461157,0.3055319311073307,1.1331202988400861,9.232339621725172,0.016228370220080696,25,1,6.2781082758059625,False,108.07615570057975,True,0.4808350440123806,False,0.16198461,False,False,1,WATCH,train
2026-09-14 22:57:36.813942+00:00,160.63801356293644,174.2716182473076,-0.6821124099436892,-0.018265812277456175,9.231743404619756,0.017545369759569166,25,1,5.809203934579805,False,109.19902714512652,True,0.45663152583238353,False,0.16062105,False,False,1,WATCH,train
2026-09-14 23:37:52.625819+00:00,160.6245428575617,174.2777915631641,0.9093163672975838,-0.20562677756810316,9.233928496434713,0.014790199457748949,24,3,6.494286538135776,False,110.32642526404997,True,0.4753785181262403,False,0.1691423,False,False,1,WATCH,train
2026-09-14 23:43:24.990196+00:00,160.63536715791622,174.26620724641072,-0.5862868038022074,-0.5408992810440855,9.23251823420881,0.017959955456515117,25,3,5.900781105967447,False,111.45609047101412,True,0.4619065664224312,False,0.14255808,False,False,1,WATCH,train
2026-09-14 23:53:29.261710+00:00,160.6356990475992,174.2806854804965,-0.28291572685361704,0.7072564263181775,9.23491421833339,0.02080264406271461,20,3,5.792818080546321,False,112.59114184978108,True,0.4574811745954202,False,0.1941309,False,False,1,WATCH,train
2026-09-15 00:36:50.524872+00:00,160.6276615698408,174.285664959845,0.2300365089873083,0.05453123206671734,9.235229747560282,0.022511571098733495,24,6,5.718494174798787,False,113.76285102431787,True,0.44497855580202755,False,0.34916538,False,False,1,WATCH,train
2026-09-15 00:41:49.125149+00:00,160.65081805620224,174.25882016934418,1.098722314375464,-0.9744473128651467,9.238817612285905,0.014221111067704776,25,6,7.0910813579315,False,114.93984445152549,True,0.5075717305481214,False,0.102266625,False,False,1,WATCH,train
2026-09-15 00:46:42.294451+00:00,160.65148909980212,174.28282691794962,0.278682665829238,-0.32649729709018793,9.231372674501063,0.020236694629405572,21,6,5.882428403481428,False,116.12328559725218,True,0.43562938651360034,False,0.21402918,False,False,1,WATCH,train
2026-09-15 00:51:42.914587+00:00,160.64034841030815,174.26525468860825,0.004629989667990979,-0.08870734223734165,9.234929331128278,0.016109131951517416,22,6,6.51736047366635,False,117.3127675300101,True,0.4298974143813835,False,0.12208904,False,False,1,WATCH,train
2026-09-15 00:56:44.620725+00:00,160.65993899295964,174.27345113529452,0.344130478467017,0.017274440386210888,9.230808276255273,0.018638462657886733,21,6,6.127415621279277,False,118.50902244530099,True,0.42928992293187695,False,0.20388192,False,False,1,WATCH,train
2026-09-15 01:01:38.921327+00:00,160.63687177881806,174.28875492393078,0.22801851841354287,-0.44186496660576813,9.236269817590617,0.01627759195950073,25,6,6.557708940060361,False,119.71246290501905,True,0.4364984902729138,False,0.12857026,False,False,1,WATCH,train
2026-09-15 01:06:39.543072+00:00,160.64902859837056,174.28627682493453,-0.436217615038361,0.009653902284674647,9.23501198197535,0.013529227620230224,25,6,7.217262847834962,False,120.92307608003915,True,0.46609815276157973,False,0.09465806,False,False,1,WATCH,train
2026-09-15 01:11:42.962449+00:00,160.64838658677226,174.25866318779643,0.2514070589576468,1.2252808769857484,9.238842293604488,0.01949475189567484,21,6,6.617791350122646,False,122.14072099739175,True,0.46177862777584794,False,0.19820274,False,False,1,WATCH,train
2026-09-15 01:19:04.313141+00:00,160.6458583340344,174.2785090594255,1.4148620519771742,-0.8217243193332142,9.23565345556508,0.023211538298959965,21,7,6.311106834190109,False,123.37128700482178,True,0.5056559029911982,False,0.28085804,False,False,1,WATCH,train
2026-09-15 01:24:07.308794+00:00,160.65377532883772,174.28321128774118,0.4270745572431564,-0.995624088806362,9.230984977025745,0.016048189265404102,26,7,6.729253629579682,False,124.61015753396876,True,0.4664313876770606,False,0.13354799,False,False,1,WATCH,train
2026-09-15 01:29:19.948137+00:00,160.65588368916193,174.28185870576948,-0.34504774974683233,-0.028528573766928838,9.23175461620284,0.019283153269110506,25,7,6.256133031585993,False,125.85750172681017,True,0.42988064325640296,False,0.17212084,False,False,1,WATCH,train
2026-09-15 01:34:21.111755+00:00,160.6271106067362,174.29671238893508,-0.16501895022231697,0.08136380391831544,9.230644181613211,0.022944417207498336,22,7,5.952169028213719,False,127.11386220534239,True,0.44776933546774633,False,0.31495172,False,False,1,WATCH,train
2026-09-15 01:39:11.720258+00:00,160.65435323824897,174.29133415489102,-1.083787350483039,0.0519500122744546,9.235441125329027,0.018004443895883036,25,7,6.711012437066093,False,128.37915946773487,True,0.45355063357242276,False,0.12739027,False,False,1,WATCH,train
2026-09-15 01:44:14.003117+00:00,160.65020171489354,174.30659559216622,0.977053796842033,0.40981491738447584,9.235838377099371,0.01761261143705431,21,7,6.819696037524866,False,129.6540028535861,True,0.452586485597757,False,0.16359347,False,False,1,WATCH,train
2026-09-15 01:49:06.162474+00:00,160.64651175603623,174.29577592714563,1.0424182194974363,-0.3334430387187763,9.236904724904983,0.01802294062823505,24,7,6.736177038375212,False,130.93820494807545,True,0.45387520253942953,False,0.2636154,False,False,1,WATCH,train
2026-09-15 01:54:07.902344+00:00,160.66396304956692,174.28314532123605,0.20549218090716362,-0.09703674352603446,9.235844258281105,0.017168284713389412,20,7,6.732172034132046,False,132.2319853906954,True,0.4305858052397102,False,0.12116644,False,False,1,WATCH,train
2026-09-15 02:02:00.862655+00:00,160.6562485709878,174.27448999273128,0.43337318321202756,-0.21783711944877773,9.234769997204593,0.018593279946572176,26,8,6.578843236149908,False,133.54179618095824,True,0.43648647890174275,False,0.20629154,False,False,1,WATCH,train
2026-09-15 02:17:07.115677+00:00,160.63773547615324,174.2782179249656,0.29137426673730543,-0.20538550052361496,9.227380608415869,0.025768197453450443,25,8,6.038467722177401,False,134.88362829281073,True,0.4682325067046459,False,0.38279644,False,False,1,WATCH,train
2026-09-15 02:22:09.238023+00:00,160.64667806666648,174.30559822621763,0.8516211421471055,-0.48205495777010315,9.24025873595298,0.012956229935435843,23,8,7.8922680362455,False,136.23702987608388,True,0.4957065163317578,False,0.072125,False,False,1,WATCH,train
2026-09-15 02:27:02.613729+00:00,160.6594275064168,174.30146344980147,-0.16258677126414142,1.070525615340384,9.230367521933497,0.021314806770278954,27,8,6.6900708722696205,False,137.6016839640708,True,0.4701205062615433,False,0.2655148,False,False,1,WATCH,train
2026-09-15 03:27:25.494132+00:00,160.654111641505,174.3616083960299,0.3780959382656518,0.9930017289815721,9.235145085909858,0.018718510973398075,28,16,7.376284059759881,False,139.11813691753042,True,0.46787735212912857,False,0.19675559,False,False,1,WATCH,train
2026-09-15 03:32:37.405362+00:00,160.67553271755045,174.43695693415202,0.06709310184544798,0.667756159836951,9.231154584297029,0.019856254262406538,24,16,7.090045386336708,False,140.6494933287853,True,0.45577694192124785,False,0.30286425,False,False,1,WATCH,train
2026-09-15 03:37:30.272645+00:00,160.6748445257658,174.48009877427228,-0.1343869935383978,0.017376922586182002,9.234111755951332,0.018703519479062933,29,16,7.161547268326243,False,142.19534086539582,True,0.4438614452951715,False,0.21887359,False,False,1,WATCH,train
2026-09-15 03:42:32.267797+00:00,160.67982417279066,174.4687442345495,-0.723390324763362,-0.08309175622877557,9.240047654125467,0.014805552660227025,27,16,7.977305847428546,False,143.75488263707678,True,0.48032373225123604,False,0.10575238,False,False,1,WATCH,train
2026-09-15 03:47:43.544202+00:00,160.67393364577495,174.43682646340844,-1.666700537436263,-0.04495107365343055,9.240894660740643,0.01702764893936814,26,16,7.914350567616653,False,145.32789061394936,True,0.5013335520423465,False,0.1608539,False,False,1,WATCH,train
2026-09-15 03:52:25.767763+00:00,160.67274730355683,174.40958949092527,-0.48572913491694397,-1.6426510176263684,9.23602744804162,0.01863846265788678,21,16,7.509413685959979,False,146.91455821097503,True,0.5068761261009258,False,0.16885617,False,False,1,WATCH,train
2026-09-15 03:57:30.323617+00:00,160.64027939943082,174.36517050585996,-0.9302508906903068,0.2554947971896752,9.236005293259517,0.019595917942265537,25,16,7.349720795219424,False,148.51470135222357,True,0.47347742084955324,False,0.24615118,False,False,1,WATCH,train
2026-09-15 04:02:31.877889+00:00,160.64463809324533,174.4276650516233,0.9493669810737397,-0.1529887532937541,9.24245213589254,0.01945691210268025,28,16,7.440813437134048,False,150.13023371680245,True,0.4747980064590002,False,0.19547144,False,False,1,WATCH,train
2026-09-15 04:11:30.403135+00:00,160.6309183794998,174.4233929015276,-0.2378740955167798,0.4008353099685795,9.232873330536199,0.021501776412401283,24,17,7.123921619970325,False,151.7717180833391,True,0.47447765906480377,False,0.35585004,False,False,1,WATCH,train
2026-09-15 04:16:33.155518+00:00,160.6482194472073,174.4281192510589,0.22678981892049463,-0.707494569805109,9.230127065480136,0.01927686782483354,26,17,7.26230612935779,False,153.4278570769812,True,0.47965927795838514,False,0.20483664,False,False,1,WATCH,train
2026-09-15 04:21:57.459440+00:00,160.65327708424346,174.39224528161995,-0.06775065145147127,0.21470874663540543,9.235069791275748,0.022999849033321005,24,17,7.055950763849399,False,155.0980365574037,True,0.4858185291835602,False,0.41110486,False,False,1,WATCH,train
2026-09-15 04:26:33.533311+00:00,160.66501121258372,174.45238779427243,-0.21865871270262122,0.0345121965977036,9.240262155111806,0.017825584963471395,26,17,7.655469757161957,False,156.78395228649637,True,0.4657772361938167,False,0.16419077,False,False,1,WATCH,train
2026-09-15 04:36:33.720186+00:00,160.65219992914135,174.34702406054333,0.49815388873988864,0.23404369843494346,9.242846476823761,0.020712315177207938,20,17,7.462666939274534,False,158.49768798310922,True,0.4829342692147142,False,0.22718173,False,False,1,WATCH,train
2026-09-15 04:58:52.721659+00:00,160.60020512841157,174.3841700901334,-0.30233373106808437,0.8009380412789132,9.227867691254183,0.020015993605115058,25,18,7.567768523981595,False,160.27776102944682,True,0.503476099531687,False,0.21293092,False,False,1,WATCH,train
2026-09-15 06:20:15.461299+00:00,160.87923164749844,174.3264987680517,13.49253489775209,-5.022318626445874,9.326491336574577,0.16044681928346796,22,24,24.65123100541606,True,162.29947751711504,True,0.6998941103552445,True,9.081378,False,False,3,WATCH,train
2026-09-15 06:30:21.646128+00:00,161.76091367771255,174.06953365539596,-1.2209385655166742,0.01481758217487702,9.620099782329428,0.02134374745810975,24,24,15.323779455391923,True,164.3451903930232,True,0.49253595977008713,False,0.37422615,False,False,2,WARNING,train
2026-09-15 06:35:11.235068+00:00,161.7585433535743,173.97313601146277,0.24339279672699765,-0.7479490516889877,9.618914535556726,0.021998877636914917,27,24,15.045555920964683,True,166.40327808038157,True,0.48492123763961376,False,0.19373547,False,False,2,WARNING,train
2026-09-15 06:40:13.002637+00:00,161.76550903361164,173.99547787248358,-0.42524836827919027,-0.7328135813487776,9.6127362605034,0.01627759195950056,25,24,15.565421215894222,True,168.47563369300323,True,0.4753864801192467,False,0.13742977,False,False,2,WARNING,train
2026-09-15 06:55:08.971122+00:00,161.73840915649353,173.98911722863812,-0.16676522432437607,0.19275309303264934,9.617901081183852,0.014446302370292532,23,24,16.114848712815444,True,170.58875924699507,True,0.4787854667743212,False,0.10841256,False,False,2,WARNING,train
2026-09-15 07:01:22.013033+00:00,161.7217094694993,174.0126895858924,-0.5080460996885432,0.4250315212392415,9.618058341805535,0.014800257398019242,21,24,16.12144601113921,True,172.71827587527497,True,0.4821667173551785,False,0.10023015,False,False,2,WARNING,train
2026-09-15 07:05:13.895743+00:00,161.73896752793476,174.00095835356788,-0.04036454793403742,0.9528301130036264,9.61047325701449,0.018249266130058884,28,24,15.556181644490032,True,174.8581316956674,True,0.4739854236181835,False,0.12654036,False,False,2,WARNING,train
2026-09-15 07:15:07.272999+00:00,161.72660585969766,173.99634489598773,-0.7818127341587962,0.5172104139144585,9.61175293339176,0.017313960916854994,21,24,15.606545890028837,True,177.02380171279228,True,0.48684127092871465,False,0.18220955,False,False,2,WARNING,train
2026-09-15 07:20:19.268461+00:00,161.77253719117277,174.00483866482682,1.2659948227636244,-1.0354777806624473,9.620808579957892,0.04061764873093657,22,24,14.390953311816698,False,179.2023076591608,True,0.5745091819406428,False,0.2161827,False,False,1,WATCH,train
2026-09-15 07:45:09.854599+00:00,161.7022326663148,174.0418424730217,-0.08886212691365757,0.17682480869147987,9.609075320582646,0.01681186750152662,24,24,15.445890435313382,True,181.4421182149363,True,0.4683548232243897,False,0.21605867,False,False,2,WATCH,train
2026-09-15 07:50:24.399413+00:00,161.7143330057307,174.03310345207126,0.17101342926245433,0.5083482168995859,9.618197075677006,0.015879984667608416,23,24,15.86036329883527,True,183.6933190736286,True,0.4692787108299119,False,0.1021056,False,False,2,WARNING,train
2026-09-15 07:55:24.397014+00:00,161.7028852190354,174.02566318238448,-0.12427580492753344,-1.0482114983572512,9.609957868674178,0.018982375470746254,22,24,15.007552351471599,True,185.95572025256251,True,0.4970701960867403,False,0.19118005,False,False,2,WARNING,train
2026-09-15 08:00:07.359109+00:00,161.71499144935112,173.98991930391222,0.6817005297321007,-0.4172889630263925,9.614096713978745,0.012140522651411132,21,24,16.310055063469513,True,188.22862435401527,True,0.5196060954465064,False,0.05989668,False,False,2,WARNING,train
2026-09-15 08:26:58.810223+00:00,153.71424868913343,164.3811477550131,-538.688801263035,-649.8190354512104,9.628247446538815,3.267410390465548,24,26,1200.146630933775,True,190.39263666949307,True,0.7742601942078482,True,166.81082,True,False,4,WARNING,train
2026-09-15 08:31:42.030433+00:00,160.4233074364534,174.5610857927264,0.12393523500239423,-0.20487056029550876,9.729499921361404,0.014654350889753183,20,26,18.472911092585488,True,192.7389372187944,True,0.48976405821363633,False,0.104532704,False,False,2,WARNING,train
2026-09-15 08:36:24.681798+00:00,160.52296563042276,174.56678249573065,2.2207325263116036,0.6572128335804693,9.725973241766823,0.02558945907749959,23,26,17.611252996965607,True,195.09472878243918,True,0.5647748455855088,False,0.28151911,False,False,2,WARNING,train
2026-09-15 08:41:33.418376+00:00,160.63872052484848,174.6309464658662,0.7455218832305719,-0.26100054362817,9.72301512341475,0.026152092594474124,23,26,17.02856812761074,True,197.46074542250508,True,0.5230024821300499,False,0.3961557,False,False,2,WARNING,train
2026-09-15 08:46:26.709008+00:00,160.687234734561,174.5940634554884,-0.666022517710057,-0.7511660880221779,9.722360794586816,0.016412760225655677,26,26,17.884369478798423,True,199.8350116619917,True,0.5043631698624347,False,0.15364854,False,False,2,WARNING,train
2026-09-15 08:51:28.276838+00:00,160.68770495009483,174.59513312038075,0.31009544546031764,-0.0027852163881213602,9.728005037308211,0.024365754375405446,27,26,17.233363956711997,True,202.21790508477568,True,0.5016195378428773,False,0.30194414,False,False,2,WARNING,train
2026-09-15 08:56:28.619966+00:00,160.72300868914593,174.65766962140648,0.4936618676502316,0.8999201917018657,9.725808510895396,0.01987615979999847,27,26,17.81642533335304,True,204.6101979522207,True,0.4982711611633419,False,0.19598822,False,False,2,WARNING,train
2026-09-15 09:16:59.683313+00:00,160.71359027592248,174.611463430396,-0.969997536068644,-0.5119260147683384,9.730070810518002,0.019166296949998423,21,26,17.617472024080325,True,207.0322838719747,True,0.5083876560276126,False,0.19127406,False,False,2,WARNING,train
2026-09-15 09:21:39.029450+00:00,160.74837807905732,174.65118606949937,1.3933678135320435,1.0397455671265698,9.729794369292339,0.018851724685807827,23,26,18.047504903258467,True,209.46197469025014,True,0.5277619421501836,False,0.19500569,False,False,2,WARNING,train
2026-09-15 09:26:31.181595+00:00,160.747893906792,174.65520455741543,0.5718100051966722,0.06699494023975312,9.72900569654449,0.018778711350889012,25,26,17.671706914006258,True,211.8983729321889,True,0.47382166435960943,False,0.2157911,False,False,2,WARNING,train
2026-09-15 09:31:33.274249+00:00,160.74359340649167,174.62411928223713,1.1992274148180397,-0.3784074002233331,9.72806617516914,0.02039392577472051,27,26,17.431232246093835,True,214.34058814493528,True,0.4998001791526251,False,0.19884852,False,False,2,WARNING,train
2026-09-15 09:36:25.729208+00:00,160.74677528734838,174.64465544339134,0.9145970225613943,-0.9841309289124062,9.726056566261821,0.015613679330911356,26,26,17.87991463080854,True,216.78919762244522,True,0.5217825737092365,False,0.08494211,False,False,2,WARNING,train
2026-09-15 09:41:27.801512+00:00,160.76556599375684,174.6073720995969,-0.39637223594275156,-0.0405588872424483,9.730525132598377,0.021647056181437578,22,26,17.273736982637704,True,219.24291978023288,True,0.4858241175684827,False,0.18762913,False,False,2,WARNING,train
2026-09-15 09:46:40.433142+00:00,160.78319510868332,174.64176741326838,0.2368771957468893,1.057186768763309,9.723076332991882,0.01566424655187115,23,26,18.113774321201202,True,221.70266644933457,True,0.5042001713353027,False,0.122790456,False,False,2,WARNING,train
2026-09-15 09:52:43.045992+00:00,160.76712852948106,174.66509456666773,0.14933006767515175,-0.20193058620951568,9.728226894732815,0.016218507946170895,25,27,17.80299458083257,True,224.1689335644061,True,0.47189790737351583,False,0.16161206,False,False,2,WARNING,train
2026-09-15 09:57:46.043623+00:00,160.77023670564782,174.63053428290127,1.2423412283660527,-0.12713761494605702,9.72805144357246,0.021146818405363255,27,27,17.265298637494265,True,226.63937859095566,True,0.5042079959015937,False,0.10936478,False,False,2,WARNING,train
2026-09-15 10:02:58.073318+00:00,160.79683246863118,174.63639336459167,0.8837439002307642,1.3654761623223421,9.730298821480435,0.018110770276275022,25,27,17.979168775093324,True,229.11437546375922,True,0.527971453140232,False,0.1956659,False,False,2,WARNING,train
2026-09-15 10:07:49.597766+00:00,160.80703747995625,174.6365509894226,-0.5079408953027306,-0.2317972938570325,9.721670451041705,0.016711872848412558,27,27,17.49567553822399,True,231.59351383881773,True,0.48022210981831026,False,0.11420652,False,False,2,WARNING,train
2026-09-15 10:13:01.197175+00:00,160.7716609573667,174.63629632035105,-0.27544939858531275,-0.05001014242365064,9.728217467267939,0.020395497820866176,26,27,17.17368004547972,True,234.07719770439235,True,0.47587142766564056,False,0.17342384,False,False,2,WARNING,train
2026-09-15 10:17:50.798022+00:00,160.75458595909234,174.6239375762528,-0.2065078196608709,-1.1620539950923285,9.728021032143861,0.0156697746676345,27,27,17.6330946885217,True,236.56345113826998,True,0.5144167268487023,False,0.122077756,False,False,2,WARNING,train
2026-09-15 10:22:46.853559+00:00,160.78453867626564,174.6793160914625,0.8356161749856346,-0.46228235067760237,9.726047410302078,0.017657204181413984,22,27,17.384443869621276,True,239.0538303837815,True,0.4951311259732024,False,0.20444013,False,False,2,WARNING,train
2026-09-15 10:27:47.999953+00:00,160.77734746571457,174.63643306363252,0.07484173366350438,-0.740772954067136,9.731022643451865,0.016996731711976257,27,27,17.47800953586756,True,241.54634840250796,True,0.49010346061077004,False,0.1376098,False,False,2,WARNING,train
2026-09-15 10:37:48.999069+00:00,160.79291237396026,174.62201446363272,0.40756803929185204,0.5492820010682279,9.734540671366117,0.015862068965517413,29,27,17.916754259474203,True,244.04338675647537,True,0.49158511672046923,False,0.13735524,False,False,2,WARNING,train
2026-09-15 10:42:54.173412+00:00,160.80273119027805,174.61773433843075,-0.896045036348032,0.06798077037209123,9.730054493123932,0.02313555212850597,27,27,16.840803972485524,True,246.54224909218667,True,0.5224966895948578,False,0.24596882,False,False,2,WARNING,train
2026-09-15 10:47:43.116802+00:00,160.791625994317,174.55366540435904,-0.0728643390626301,-0.11070947651534613,9.731638896370567,0.021969676071045555,30,27,16.872846925611633,True,249.04159629294233,True,0.4892366296543439,False,0.24232438,False,False,2,WARNING,train
2026-09-15 10:52:45.303316+00:00,160.7455038306478,174.57159887951414,0.09294223188454231,0.47791973892859596,9.729639518157319,0.018013600304169566,28,27,17.368759508091447,True,251.54249312098102,True,0.4792796304919786,False,0.21713887,False,False,2,WARNING,train
2026-09-15 10:57:47.311790+00:00,160.76646339372363,174.59681330341454,-0.2430412648461707,0.0166597713104377,9.727162960622524,0.014879620007166881,29,27,17.664010917907685,True,254.0447365499992,True,0.4849499402584684,False,0.13550214,False,False,2,WARNING,train
2026-09-15 11:02:49.063230+00:00,160.79787118296608,174.66599265216826,-0.648399226529738,0.4931930476460392,9.724876700284737,0.01691413581852544,29,27,17.391238870240553,True,256.5487452371566,True,0.49489781620751455,False,0.18638198,False,False,2,WARNING,train
2026-09-15 11:07:51.145164+00:00,160.7683227048965,174.5974287158754,-0.6994539644804597,-1.3322850293822095,9.725087814487933,0.014225966444646044,29,27,17.539937762893636,True,259.05185598165804,True,0.5468527273257605,False,0.11670824,False,False,2,WARNING,train
2026-09-15 11:12:43.298801+00:00,160.76260860143054,174.55578485043196,-0.6387354648281601,-0.6425040333391775,9.726246598136944,0.016,20,27,17.27109445234303,True,261.55419797040963,True,0.49961382532928483,False,0.10354131,False,False,2,WARNING,train
2026-09-15 11:18:05.242415+00:00,160.74196782960993,174.63047830041492,0.0993697933360442,1.0714117722736236,9.729970248192231,0.019499920860871604,27,27,17.214218987367833,True,264.05729960800835,True,0.5056146870907318,False,0.19817144,False,False,2,WARNING,train
2026-09-15 11:22:47.471582+00:00,160.774028283882,174.68591190693337,-0.17816529528993913,-0.054177139469672175,9.727693640354003,0.017672758383707226,24,27,17.085998641326025,True,266.56074159997104,True,0.47574079750868886,False,0.25086677,False,False,2,WARNING,train
2026-09-15 11:27:49.971425+00:00,160.7832101524924,174.67942214860454,-0.2716100120702005,-0.7237933878607193,9.726540531167357,0.01764611740677298,27,27,16.935552412653273,True,269.06302976790766,True,0.49026379291322764,False,0.12570357,False,False,2,WARNING,train
2026-09-15 11:32:53.192624+00:00,160.77142898268505,174.60715328900065,0.04801385548637677,-0.5114273773793423,9.7289539368442,0.019316155274674677,27,27,16.76195545893102,True,271.5627222735948,True,0.482898617072401,False,0.17792779,False,False,2,WARNING,train
2026-09-15 11:37:43.366906+00:00,160.78780605386086,174.6379986229376,0.8787635994900183,0.26454468535587866,9.725445119761723,0.01540491432821142,27,27,17.385055387977385,True,274.0612421798515,True,0.5104372881826241,False,0.10954216,False,False,2,WARNING,train
2026-09-15 11:42:45.552704+00:00,160.78551124398726,174.63820579905345,-0.6077991094012454,-0.6194268252887875,9.728958750063804,0.020044329570454662,26,27,16.623404263119166,True,276.5577450602677,True,0.49583833957433454,False,0.18291779,False,False,2,WARNING,train
2026-09-15 11:47:47.631668+00:00,160.79787749893197,174.60607544485734,-0.6887881634105282,0.5259625201125717,9.730975028588649,0.017924892611894203,26,27,17.112196915181197,True,279.05135863056745,True,0.49640119913211816,False,0.1656221,False,False,2,WARNING,train
2026-09-15 11:52:49.233210+00:00,160.8084214037021,174.6338271550472,-0.21409605336767987,0.5709417224433145,9.729843337886487,0.018564482217395883,25,27,16.962807761822354,True,281.54277566761453,True,0.4841151006942916,False,0.21175769,False,False,2,WARNING,train
2026-09-15 12:01:04.135059+00:00,160.79273654963765,174.64905922052455,-0.8807584495575063,0.013189110196760277,9.72663197704093,0.02148786622868218,27,28,16.419586938154186,True,284.02884091159046,True,0.5059142537706113,False,0.22592314,False,False,2,WARNING,train
2026-09-15 12:06:06.212181+00:00,160.7983974987561,174.60983980952383,-0.7055421528741284,-0.571919354924002,9.733719418347913,0.02348860740104895,27,28,16.259073380871467,True,286.5106773810849,True,0.5216436811646896,False,0.2765581,False,False,2,WARNING,train
2026-09-15 12:11:07.253827+00:00,160.7759723940048,174.5339874031543,0.2219120891092921,-0.6721904567078195,9.728006771245324,0.020441034945212527,29,28,16.345951674045555,True,288.98734669680624,True,0.48909835868568463,False,0.23464039,False,False,2,WARNING,train
2026-09-15 12:16:09.337630+00:00,160.76115083981236,174.50441319111567,-1.5434653191636045,-0.2316558350412199,9.727943049440695,0.01965681898335509,26,28,16.57617891838588,True,291.4593184112729,True,0.5207519437383259,False,0.1756671,False,False,2,WARNING,train
2026-09-15 12:21:11.132404+00:00,160.73773206405716,174.49209583462746,0.21647672060200418,-0.05654907115819097,9.728865762566803,0.017708197167232747,27,28,16.709752085457637,True,293.9265719033474,True,0.468470399228958,False,0.11947702,False,False,2,WARNING,train
2026-09-15 12:26:15.092216+00:00,160.75768149476883,174.48896792462713,0.5145848306159473,0.09481305380214401,9.72360005062863,0.019111166536623123,26,28,16.422276581437433,True,296.3889518834937,True,0.4741069173018368,False,0.21611094,False,False,2,WARNING,train
2026-09-15 12:31:05.472810+00:00,160.75570525111922,174.49565715350425,0.8539947996275737,-0.5548274791103242,9.732952364181541,0.022874051285730505,30,28,16.160369724458103,True,298.84631600144536,True,0.508880307361982,False,0.22134374,False,False,2,WARNING,train
2026-09-15 12:36:07.117645+00:00,160.75305361638158,174.5308807370585,0.43466495944308425,-0.30847749132920166,9.725281344679408,0.018949836777978346,29,28,16.347822254397485,True,301.2988417720937,True,0.4719869140942836,False,0.1522632,False,False,2,WARNING,train
2026-09-15 12:41:09.101593+00:00,160.73773464021633,174.47662960012525,-0.5597910988186906,-0.0016895273430918636,9.721173345556949,0.016911534525288024,20,28,16.54201050015238,True,303.74470799020065,True,0.4773477300228958,False,0.11934241,False,False,2,WARNING,train
2026-09-15 12:46:11.182053+00:00,160.7400095951365,174.51025927224234,0.5623709754059325,-0.3650536142693725,9.722322086594659,0.01662958838566235,27,28,16.525079009651915,True,306.18510394160967,True,0.47971710463920925,False,0.1570612,False,False,2,WARNING,train
2026-09-15 12:51:13.368281+00:00,160.73218569275312,174.51073039589855,-0.26276115276529044,-1.2233505492603793,9.728989963894868,0.021906731274853375,29,28,15.93122550917117,True,308.6191690895936,True,0.518440575202994,False,0.28826827,False,False,2,WARNING,train
2026-09-15 12:56:07.169027+00:00,160.7438591689261,174.4943852510844,0.02195514793069719,0.5162177204641134,9.726873197268715,0.016083328927425575,28,28,16.80650891972179,True,311.04632306187216,True,0.4763171700116383,False,0.1568785,False,False,2,WARNING,train
2026-09-15 13:01:07.398061+00:00,160.7678904036102,174.47906570833806,1.3254135190728236,0.45691470783368965,9.725104527660148,0.02039607805437133,30,28,16.26601443994298,True,313.46629122255075,True,0.5055763934729747,False,0.23555718,False,False,2,WARNING,train
2026-09-15 13:06:09.482619+00:00,160.75038637010684,174.46698037246964,0.12178408012170784,-0.051541817678781694,9.721270501273962,0.018718510973398363,28,28,16.116486738692895,True,315.87883968770626,True,0.4664689646525619,False,0.2053042,False,False,2,WARNING,train
2026-09-15 13:11:11.352880+00:00,160.77538200925855,174.5210730142049,-0.5788590440175527,0.6079164994095567,9.727899439126892,0.014759265213126269,29,28,17.012565294414927,True,318.2848054660213,True,0.4942127663918429,False,0.122166686,False,False,2,WARNING,train
2026-09-15 13:16:14.167712+00:00,160.7835693237246,174.4902636755176,0.2836391898908239,-0.05151122475656518,9.722452995887755,0.018556722823550247,29,28,16.10872615923552,True,320.68246698189165,True,0.4666254506291416,False,0.18346956,False,False,2,WARNING,train
2026-09-15 13:21:05.592222+00:00,160.76747955523268,174.475516641202,-0.38880781429620676,-0.48723379637886627,9.723070719050053,0.016124515496597363,20,28,16.366037359197442,True,323.07181860929603,True,0.4792370611240579,False,0.12039346,False,False,2,WARNING,train
2026-09-15 13:26:28.051297+00:00,160.75894998102677,174.5047356270598,-0.08825749601172865,0.35616204489257,9.723328747872618,0.016124515496597453,30,29,16.495800427506346,True,325.45333177530335,True,0.4709792956129876,False,0.138465,False,False,2,WARNING,train
2026-09-15 13:31:31.992504+00:00,160.76802692934683,174.48469995064946,0.9393218878424144,-1.5197981393543494,9.728710051021892,0.020245407953654117,27,29,15.90881496688964,True,327.8259009508084,True,0.5271617029867379,False,0.22257423,False,False,2,WARNING,train
2026-09-15 13:36:34.991840+00:00,160.7790246118631,174.4844981496544,0.04680791096146405,-0.2809963781285352,9.728671857232989,0.020427529234278298,27,29,15.868720014847645,True,330.1895963692729,True,0.4667170501194824,False,0.24536371,False,False,2,WARNING,train
2026-09-15 13:41:37.292225+00:00,160.76143709763943,174.48511059688286,0.5425468603965945,-0.6768790920162491,9.727622614448146,0.01448711645600622,27,29,16.618543547737413,True,332.5441699334988,True,0.49947373465746403,False,0.12584929,False,False,2,WARNING,train
2026-09-15 13:46:47.238608+00:00,160.77749999670155,174.50349384206928,-0.2171025011051305,0.5741967613634517,9.726979976990483,0.014693951425835084,27,29,16.76280591228654,True,334.8896654576198,True,0.48090630932272616,False,0.09561851,False,False,2,WARNING,train
2026-09-15 13:51:30.393004+00:00,160.77470942608574,174.50716084796932,-0.16638546799401893,-0.40185474077411415,9.725998192177956,0.013744283373235392,26,29,16.689423695114932,True,337.2255802795302,True,0.4933354985313854,False,0.124622956,False,False,2,WARNING,train
2026-09-15 13:56:31.136602+00:00,160.7856076584004,174.5144040117428,0.7530309805274473,0.43000529356635553,9.72132661503734,0.015748015748023987,25,29,16.38405917403968,True,339.5517265460365,True,0.4856102371899909,False,0.1279263,False,False,2,WARNING,train
2026-09-15 14:01:43.858361+00:00,160.76288603546786,174.53741301527072,0.8609406033423548,0.9378545896538821,9.730131567971407,0.020928873631404582,26,29,16.045427918798936,True,341.8681278356305,True,0.5023874309694624,False,0.27026093,False,False,2,WARNING,train
2026-09-15 14:09:24.972978+00:00,160.7691572802354,174.52748307205712,-0.519335718370615,-1.402024907934953,9.722113155758581,0.014861620658429291,22,30,16.22423168099592,True,344.16764942113656,True,0.5274937301887713,False,0.11429356,False,False,2,WARNING,train
2026-09-15 14:14:29.207199+00:00,160.8045905599592,174.50835265078305,0.3430289996351976,0.19464562664097182,9.7282256250667,0.019660581414049565,26,30,15.822574296876963,True,346.4561003863257,True,0.4672036329623472,False,0.21384591,False,False,2,WARNING,train
2026-09-15 14:19:29.054237+00:00,160.80218773907825,174.5446217771987,-0.7562808533247237,0.5059839948729098,9.728106610346552,0.015269568501507513,24,30,16.520212490938246,True,348.73419434690663,True,0.49924493269121084,False,0.19833776,False,False,2,WARNING,train
2026-09-15 14:24:41.773234+00:00,160.79683181813095,174.53170972355363,0.836809518465744,-0.4210121957445425,9.730752122672236,0.020106962496319856,26,30,15.716339299992867,True,351.00087656383636,True,0.4807655444731762,False,0.2415062,False,False,2,WARNING,train
2026-09-15 14:29:33.302115+00:00,160.76870917010527,174.5833908238172,0.8845569637379563,-0.6015584824601083,9.731089296857464,0.017766436291597843,21,30,15.969581122857909,True,353.25702711578793,True,0.4864913874599494,False,0.17282814,False,False,2,WARNING,train
2026-09-15 14:34:34.887310+00:00,160.7902773393111,174.5445353963793,-0.603866439141011,0.5935768038237339,9.72856728170974,0.01865681974713094,26,30,15.959512814563075,True,355.5009006782181,True,0.4763628360243616,False,0.16411667,False,False,2,WARNING,train
2026-09-15 14:39:27.437136+00:00,160.77545096667566,174.54106836172724,0.08326735756177081,0.2482957099410407,9.732846756721019,0.01719731372776893,27,30,16.12077582164335,True,357.73289300761047,True,0.4636083798303624,False,0.14097762,False,False,2,WARNING,train
2026-09-15 14:44:39.573154+00:00,160.79296552352696,174.5036830154769,-0.4001884611686741,-1.0883118234186675,9.72822620461044,0.018656819747130973,26,30,15.611936061813088,True,359.9522301199841,True,0.4901744418285906,False,0.22273973,False,False,2,WARNING,train
2026-09-15 14:54:34.000430+00:00,160.78976916413475,174.53050297287973,0.29057845341742977,0.6210652522221334,9.732625184456685,0.01681186750152696,24,30,16.194431005129935,True,362.1474063468393,True,0.4672215031722287,False,0.22364539,False,False,2,WARNING,train
2026-09-15 14:59:36.382588+00:00,160.78255172500258,174.547630385006,-5.4606962918641414e-05,0.19070535925555396,9.718982201676106,0.018857924110971463,26,30,15.469823728003597,True,364.33029023044503,True,0.4602986858004125,False,0.1671614,False,False,2,WARNING,train
2026-09-15 15:04:28.971527+00:00,160.79714940311803,174.53608129917683,-0.8039090071253461,0.5782363451791694,9.732330414463018,0.022416841724458295,26,30,15.507032749092732,True,366.50022010827854,True,0.49953661236291885,False,0.23473209,False,False,2,WARNING,train
2026-09-15 15:09:30.926883+00:00,160.7830900599842,174.5519393737625,-0.32495279416655315,0.4455452726448958,9.733297753451199,0.01614269911427091,28,30,16.202300969651592,True,368.6574915086421,True,0.4648965479781488,False,0.16435157,False,False,2,WARNING,train
2026-09-15 15:14:32.597530+00:00,160.78808216428143,174.5720080085325,-0.09405494774962538,0.9707704706227864,9.729655332806203,0.0132657821114978,29,30,16.780867544819404,True,370.8020127231489,True,0.5073300019580704,False,0.07269676,False,False,2,WARNING,train
2026-09-15 15:19:45.453384+00:00,160.7904236624516,174.5608109642724,-0.5307016868245523,-0.3487208512796827,9.722533849788835,0.02081547558113073,26,30,15.15811782744196,True,372.93309663486224,True,0.4779334602794373,False,0.23017192,False,False,2,WARNING,train
2026-09-15 15:24:27.142128+00:00,160.80054419394577,174.57269256723185,0.3754224443912504,-0.8610517516146848,9.730193858367956,0.017569105537498686,28,30,15.642729327766194,True,375.0509840533296,True,0.4826701759542415,False,0.17632523,False,False,2,WARNING,train
2026-09-15 15:29:29.526261+00:00,160.76823777214176,174.56793271896612,-0.672314346764966,0.6001043385877988,9.732873666962272,0.01924893612515041,21,30,15.744087636330647,True,377.1552485545883,True,0.4796822287730503,False,0.21514906,False,False,2,WARNING,train
2026-09-15 15:34:51.895167+00:00,160.77628508406775,174.5703810487072,1.0239792982245577,0.5414676019173481,9.727888236458169,0.020773783203526346,27,30,15.47086868228379,True,379.2458746241356,True,0.48546866828669966,False,0.20929568,False,False,2,WARNING,train
2026-09-15 15:39:31.239401+00:00,160.77696716799525,174.56277619700106,-0.07305393046479691,0.3749994860238167,9.725468637489753,0.02018346293332706,29,30,15.339883391007719,True,381.32256052425964,True,0.4649154537861631,False,0.1277511,False,False,2,WARNING,train
2026-09-15 15:44:32.914226+00:00,160.80326726888225,174.54668662524077,-0.4623921353003937,0.6462726844166065,9.727469288341311,0.018388522374080295,28,30,15.660955462615137,True,383.38503769005285,True,0.4645440397802514,False,0.1576492,False,False,2,WARNING,train
2026-09-15 15:49:25.064408+00:00,160.7758070731393,174.57570683225507,1.8681153811914877,-1.044353080963268,9.721852571810953,0.02196967607104565,30,30,15.105587337405995,True,385.4339530944932,True,0.5360827657941502,False,0.30873474,False,False,2,WARNING,train
2026-09-15 15:54:27.046746+00:00,160.79735231653993,174.5550074599698,0.4136020998895134,-0.9687976780720617,9.72845711269624,0.0190499687130114,29,30,15.293391463160141,True,387.46835219534887,True,0.4800871693050431,False,0.11155224,False,False,2,WARNING,train
2026-09-15 15:59:29.128730+00:00,160.78167156491014,174.5685503195022,0.8930886080842905,-1.2707085824923132,9.724442308138402,0.018427033281447378,30,30,15.29850958609203,True,389.48871109446816,True,0.508358583944109,False,0.13899541,False,False,2,WARNING,train
2026-09-15 16:04:31.116970+00:00,160.7806684410389,174.5391760306727,0.7314859803902708,0.03274972938258989,9.731825289351224,0.022294110172751368,29,30,15.156723879262438,True,391.49420414513145,True,0.48464383977661285,False,0.19827478,False,False,2,WARNING,train
2026-09-15 16:09:33.188968+00:00,160.79106119599186,174.54788573878645,-0.19482964808680953,-0.3352827542060191,9.73144641396404,0.015202711895566467,28,30,15.91958048764674,True,393.48538623132964,True,0.4756839007149963,False,0.11403619,False,False,2,WARNING,train
2026-09-15 16:19:28.575503+00:00,160.78576831628448,174.5778843730562,-0.17011887535007875,-0.7480945724217328,9.724879026843716,0.021551034471724007,29,30,14.86960900668334,True,395.44791434569754,True,0.4802362620052667,False,0.19536203,False,False,2,WARNING,train
2026-09-15 16:24:29.514991+00:00,160.79452275216084,174.54770156707215,-0.739880342344771,0.5692603586509438,9.724259669763532,0.017005280008190595,29,30,15.650075175861655,True,397.3952404272531,True,0.48068329212055444,False,0.1989339,False,False,2,WARNING,train
2026-09-15 16:29:31.626498+00:00,160.78206060746984,174.54623631287467,0.213734977107473,-0.22805651923551362,9.730638614060522,0.016287876612812023,27,30,15.68572407368397,True,399.3277882682737,True,0.46431694503122023,False,0.17798273,False,False,2,WARNING,train
2026-09-15 16:34:33.374465+00:00,160.79275302134235,174.54665388967874,0.3399794555911138,0.008524789750088713,9.7282137711309,0.013223934701124294,28,30,16.225999033642434,True,401.2455335947953,True,0.4960841936383309,False,0.07514803,False,False,2,WARNING,train
2026-09-15 16:39:36.169193+00:00,160.77561064214163,174.55910255992984,-0.37401843640367705,1.475158797303655,9.727059706051124,0.018053418676969055,27,30,15.819525826128585,True,403.1486312850561,True,0.4947672852147428,False,0.18542133,False,False,2,WARNING,train
2026-09-15 16:44:27.189644+00:00,160.81023993034867,174.54398148176554,0.6124659523815875,-0.006177893486444089,9.729055208681867,0.021487866228682043,27,30,15.042098520485403,True,405.0365717014904,True,0.47023355465364686,False,0.24317715,False,False,2,WARNING,train
2026-09-15 16:49:30.406886+00:00,160.79200419841888,174.55792373157547,1.1020958100422356,-0.5362731961263023,9.719489524278123,0.013533651474093095,24,30,15.903305668309084,True,406.909812734702,True,0.5114780342279054,False,0.142496,False,False,2,WARNING,train
2026-09-15 16:54:31.164243+00:00,160.8329030358575,174.54922988996177,-0.5574046161022742,-0.29828891787929424,9.730747408399445,0.015427784316797628,22,30,15.774810739418783,True,408.76794261728804,True,0.47118188588546195,False,0.079009965,False,False,2,WARNING,train
2026-09-15 17:00:23.929088+00:00,160.79496865753498,174.55688354430956,-0.7341583592699441,1.5566206952532318,9.724522294488192,0.015868076165995358,23,30,16.104273497928855,True,410.60821906479975,True,0.5176934677906903,False,0.104824156,False,False,2,WARNING,train
2026-09-15 17:04:25.414596+00:00,160.80912514948196,174.56172415465517,0.4483426373820418,-0.9130229850898792,9.736158099828023,0.015951936738662412,28,30,15.726937178370632,True,412.4365782586623,True,0.48219512579248913,False,0.1150416,False,False,2,WARNING,train
2026-09-15 17:09:27.274116+00:00,160.8029213238919,174.5392836962851,-0.49730861268675175,0.6931553697871223,9.72155140873578,0.0205724294158716,26,30,15.06721873460683,True,414.2495522908897,True,0.46854748996137024,False,0.18644017,False,False,2,WARNING,train
2026-09-15 17:14:29.266027+00:00,160.78449906925027,174.5295435121039,-0.16398281265777515,0.1332909206840296,9.739769817450197,0.01543160493036979,27,30,16.025453107960626,True,416.04735719428015,True,0.4590725015234114,False,0.1251822,False,False,2,WARNING,train
2026-09-15 17:19:33.681694+00:00,160.7850811489735,174.55644970833927,-0.7690571154795447,-0.8898522427424067,9.724508937710391,0.017300449576689206,24,30,15.250662249507617,True,417.83062224295224,True,0.488084792243228,False,0.24101251,False,False,2,WARNING,train
2026-09-15 17:24:44.667770+00:00,160.8198933768582,174.5550340234707,-0.5794783368943754,0.7198824352008876,9.723939775093447,0.01628608873826202,26,30,15.678224564405616,True,419.598882056412,True,0.4666645565522698,False,0.11807796,False,False,2,WARNING,train
2026-09-15 17:29:26.789054+00:00,160.80246978768287,174.57519580049333,-0.5352221100968895,0.4414180194014906,9.725622588122668,0.020734125929301583,27,30,15.065706490724493,True,421.35252462370676,True,0.4614875359613163,False,0.20124756,False,False,2,WARNING,train
2026-09-15 17:34:30.023925+00:00,160.80566892228774,174.57977579351967,0.829463754063373,-1.0291058725060558,9.729959550763256,0.016426274233894502,26,30,15.508256255096116,True,423.0913148727191,True,0.4888336720425544,False,0.13852683,False,False,2,WARNING,train
2026-09-15 17:43:12.451853+00:00,160.79652800246234,174.55744275085468,-0.5774045649572238,0.7313964984324314,9.738478402324105,0.018533327412143426,27,31,15.703119148146321,True,424.80294859529886,True,0.4633266519533488,False,0.18870984,False,False,2,WARNING,train
2026-09-15 17:48:14.027297+00:00,160.81076779983522,174.54697717165394,0.5688985465871701,1.1939660327098032,9.72736825898661,0.021136356406206484,26,31,15.301387253627748,True,426.4995942877687,True,0.48777239395401895,False,0.26089522,False,False,2,WARNING,train
2026-09-15 17:53:14.771904+00:00,160.79949464615956,174.5764071081485,-0.22646865185386653,-0.22519169805991882,9.735050928259772,0.020476103958842702,24,31,15.156665411919871,True,428.18198461311545,True,0.4559810818524331,False,0.28522527,False,False,2,WARNING,train
2026-09-15 17:58:20.849424+00:00,160.80541404336574,174.5562100307849,-0.4162411277889878,0.3127422006596873,9.736702779300115,0.01876355525792377,26,31,15.507162504393433,True,429.84934105065696,True,0.45476923379796574,False,0.19763544,False,False,2,WARNING,train
2026-09-15 18:03:20.786515+00:00,160.81137441868995,174.56930323955314,-0.07679485042190239,-0.3438004855555901,9.729257708894188,0.019309052441092253,27,31,15.12672465591886,True,431.5022982603999,True,0.4530819052852771,False,0.18607765,False,False,2,WARNING,train
2026-09-15 18:08:23.433211+00:00,160.80859919207117,174.5547864762116,-0.2793755430778281,-1.1767871247784316,9.725511641748712,0.020003697882993856,26,31,14.884911587725863,True,433.1404650582842,True,0.4786822638973372,False,0.18547937,False,False,2,WARNING,train
2026-09-15 18:13:15.114675+00:00,160.8006722207481,174.5669989421929,-0.3961343467249152,1.0127681733504053,9.734080514845855,0.01636244455565048,28,31,15.995447624811684,True,434.76437871703365,True,0.46912967585068654,False,0.13920996,False,False,2,WARNING,train
2026-09-15 18:18:17.509322+00:00,160.81690159228356,174.54840026914442,-0.6425841237303255,1.7506219442977704,9.735670849095914,0.01858515975893968,28,31,16.029388886187004,True,436.3736075687919,True,0.4966549069623551,False,0.19240955,False,False,2,WARNING,train
2026-09-15 18:26:08.243671+00:00,160.81623924299845,174.5686563414584,-0.279355895897467,0.12392244498418721,9.726751102732106,0.017045015235508235,26,32,15.469892338684037,True,437.9603949456642,True,0.4445022151102481,False,0.19866925,False,False,2,WARNING,train
2026-09-15 18:31:10.537209+00:00,160.82140709618278,174.56287431161581,-0.331557282555905,0.053960238190316895,9.731836751416354,0.01928240712384741,28,32,15.293146334178726,True,439.53298298711474,True,0.4417982346325174,False,0.1627201,False,False,2,WARNING,train
2026-09-15 18:36:12.434079+00:00,160.77772572031137,174.57429848970824,1.4102389485897384,-0.679231591511904,9.733495303729393,0.01860916495730437,28,32,15.449823203319651,True,441.0917787428656,True,0.48717547769775005,False,0.1950783,False,False,2,WARNING,train
2026-09-15 18:41:14.593178+00:00,160.79685438275789,174.58833880747483,-0.6357423502773097,-0.6599539349276141,9.728343763894536,0.013425606637327678,27,32,16.04772665804279,True,442.6369484873355,True,0.49518515684885295,False,0.105402894,False,False,2,WARNING,train
2026-09-15 18:46:16.567583+00:00,160.81194300738,174.5621516247758,-0.24038244563980643,-0.8434386125757763,9.7373563452693,0.017669422876854128,27,32,15.51416451983725,True,444.1679385113705,True,0.4579818306636097,False,0.16830799,False,False,2,WARNING,train
2026-09-15 18:51:08.521271+00:00,160.79825937209725,174.56536372033278,0.8727941418586135,-0.06419005401630476,9.732281577241022,0.01994891434824146,28,32,15.296485465938796,True,445.6853824386459,True,0.4615546340037959,False,0.20648381,False,False,2,WARNING,train
2026-09-15 18:56:33.770978+00:00,160.7987080033626,174.5686143902345,0.3499050139134982,0.18435437261590593,9.73025881546674,0.025810125355923377,23,32,14.76684277653219,True,447.189422439953,True,0.47657096012326855,False,0.3223844,False,False,2,WARNING,train
2026-09-15 19:01:16.912237+00:00,160.80034810623562,174.57707276532668,-0.07518341159670251,-0.2157319130527854,9.723788883242438,0.014142135623731372,26,32,15.873652991235344,True,448.6802947547737,True,0.4674518806902112,False,0.09029198,False,False,2,WARNING,train
2026-09-15 19:11:08.892168+00:00,160.82075006047603,174.58294369504048,-0.6885452017308634,0.22619003478841546,9.729341558364661,0.011944085553034885,27,32,16.640804770353377,True,450.14511340663444,True,0.5037341057862238,False,0.06716355,False,False,2,WARNING,train
2026-09-15 19:16:10.972295+00:00,160.8246086798836,174.57140494588677,-0.3097718322161027,-0.385293364856397,9.729235585027281,0.02060804110110183,27,32,15.099589230078829,True,451.59690672503893,True,0.4494575345041473,False,0.17803071,False,False,2,WARNING,train
2026-09-15 19:21:13.448659+00:00,160.80386508257214,174.59437145714585,1.0624894029884069,-0.7908251617759144,9.730967920216473,0.021049292205011835,27,32,15.160792315013314,True,453.0364326936694,True,0.4809855537893942,False,0.21874247,False,False,2,WARNING,train
2026-09-15 19:26:14.833616+00:00,160.7947411545561,174.58789961580723,0.8795622644516717,-0.7697077625277142,9.731822913154934,0.016827350421923976,24,32,15.663888151576634,True,454.4633709051456,True,0.47567372899877264,False,0.23187007,False,False,2,WARNING,train
2026-09-15 19:31:17.214010+00:00,160.80569852069644,174.55607519969388,-0.21727469972558858,-0.4586607136482113,9.733205583065562,0.01593715958242114,24,32,15.823889336871881,True,455.87747618134614,True,0.4500363024614279,False,0.17873359,False,False,2,WARNING,train
2026-09-15 19:36:10.714000+00:00,160.78651613144132,174.56976528608112,0.549455084924027,-0.5279146839391656,9.728184859698134,0.019612241075410257,25,32,15.24904385968086,True,457.2797110246127,True,0.4551870726519125,False,0.14217511,False,False,2,WARNING,train
2026-09-15 19:41:10.315363+00:00,160.8073053422652,174.5654751693998,0.23749822428288483,0.8717709370740875,9.729835926528974,0.016190434753730405,26,32,16.05675165518776,True,458.669966895427,True,0.4616577788173655,False,0.13931423,False,False,2,WARNING,train
2026-09-15 19:51:37.133479+00:00,160.7876480495324,174.58797359971302,0.5219214240925751,-0.21862302224839636,9.728150836998351,0.02022433357713093,26,33,15.28349218285542,True,460.0374036090709,True,0.4513451365387067,False,0.16889678,False,False,2,WARNING,train
2026-09-15 19:56:41.234267+00:00,160.83528579676948,174.58150697458512,0.5402568849401697,-0.12851675686957476,9.730248215441504,0.014922610697157267,23,33,16.08607189127061,True,461.39344720825744,True,0.46047704915962956,False,0.13299154,False,False,2,WARNING,train
2026-09-15 20:01:43.433390+00:00,160.82458272585012,174.56890925522129,0.8323414195536133,0.9324652730475502,9.72996171871178,0.02466789008199525,27,33,15.295108612260327,True,462.7382121809377,True,0.4997884126942683,False,0.3034128,False,False,2,WARNING,train
2026-09-15 20:06:42.028879+00:00,160.80256801229,174.56518044811546,-0.5322728888988109,0.16488800012727073,9.732628913233649,0.014476405856793858,28,33,16.326012581161933,True,464.0720726654024,True,0.46665251687665493,False,0.0966284,False,False,2,WARNING,train
2026-09-15 20:11:41.453605+00:00,160.83225141418825,174.5861849402288,-0.3866909982800274,0.09376418737184768,9.72897527355547,0.017690675509997,25,33,15.725783648132397,True,465.39567700276297,True,0.44642098096954164,False,0.12706304,False,False,2,WARNING,train
2026-09-15 20:16:37.922330+00:00,160.83279809695574,174.58615789601927,0.5397920716232801,0.047325549516590716,9.72699952748348,0.015109727004684577,31,33,16.093253095968727,True,466.70890246255874,True,0.45682169703473924,False,0.104582995,False,False,2,WARNING,train
2026-09-15 20:21:44.794631+00:00,160.79979230583888,174.59357807190878,0.3110579569744185,0.14891431210040915,9.733571822907551,0.01794672805864559,27,33,15.867933924601449,True,468.0121142230306,True,0.4449323008088705,False,0.17827876,False,False,2,WARNING,train
2026-09-15 20:26:40.751159+00:00,160.82615026838914,174.60756750300126,0.6952344030909628,-0.2059286058251808,9.736983372128863,0.018823743871327417,30,33,15.822876933204235,True,469.305667398948,True,0.4577089832921347,False,0.15710422,False,False,2,WARNING,train
2026-09-15 20:36:37.331969+00:00,160.82310252627317,174.58512202945786,0.4476857353616197,0.5420337747745098,9.729720662238062,0.014971394764006005,27,33,16.394966617865148,True,470.5797981061989,True,0.46532203774065617,False,0.119371325,False,False,2,WARNING,train
2026-09-15 20:41:40.322342+00:00,160.83016741168254,174.59464772418906,-0.4517431298626158,0.20919704623807986,9.726658507748288,0.01662723199302906,32,33,15.98936777576559,True,471.8449534346368,True,0.44848644648834635,False,0.15056379,False,False,2,WARNING,train
2026-09-15 20:46:45.891400+00:00,160.8130676618444,174.57952141746168,0.2854885000740221,-0.6964979214864807,9.731716435972519,0.014710847591518484,29,33,16.279375246703317,True,473.1009771414694,True,0.4752394234467613,False,0.11963121,False,False,2,WARNING,train
2026-09-15 20:51:46.942437+00:00,160.80034458638588,174.5750855268585,-0.36146318802314886,-0.18868458434185592,9.725995746395794,0.022166597048066918,27,33,15.294704039265422,True,474.3483165774303,True,0.45684437713083065,False,0.34082493,False,False,2,WARNING,train
2026-09-15 20:56:39.611497+00:00,160.79791373675738,174.5668358408001,-0.25404287076427995,-0.05911194173630009,9.729050563814187,0.017461067804945357,30,33,15.936163263494429,True,475.5871772148336,True,0.44648174912172345,False,0.14872746,False,False,2,WARNING,train
2026-09-15 21:01:40.587348+00:00,160.7997296811201,174.6124173515791,-0.5865112791093632,-1.2706380599537472,9.725190395355199,0.01474055462380209,27,33,16.15936195554754,True,476.81874609204044,True,0.50212821533467,False,0.14244758,False,False,2,WARNING,train
2026-09-15 21:06:42.031328+00:00,160.7963339521369,174.58358417202652,0.16507304542658183,0.3090987695939678,9.726164094948931,0.020811921936105923,26,33,15.616988438764112,True,478.0420391732366,True,0.4581483056588849,False,0.2036745,False,False,2,WARNING,train
2026-09-15 21:11:45.051211+00:00,160.77882106126984,174.57423406594899,-1.2405911513989576,-1.922808904802015,9.717460554501017,0.021007672742348146,22,33,15.267413160794376,True,479.25766853398306,True,0.5247127701833784,False,0.22987954,False,False,2,WARNING,train
2026-09-15 21:17:10.670028+00:00,160.81265597729242,174.58039589032748,-0.14100851269929376,1.2836354530409757,9.724989365131625,0.017959955456515214,25,33,16.279397585292,True,480.464773025219,True,0.4779559313330677,False,0.15028618,False,False,2,WARNING,train
2026-09-15 21:21:41.311999+00:00,160.8172858164532,174.58729269827504,0.2811353254239983,-0.9792789011544168,9.728442436127242,0.016462257353102295,26,33,16.075334562324773,True,481.6664726840536,True,0.4779707907554389,False,0.16029903,False,False,2,WARNING,train
2026-09-15 21:26:41.143412+00:00,160.83410207708695,174.579318029466,0.0076292150644237545,-0.2591344937648664,9.732975634229128,0.018444295700724207,27,33,16.03279245458546,True,482.86139782664395,True,0.4521796757389445,False,0.19532993,False,False,2,WARNING,train
2026-09-15 21:31:39.021310+00:00,160.8127085703199,174.5832867763907,-0.019140192717904927,-1.7272610940100839,9.72656422215673,0.017199950225296592,29,33,15.950792964999623,True,484.05004613121787,True,0.49453304478681986,False,0.12773451,False,False,2,WARNING,train
2026-09-15 21:36:37.550737+00:00,160.808407801778,174.56671229193304,-0.18919052533269862,-0.20818944466137654,9.731619983641675,0.0207413148163071,29,33,15.812775124929619,True,485.23236735681206,True,0.4566430790159926,False,0.1359547,False,False,2,WARNING,train
2026-09-15 21:42:01.213196+00:00,160.8239580726507,174.58203244465162,-0.3633409088261926,0.3706271650398986,9.729538816050272,0.013351196121315438,26,33,17.006938723941648,True,486.4080908033178,True,0.4980243842420429,False,0.11412394,False,False,2,WARNING,train
2026-09-15 21:46:44.890967+00:00,160.80136942615079,174.59854684364063,-0.29071538270981395,0.3034838317091107,9.724349853015498,0.020843882930522077,26,33,15.801209144754909,True,487.5797657392514,True,0.46410076636826053,False,0.24115303,False,False,2,WARNING,train
2026-09-15 21:51:47.771219+00:00,160.8423042950235,174.5706722298746,-1.1159989193708844,0.2190850484052777,9.72683646281059,0.02406146466100236,28,33,15.644452553255755,True,488.7458330997048,True,0.4995988995964239,False,0.3358155,False,False,2,WARNING,train
2026-09-15 22:01:37.521701+00:00,160.84171378535004,174.59132749762915,-0.0035015853270636316,0.3888083472386422,9.732368620947287,0.021499881347560715,28,33,16.047217914169824,True,489.9029097313818,True,0.47525305438945736,False,0.19940835,False,False,2,WARNING,train
2026-09-15 22:06:41.838115+00:00,160.8127288896571,174.5861010860532,-0.014823898286291628,0.08905833570109105,9.734274092997827,0.02457964178278726,23,33,15.80341034202202,True,491.05569600656014,True,0.48787180509970896,False,0.2909884,False,False,2,WARNING,train
2026-09-15 22:11:40.850503+00:00,160.81190479678367,174.60637459342774,0.003858295675548347,0.6487048200064854,9.72960588774435,0.016019987515600905,25,33,16.78434848759826,True,492.20493961777714,True,0.47886409730208346,False,0.14168555,False,False,2,WARNING,train
2026-09-15 22:16:53.730773+00:00,160.83756904558052,174.59482546259594,-0.16492430061778626,0.37826506357454953,9.729740105260056,0.012670327149787757,22,33,17.364056277515797,True,493.3504179782925,True,0.5137131930710555,False,0.065364055,False,False,2,WARNING,train
2026-09-15 22:21:47.291336+00:00,160.80298769662403,174.57404928292186,-0.7419728363045268,-0.8228156203294681,9.732699958843716,0.014721045603946409,28,33,16.85728245482028,True,494.49229339714077,True,0.5120021466082996,False,0.14244291,False,False,2,WARNING,train
2026-09-17 06:29:25.638545+00:00,133.6569063444695,143.3864785168983,-1726.1260281796922,-1849.2409511221729,9.33415550452581,6.987515412835415,23,34,3584.766851195409,True,496.0148387907323,True,0.7932789496343595,True,359.47287,True,False,4,WARNING,train
2026-09-17 06:39:28.674050+00:00,0.09695088630760752,0.5089981589479242,-1.6192731068673627,0.8301492397758095,9.761462733207402,0.019463676954027658,29,34,2.874254186699086,False,495.1422821084026,True,0.4314800633180409,False,0.26388443,False,False,1,WATCH,train
2026-09-17 06:44:31.692347+00:00,0.06918074973895945,0.5325806004446726,0.2363999193019511,-0.7556846405315578,9.764520149527527,0.020061633428075105,27,34,1.898972325592047,False,494.2839131633047,True,0.3947759663243322,False,0.22408962,False,False,1,WATCH,train
2026-09-17 06:49:32.633624+00:00,0.03526125927647627,0.5131507086619368,0.59791237546782,-1.574964033026603,9.763815035714112,0.017995889553348556,28,34,2.88350224526724,False,493.4388700763884,True,0.4175393130762424,False,0.14225274,False,False,1,WATCH,train
2026-09-17 06:54:35.852488+00:00,0.06567526817845856,0.5025547784807725,-0.6815850522889116,-0.010866169759986633,9.758777351965676,0.019414506867882746,26,34,1.7216967882665977,False,492.60716372689035,True,0.3869339332425709,False,0.14509103,False,False,1,WATCH,train
2026-09-17 06:59:28.212415+00:00,0.043011884681452214,0.523656832969495,1.7572034835157708,1.4083866079370675,9.762409255401474,0.017053132493660878,27,34,3.311970197720134,False,491.78918631024317,True,0.45541306252982117,False,0.11879578,False,False,1,WATCH,train
2026-09-17 07:04:31.023682+00:00,0.019617865675226585,0.5315595068295358,-0.9940409430441408,0.17064224241908707,9.763565877090228,0.017891202442858717,29,34,1.9167866860379266,False,490.98456224686004,True,0.3921209832484983,False,0.16137041,False,False,1,WATCH,train
2026-09-17 07:09:51.311146+00:00,0.012995040215839946,0.5321809160407324,-0.7401881550073791,0.34585581438645924,9.763002229213141,0.021071307505705416,20,34,1.9137554938424424,False,490.1930100303617,True,0.39051933722261645,False,0.22542779,False,False,1,WATCH,train
2026-09-17 07:14:33.553460+00:00,0.010561737875531359,0.5514015440106411,0.22111755197696867,1.055902262830545,9.754419713949064,0.015041276541570212,25,34,2.270047683874046,False,489.4146808431085,True,0.40713000019418766,False,0.09030807,False,False,1,WATCH,train
2026-09-17 07:21:26.422783+00:00,-0.0037532500440295175,0.527668988611724,0.4970828322746244,0.4066482356712106,9.763074204691454,0.015937159582420726,24,35,1.6949585442167403,False,488.6537174765622,True,0.38674188455182307,False,0.15231395,False,False,1,WATCH,train
2026-09-17 07:26:28.887069+00:00,0.002622527783367331,0.5743126894301087,-0.5165304401576595,0.40063153109725747,9.763114573589606,0.016267759526129858,25,35,1.755276812296636,False,487.9060231387812,True,0.3849045373032547,False,0.12564354,False,False,1,WATCH,train
2026-09-17 07:31:30.260746+00:00,-0.01860134904932018,0.5618134576870029,-1.8522679770495163,0.0373705460274114,9.76093950358955,0.012583057392117868,24,35,3.689648621222937,False,487.17041005479103,True,0.4744503404029267,False,0.11340441,False,False,1,WATCH,train
2026-09-17 07:36:42.171478+00:00,0.011496185700160698,0.5617872000846252,-0.3377858428008491,0.7423814063186462,9.763877764218837,0.018826520385415792,26,35,1.8032194896955585,False,486.4468991276025,True,0.3812599889776728,False,0.17718472,False,False,1,WATCH,train
2026-09-17 07:41:33.907231+00:00,-0.054009995712503346,0.5800973722848864,1.0697913147887856,0.6185131673888109,9.760827635657918,0.021107861998185158,27,35,2.3844854054430056,False,485.73560493795685,True,0.3961128898424179,False,0.2478612,False,False,1,WATCH,train
2026-09-17 07:46:46.337176+00:00,0.01577630684323829,0.5771805171068127,0.13036888125672982,-0.5037313948150512,9.762056503261684,0.021852111863602773,26,35,2.1893866321257365,False,485.0359654461198,True,0.38673689088066465,False,0.20571388,False,False,1,WATCH,train
2026-09-17 07:51:28.456182+00:00,-0.020967944718273172,0.5393813205071625,0.11429329372830387,0.3052151250262307,9.762685487802603,0.0229395340454468,30,35,2.1116657196710977,False,484.3471814623417,True,0.38516421052870187,False,0.3454246,False,False,1,WATCH,train
2026-09-17 07:56:30.138790+00:00,-0.013755149869416028,0.5990767407734121,-1.0599584013565861,0.7515838593586234,9.762009500121584,0.016521501142450355,25,35,2.49119317093926,False,483.67069329624394,True,0.41002360132636595,False,0.120353356,False,False,1,WATCH,train
2026-09-17 08:06:34.618527+00:00,-0.03822689179586485,0.6317402991257283,-0.7996010496581599,1.2435183428926504,9.768578630279043,0.01826673121792021,28,35,2.560814189110651,False,483.0166653033904,True,0.41350766478492407,False,0.16521226,False,False,1,WATCH,train
2026-09-17 08:12:04.632263+00:00,-1.3440253692617057,6.3704497161034555,9.343088594014025,-28.042372178185655,9.850199101231945,0.11028399702586049,25,35,45.967793345152806,True,482.47266658113836,True,0.6936891681007651,True,0.20391762,False,False,3,WATCH,train
2026-09-17 08:16:27.117236+00:00,-1.0916895161004516,5.56059911343442,1.9341621874834642,-6.982886107800653,9.850019681715798,0.02201703885630401,20,35,11.219228990279536,False,481.92321752217185,True,0.5275965256875416,False,0.1314635,False,False,1,WATCH,train
2026-09-17 08:21:28.689053+00:00,-0.9383016948813603,5.159243087029286,1.069767256280851,-3.7322286007749383,9.860116524946658,0.022803508501982747,30,35,6.552947175682928,False,481.37710143340576,True,0.4768747089845781,False,0.30476463,False,False,1,WATCH,train
2026-09-17 08:26:33.321541+00:00,-0.881523076734093,4.891898784287603,0.4687322659518621,-2.5496816645033027,9.855111376345114,0.02353937678051863,29,35,4.840648350351341,False,480.8363473025546,True,0.4436284566751555,False,0.2537623,False,False,1,WATCH,train
2026-09-17 08:31:34.977773+00:00,-0.8493012185670955,4.7058021355194946,0.26134890343935496,-0.4781911016239024,9.86010650235239,0.019886718421098078,29,35,3.2709557688028585,False,480.3020845854753,True,0.38532816903582234,False,0.23458982,False,False,1,WATCH,train
2026-09-17 08:36:32.778845+00:00,-0.8120949672678692,4.5794660973631585,1.0375801691192506,-1.8235340604874293,9.859979712935386,0.018287447252782585,27,35,4.3289782520156574,False,479.77507374919026,True,0.42961964482518084,False,0.1617628,False,False,1,WATCH,train
2026-09-17 08:41:27.787898+00:00,-0.782642966935406,4.438483126796435,0.6597040212714456,-1.584814703438558,9.85801183677518,0.014740554623801617,27,35,4.360845269789897,False,479.2548089174431,True,0.4309415243410909,False,0.1175009,False,False,1,WATCH,train
2026-09-17 08:46:33.746143+00:00,-0.7158380521602064,4.351549825213237,-1.0735177299678067,-2.6844999557262583,9.879765830899723,0.07378238272108052,25,35,8.278699306557185,False,478.74194488590814,True,0.5508481536165103,False,3.624255,False,False,1,WATCH,train
2026-09-17 08:51:28.063953+00:00,-0.6666151204213653,4.1819922735176585,-0.4786573863671302,-1.4528488803284143,9.860365521559363,0.021101673209603395,28,35,3.2787898012325467,False,478.2348143832504,True,0.40905466905884175,False,0.21287599,False,False,1,WATCH,train
2026-09-17 08:56:29.629570+00:00,-0.6510525859489222,4.077231082461,0.21171863462900098,-0.5232415003830297,9.865758128576864,0.018202239973762472,31,35,2.9526743437006737,False,477.7342461359948,True,0.3812118524413157,False,0.20057105,False,False,1,WATCH,train
2026-09-17 09:06:31.642191+00:00,-0.6394681575809531,3.9465256229995873,1.0473262149327531,-0.3176959159353278,9.867122287379603,0.020442330808616124,30,35,2.991450862485365,False,477.24731285438764,True,0.39162043143052105,False,0.1981458,False,False,1,WATCH,train
2026-09-17 09:11:32.509441+00:00,-0.5661478602310275,3.902797150708335,0.2645124213487036,-1.0745197058937872,9.862415385712817,0.016940550419650223,26,35,3.1488352043711547,False,476.76714313752245,True,0.39696672426129015,False,0.15796839,False,False,1,WATCH,train
2026-09-17 09:16:31.528413+00:00,-0.5477733986602529,3.8148749471975187,0.5570410338819975,-0.7736481727322067,9.867626416244795,0.02012185103038228,30,35,2.72556207572968,False,476.2927022715644,True,0.3878491123161452,False,0.22673154,False,False,1,WATCH,train
2026-09-17 09:21:34.605955+00:00,-0.5759821217391036,3.7136591754825514,-1.2116707153713127,-0.8518559899848089,9.877645146692544,0.06599747469916326,30,35,6.661786812404021,False,475.82347613998166,True,0.504505899712104,False,0.89694184,False,False,1,WATCH,train
2026-09-17 09:26:35.609057+00:00,-0.5065247075407551,3.676340342478873,-0.5221560303289929,-1.2946726793082666,9.867324237172523,0.015590789022110509,27,35,3.4765728340773645,False,475.3602563954762,True,0.4086752314672559,False,0.090931736,False,False,1,WATCH,train
2026-09-17 09:31:31.968274+00:00,-0.5067870159955602,3.637718182384654,0.6284324965987726,-1.3628601612872684,9.870591900638853,0.012777531299998788,28,35,4.286807431906175,False,474.90272580430127,True,0.44692089156879655,False,0.053269815,False,False,1,WATCH,train
2026-09-17 09:36:31.542604+00:00,-0.5167061432066775,3.5699574532258875,0.09520911914065738,-0.7112917693908087,9.8670999677412,0.02022374841615698,30,35,2.337963431749625,False,474.45009205741934,True,0.3803796290640795,False,0.28424513,False,False,1,WATCH,train
2026-09-17 09:41:33.227180+00:00,-0.4888293619455357,3.5237489613975943,-0.14511981670767446,0.04823653504604387,9.867348656164266,0.0265082242033153,22,35,2.215017954597589,False,474.0024196298859,True,0.38996859020944474,False,0.38102594,False,False,1,WATCH,train
2026-09-17 09:47:04.821724+00:00,-0.45523796521842885,3.4591761739313878,-0.38047238749497264,-1.5661828422079866,9.86927312117979,0.016704490414257263,25,35,3.3183651677830217,False,473.5601448797606,True,0.41081801161066334,False,0.17484921,False,False,1,WATCH,train
2026-09-17 09:51:27.782165+00:00,-0.43659459686004837,3.380091192135824,0.3089082044054902,-0.7553710590349675,9.868606770203506,0.024321915129273234,30,35,2.298779629248617,False,473.1206122263546,True,0.39161233997234485,False,0.41584677,False,False,1,WATCH,train
2026-09-17 09:56:29.760340+00:00,-0.44602726784704194,3.351938752703331,0.4284847243078975,-1.1086630519543426,9.868563082916564,0.018772945144216603,28,35,2.6460977135623245,False,472.68542819407816,True,0.39493875302374065,False,0.15318023,False,False,1,WATCH,train
2026-09-17 10:01:33.365824+00:00,-0.43201162822039757,3.2969221394747277,0.3814256268003468,0.13883741906540253,9.868820931741121,0.01999479640943479,31,35,2.0497454817014376,False,472.2538261027668,True,0.3754879740698462,False,0.18762639,False,False,1,WATCH,train
2026-09-17 10:06:32.369841+00:00,-0.4188693372026496,3.2261804629472786,0.014685618966348832,-0.11110409029737166,9.863374560762278,0.017813852287850145,30,35,2.0813238261873956,False,471.82522603073375,True,0.3743625727902045,False,0.1528743,False,False,1,WATCH,train
2026-09-17 10:11:34.351074+00:00,-0.4178551397355696,3.210853132107304,-0.2797109372918814,-0.7318719948736386,9.870421791654664,0.015390285244428903,29,35,2.854276544281829,False,471.4002525045062,True,0.38859947832250724,False,0.11443881,False,False,1,WATCH,train
2026-09-17 10:16:30.207918+00:00,-0.39181342535760894,3.141740943476502,-1.0879266873126685,0.4218515656003853,9.871182399211209,0.015477582354992227,30,35,3.24315572098763,False,470.97767629959446,True,0.39938342091756723,False,0.16436623,False,False,1,WATCH,train
2026-09-17 10:21:28.386206+00:00,-0.4332797498693559,3.1314697459027565,-0.339359884089562,-0.12480979721230004,9.866752067031053,0.018259589372239864,29,35,2.020260334860209,False,470.55817650616194,True,0.37524334773628754,False,0.2066463,False,False,1,WATCH,train
2026-09-17 10:26:30.162326+00:00,-0.3914932341122049,3.132439588458477,-0.13705030760281076,-0.40658646772956597,9.870691597766523,0.016695807857064378,20,35,2.331115938314646,False,470.1416234231947,True,0.3784410284709034,False,0.16173527,False,False,1,WATCH,train
2026-09-17 10:31:37.174588+00:00,-0.40853373519229985,3.0944152725204774,-0.13019948341190202,0.6280501794953786,9.873854778419382,0.017548980206896082,29,35,2.4426345660431186,False,469.72703401999263,True,0.3784479882933971,False,0.16715313,False,False,1,WATCH,train
2026-09-17 10:36:34.755817+00:00,-0.39608153565938997,3.100482168135634,0.2398751471713785,1.2262656977851902,9.871606855864568,0.01762347113067925,28,35,2.90611573904636,False,469.31483306301743,True,0.3943551851532305,False,0.12721956,False,False,1,WATCH,train
2026-09-17 10:41:26.579184+00:00,-0.3802825183221086,3.1184982295025,0.19954044015357797,-2.005499546597106,9.870738876250847,0.015006934584130587,29,35,3.799940118858879,False,468.9048991363375,True,0.441675479397088,False,0.0908204,False,False,1,WATCH,train
2026-09-17 10:46:29.310663+00:00,-0.4025438234839243,3.1185939819196,-0.09205400886507566,-0.4106618975381535,9.874050659870749,0.015347819244295333,30,35,2.641011739105497,False,468.49660333622967,True,0.38718344334884786,False,0.10978319,False,False,1,WATCH,train
2026-09-17 10:51:31.374864+00:00,-0.3829774179213991,3.1310801228025156,-0.2683489422576264,0.6868059657240315,9.877315279820998,0.014879620007166465,29,35,3.1241396253189917,False,468.0898300169727,True,0.39438419189102836,False,0.07882277,False,False,1,WATCH,train
2026-09-17 10:56:32.829577+00:00,-0.4043345970420447,3.1244161313973953,-0.4751710933867261,-0.09801724128405044,9.879584816996292,0.01682956460953446,29,35,2.397005331709503,False,467.68392801563704,True,0.3816152564714177,False,0.0698914,False,False,1,WATCH,train
2026-09-17 11:01:27.593525+00:00,-0.4096363300189026,3.115884463924756,-0.1764806965120499,-0.8707499996690551,9.876389486789613,0.01460539212727431,29,35,2.995111024342089,False,467.2785387927085,True,0.41183819592810156,False,0.11357309,False,False,1,WATCH,train
2026-09-17 11:06:32.381841+00:00,-0.48135305827337477,3.1657543389376923,-1.7115362209541438,3.2500047254177042,9.880866320355631,0.025277608193706017,27,35,5.759127051018491,False,466.8743255970007,True,0.47856705698379814,False,0.2172727,False,False,1,WATCH,train
2026-09-17 11:12:41.036261+00:00,-0.5490763037446985,3.170213544297979,1.6279907794270252,-2.192576755671706,9.87230783495468,0.036795728282433986,22,35,5.553411872587574,False,466.47015228365285,True,0.4950659067891925,False,0.3248901,False,False,1,WATCH,train
2026-09-17 11:16:32.867369+00:00,-0.44125477098635774,2.3660310737723704,4.134324399650146,-38.668940426846135,9.876586086754381,0.1923736208218512,29,35,60.57539318891411,True,466.0520552062915,True,0.7055636954708682,True,0.58809596,False,False,3,WATCH,train
2026-09-17 11:21:35.387736+00:00,0.19256630150858522,-0.7200721612394962,1.6087345286692099,-5.31002196790177,9.892151422499218,0.03321377736510419,27,35,9.486159782360584,False,465.5809695627895,True,0.5263078037330035,False,0.18885994,False,False,1,WATCH,train
2026-09-17 11:26:27.317944+00:00,0.23539640881128368,-0.8084239636719422,-0.12036113379238166,-1.0010538477580546,9.891872215950519,0.02177705214210589,25,35,3.0341761081979617,False,465.1074071265182,True,0.3929392785992701,False,0.21335363,False,False,1,WATCH,train
2026-09-17 11:31:30.413897+00:00,0.2680280104481686,-0.7785103801235557,0.3322359319553945,0.22112169478277108,9.89783794608219,0.015163631519026447,33,35,2.947902381928328,False,464.6330471443934,True,0.3882831759391119,False,0.13422754,False,False,1,WATCH,train
2026-09-17 11:36:32.106818+00:00,0.2682347588176668,-0.736365617975419,0.7595114442419819,1.0547964703921724,9.897416527645106,0.01513274595042156,30,35,3.4472419991654055,False,464.1577712580414,True,0.40660412869493573,False,0.14923255,False,False,1,WATCH,train
2026-09-17 11:41:37.387201+00:00,0.2778317323597168,-0.7115584364436155,-0.11317174598512746,0.5676235290257895,9.89959179221257,0.01591992077715926,28,35,2.9048641360937126,False,463.68096043076866,True,0.3839276182233622,False,0.13235779,False,False,1,WATCH,train
2026-09-17 11:46:29.712782+00:00,0.2634646519185211,-0.7477821376648349,-0.6508162147933779,-0.2573048179314311,9.89259007146139,0.0165792776977648,28,35,2.7863149264102103,False,463.2012555651641,True,0.383218197730362,False,0.13985401,False,False,1,WATCH,train
2026-09-17 11:56:35.112595+00:00,0.26059262015051043,-0.6824242757857012,0.025488204672314732,-0.4845173381452303,9.900548119044664,0.01730044957668894,24,35,2.598750753200882,False,462.71713190859373,True,0.37825957116869985,False,0.28915384,False,False,1,WATCH,train
2026-09-17 12:01:31.441452+00:00,0.2390467987154058,-0.656746389521335,-0.42040501702321786,0.19877266118350806,9.895722405434741,0.017636843934544247,29,35,2.5258477305146685,False,462.2301988851582,True,0.3749801866701875,False,0.16538905,False,False,1,WATCH,train
2026-09-17 12:06:29.751905+00:00,0.2613695895332754,-0.6700603690399457,1.5514296541889505,0.01593205991234578,9.892028104135141,0.01938795649734306,28,35,3.217276737075643,False,461.73947641554895,True,0.4029872872414812,False,0.15183127,False,False,1,WATCH,train
2026-09-17 12:11:26.488327+00:00,0.2604918338405588,-0.6696078022587924,-1.5952318401900614,-0.3771950087627953,9.89410459075185,0.024295055108701565,29,35,3.5481789526730183,False,461.24488084259565,True,0.4134618180334429,False,0.30716515,False,False,1,WATCH,train
2026-09-17 12:16:29.487967+00:00,0.2629562369321949,-0.6423105013876163,-0.13833191812215692,0.7174454598228427,9.897827818889995,0.032789459168767576,29,35,3.8894871212717192,False,460.7465521481934,True,0.4178448734323983,False,0.8494338,False,False,1,WATCH,train
2026-09-17 12:21:32.507965+00:00,0.23514196419749747,-0.6083847748000901,-1.268215079962757,0.3718089868756857,9.895784123556274,0.021771072363040246,28,35,3.0252220099171048,False,460.2442894644448,True,0.395193048410624,False,0.27642378,False,False,1,WATCH,train
2026-09-17 12:26:31.448771+00:00,0.25092607530626726,-0.5961689577607767,0.26256557273910597,1.4640548522999033,9.893558741248905,0.02152359881902786,28,35,3.1599832696260335,False,459.73741348190663,True,0.39818015094292575,False,0.26003984,False,False,1,WATCH,train
2026-09-17 12:31:32.252518+00:00,0.23246858310215635,-0.5989207526518293,1.3398317095598942,-0.22875248262975492,9.883628183980152,0.043816176381822156,29,35,5.800104061274072,False,459.22536152754594,True,0.46414575364965044,False,1.0867885,False,False,1,WATCH,train
2026-09-17 12:41:29.288039+00:00,0.13490062727659252,-0.13466508187515458,-0.3351621271636107,0.5938132648824805,9.891129576446842,0.01901248103736618,29,35,2.1385176572236584,False,458.710007638004,True,0.37530594716724813,False,0.22957876,False,False,1,WATCH,train
2026-09-17 12:46:27.984171+00:00,0.10933272067043673,-0.1652279349343873,-0.6305151657238623,-0.21923726062024912,9.885498991882239,0.021408720964441824,30,35,2.228310716905029,False,458.18809484544965,True,0.37678343864854547,False,0.17500773,False,False,1,WATCH,train
2026-09-17 12:51:29.953817+00:00,0.1437060814042457,-0.18430566186699943,1.260297264131835,-0.056332867522044486,9.887341870342267,0.02012185103038207,30,35,2.639393406588668,False,457.6595197219504,True,0.38932495337746287,False,0.20495623,False,False,1,WATCH,train
2026-09-17 12:56:31.950080+00:00,0.1626233145783898,-0.1810645798635318,0.45442468264689634,0.4735883436882199,9.888144594805178,0.018101565309847634,30,35,2.1113051445574174,False,457.1243655841263,True,0.3746598456493577,False,0.19087218,False,False,1,WATCH,train
2026-09-17 13:01:34.943276+00:00,0.17407789906164675,-0.16285011015074366,0.8986406906382904,-0.1423516979650536,9.888633556401395,0.015234980713362073,29,35,2.5375076914617694,False,456.5825943355538,True,0.3936199596560706,False,0.13382155,False,False,1,WATCH,train
2026-09-17 13:06:26.823221+00:00,0.15100464770920186,-0.17907045525149315,-0.6180798683767498,0.21245636959180172,9.885750630517867,0.01839081896551196,30,35,2.107444283161851,False,456.03333326614063,True,0.37693057436896826,False,0.19887438,False,False,1,WATCH,train
2026-09-17 13:11:28.133363+00:00,0.15536818498224247,-0.17386105176003416,0.4706228121589138,0.19868503985025696,9.891101197738672,0.017243356208503743,30,35,2.0367242347259777,False,455.47666050264394,True,0.37546150875927603,False,0.19082433,False,False,1,WATCH,train
2026-09-17 13:16:30.115290+00:00,0.19005971325432078,-0.15674389666969274,0.8046295484495356,-0.3177955306807923,9.888214005991719,0.01729161646579063,20,35,2.2683985981451147,False,454.91249625858666,True,0.3822448366689786,False,0.11679603,False,False,1,WATCH,train
2026-09-17 13:21:32.098222+00:00,0.16518327319758214,-0.17003628915431557,0.2518812490974289,-0.6408249991614745,9.893531738403816,0.019093337988826512,30,35,2.1355410932740035,False,454.34004679522724,True,0.37825630486129913,False,0.20973182,False,False,1,WATCH,train
2026-09-17 13:26:34.305884+00:00,0.19822628790280133,-0.16370353289332076,0.035991783953513365,-0.6020768882939693,9.89845749127639,0.017419640568939194,28,35,2.0993263989293633,False,453.7593707445858,True,0.37769094958505756,False,0.16601704,False,False,1,WATCH,train
2026-09-17 13:31:28.273356+00:00,0.1878071468737185,-0.1707670405584188,0.6093716153664716,0.7965482372421013,9.894462174404847,0.017876116903722886,30,35,2.3003792964245386,False,453.16997069749794,True,0.38190181798005735,False,0.20768268,False,False,1,WATCH,train
2026-09-17 13:36:28.113069+00:00,0.16771043555513868,-0.19337021231699467,-0.4548626121386683,-0.03533520718501543,9.898061092239248,0.020604745947367706,30,35,1.9791159197969952,False,452.57131699017003,True,0.3740849448536967,False,0.27031115,False,False,1,WATCH,train
2026-09-17 13:41:30.419132+00:00,0.17130514493357069,-0.15467076061419663,0.405075271764395,-0.2749332727617921,9.893915690590132,0.020483055327649886,30,35,2.0085171280682985,False,451.96418734331183,True,0.375394158035837,False,0.18944348,False,False,1,WATCH,train
2026-09-17 13:46:33.950220+00:00,0.12320404968272955,-0.171177393726516,-1.2502955213593085,0.047565560936219026,9.900913500335957,0.017440232574347455,29,35,2.5430050039213703,False,451.3473879614681,True,0.39749216706881946,False,0.13444264,False,False,1,WATCH,train
2026-09-17 13:51:34.590285+00:00,0.13887621698536728,-0.17196484688702118,-0.27009234347963873,-0.25518236228754293,9.897019460661618,0.01653735008038899,29,35,1.9480821345145247,False,450.7209323345701,True,0.3794628510277607,False,0.1581245,False,False,1,WATCH,train
2026-09-17 13:56:27.655976+00:00,0.12636637200794243,-0.17133848483916722,0.760499756119355,-0.3479985171372747,9.904392555184069,0.016931233465600454,30,35,2.1455302231227638,False,450.084595938414,True,0.38401871371613056,False,0.13744259,False,False,1,WATCH,train
2026-09-17 14:01:28.594933+00:00,0.14248737760191169,-0.1692190975930202,0.5532853984944248,0.3517311777070884,9.885686600342673,0.019563997546514188,20,35,1.961093658272133,False,449.4381602998791,True,0.3786768633170598,False,0.15605913,False,False,1,WATCH,train
2026-09-17 14:06:31.501934+00:00,0.1663898718033634,-0.17624200178871122,1.2014405497944127,-0.3557152404107182,9.89167615064583,0.017048949136726263,30,35,2.493736852026802,False,448.78123140609085,True,0.39612932683732477,False,0.12920293,False,False,1,WATCH,train
2026-09-17 14:11:32.971770+00:00,0.1640184670471195,-0.19730912231126452,-0.2705239919686808,-0.09451128485702882,9.893493151595928,0.020669354663903638,30,35,1.8774819765844522,False,448.11333705032666,True,0.3782590036383079,False,0.23056656,False,False,1,WATCH,train
2026-09-17 14:16:34.951860+00:00,0.15466012927967368,-0.18513499407734418,-0.025070121475264828,-1.114845427314574,9.898337760590557,0.01559749362468778,29,35,2.5215220052110654,False,447.43481198551154,True,0.40027240691412486,False,0.11819577,False,False,1,WATCH,train
2026-09-17 14:21:26.804189+00:00,0.1675845499932026,-0.15451614011993237,0.35261943746057794,0.7384451760818526,9.89371023906208,0.019136933459210068,30,35,1.9854140034607346,False,446.74574518932997,True,0.3817719923391804,False,0.21513738,False,False,1,WATCH,train
2026-09-17 14:26:29.088476+00:00,0.14506051730301117,-0.15936768285507558,0.26694678055621235,-0.005911591594538866,9.89477217289184,0.015595583420386418,30,35,1.8940044729292032,False,446.0453165613039,True,0.38476223121344977,False,0.12073737,False,False,1,WATCH,train
2026-09-17 14:31:30.959776+00:00,0.1446029159177573,-0.16232797013162573,-0.167522370156684,-0.26727037383549257,9.897585191268195,0.01831810342799119,29,35,1.6825778499616892,False,445.3333449829241,True,0.379818677285494,False,0.11932972,False,False,1,WATCH,train
2026-09-17 14:36:34.401821+00:00,0.14875455050537878,-0.17010476000556846,1.137015866594237,-0.15502338416783432,9.89364614259182,0.020773915267844147,30,35,2.424459346382545,False,444.60954104923087,True,0.39330463052188186,False,0.23418082,False,False,1,WATCH,train
2026-09-17 14:41:35.256433+00:00,0.12887988633675154,-0.15076814035179414,-0.7861048717244898,-0.23756062727324034,9.894947598198625,0.015644487847162384,20,35,2.172997180248955,False,443.8741624210862,True,0.39784370831012755,False,0.11604178,False,False,1,WATCH,train
2026-09-17 14:46:37.300389+00:00,0.13986115412771702,-0.15150281450306402,-0.7152909739565015,0.2540784376206316,9.88475186300529,0.019384095617317815,29,35,1.9696682181009328,False,443.1266722224416,True,0.38367210510229977,False,0.20762241,False,False,1,WATCH,train
2026-09-17 14:51:29.777524+00:00,0.1792254423888429,-0.17402288122654147,-1.4567347206239822,-0.7854425030362475,9.89232664533285,0.018102627239181893,29,35,2.869318822967557,False,442.39931733171886,True,0.424025759712237,False,0.20200267,False,False,1,WATCH,train
2026-09-17 14:56:33.528764+00:00,0.13962672069669005,-0.18654637757316558,0.7844297036000851,-1.056532499067639,9.896968678983354,0.016316317667360854,30,35,2.543982242067013,False,441.66420958492546,True,0.40652011452314957,False,0.0869832,False,False,1,WATCH,train
2026-09-17 15:01:34.132989+00:00,0.16321278217379048,-0.1608243788111551,0.1600565558873829,-0.37662487875089634,9.887267713164631,0.01308519095092704,30,35,2.4310509189777063,False,440.9167415181694,True,0.4245369659541589,False,0.09970887,False,False,1,WATCH,train
2026-09-17 15:06:36.119870+00:00,0.1590374334501417,-0.17301414726120865,0.8678066430839393,1.5931711792428591,9.897107527894278,0.01940439672458046,28,35,2.9499476399461426,False,440.1562334443043,True,0.42076096994477136,False,0.1988429,False,False,1,WATCH,train
2026-09-17 15:11:29.222556+00:00,0.15159707486905677,-0.17779360043634432,0.7331319523006588,0.41082232179488104,9.886525164611628,0.01579029237643638,30,35,2.027440430166189,False,439.38245779473397,True,0.3940520728097924,False,0.16243175,False,False,1,WATCH,train
2026-09-17 15:16:30.176336+00:00,0.13224843593750374,-0.20083738780656085,0.4621767705929284,0.05628926167743085,9.89300360445015,0.0197456042928268,30,35,1.7161474855436836,False,438.5950359033305,True,0.3822729191395179,False,0.15986334,False,False,1,WATCH,train
2026-09-17 15:21:31.732415+00:00,0.1344981162769528,-0.19284365878165172,0.546383455556724,-0.858055247505378,9.895509784586668,0.018017035141535683,29,35,2.151449473884999,False,437.7942054071056,True,0.39615533211156195,False,0.14965051,False,False,1,WATCH,train
2026-09-17 15:26:33.816231+00:00,0.1097253039374124,-0.20975840911263638,-0.7166895955133363,0.49257619432590105,9.895550746522307,0.019563997546514073,20,35,1.9388510739993987,False,436.9793252194779,True,0.3887828061294714,False,0.20383205,False,False,1,WATCH,train
2026-09-17 15:31:36.106772+00:00,0.10251189334389048,-0.17407366046684417,-0.7270910321795836,0.305595360810327,9.89191684996478,0.015511401178794392,27,35,2.0487326460268642,False,436.1505723238918,True,0.39626075788139725,False,0.14224909,False,False,1,WATCH,train
2026-09-17 15:36:27.576584+00:00,0.11853257026285544,-0.1887785237949665,0.19501295320078915,-1.2802054205117475,9.890663038994454,0.017296463729634056,29,35,2.476404846779468,False,435.3082335496164,True,0.4114520227541284,False,0.15740919,False,False,1,WATCH,train
2026-09-17 15:41:30.314546+00:00,0.1268039242473201,-0.22314518606956232,-0.3403380577020525,-0.2303504284191602,9.89638055349513,0.014851112939963633,30,35,1.9003201462858006,False,434.4520382887361,True,0.4019722406280722,False,0.12559992,False,False,1,WATCH,train
2026-09-17 15:46:31.805743+00:00,0.1220084797505613,-0.20805084779822275,0.11243679701820077,0.13778540303706216,9.899314393153436,0.018345450541089586,30,35,1.4094579971580583,False,433.581625797159,True,0.3845968851950494,False,0.18762177,False,False,1,WATCH,train
2026-09-17 15:51:35.424969+00:00,0.12977003064754664,-0.22216224127131995,0.9494712350994632,0.6089325321754849,9.89054358071625,0.01921804707386646,30,35,2.131537593806877,False,432.6971085280693,True,0.4057338351344623,False,0.1684007,False,False,1,WATCH,train
2026-09-17 15:56:35.950600+00:00,0.143233853696463,-0.22266395464374178,-0.2561426903434995,0.4232473429850872,9.890132721613838,0.020017827963724425,29,35,1.7120948490956178,False,431.7984809271747,True,0.38975493348293233,False,0.25385737,False,False,1,WATCH,train
2026-09-17 16:01:28.000306+00:00,0.12424813737433989,-0.23057205749244422,-0.15595562339961735,-0.06484302842554301,9.888951336964574,0.015524174696260424,30,35,1.6479983685137087,False,430.8850497322247,True,0.3987415545191418,False,0.09136185,False,False,1,WATCH,train
2026-09-17 16:06:31.125057+00:00,0.09591445051899772,-0.2084834781799487,1.5032466490281498,-0.2420599239546851,9.888650781177255,0.016768969768815613,22,35,2.557658114167939,False,429.956549118148,True,0.4280946552475883,False,0.13353723,False,False,1,WATCH,train
2026-09-17 16:12:12.305918+00:00,0.09683892175008087,-0.19071826164020564,1.038641237718896,-0.8304111219515313,9.892631399329577,0.020387904911164312,30,36,2.592797351316153,False,429.0104844963853,True,0.42193521565597275,False,0.20482448,False,False,1,WATCH,train
2026-09-17 16:17:15.955175+00:00,0.12915456841251988,-0.1846337344347283,-0.20171441141138388,-0.45787346541543233,9.896723829287112,0.01695633058112554,27,36,1.5705537509982137,False,428.05026856990224,True,0.39639365474755517,False,0.08691058,False,False,1,WATCH,train
2026-09-17 16:22:16.875200+00:00,0.09493900891147768,-0.20417037317394565,-0.10956431145354217,-1.2376771987465163,9.890056405391498,0.014685593847940862,30,36,2.494568606628692,False,427.0746168223579,True,0.4345320559753781,False,0.10404703,False,False,1,WATCH,train
2026-09-17 16:27:19.164887+00:00,0.13272265866982044,-0.21653557791753086,1.738770030030074,0.4874712115011171,9.889188572291262,0.014196147795965577,28,36,3.0396441993299854,False,426.0847736852684,True,0.463032467296908,False,0.10340747,False,False,1,WATCH,train
2026-09-17 16:32:21.166464+00:00,0.12497070604309149,-0.20838009578229727,0.6896306910218851,0.3062993204273222,9.892373066748274,0.020083061763532754,29,36,1.8424832286496056,False,425.0798509917701,True,0.4012741347321867,False,0.22293094,False,False,1,WATCH,train
2026-09-17 16:37:13.005258+00:00,0.12619213501875423,-0.21561601063117214,-0.47691712538737796,0.6358664171127522,9.888071850516209,0.01821078397711741,28,36,1.7900857252540898,False,424.0599600018503,True,0.3979089373125034,False,0.15777662,False,False,1,WATCH,train
2026-09-17 16:42:16.426644+00:00,0.09983372750624254,-0.18660542194084442,0.051582527020668775,0.38148298686597426,9.890072320562554,0.01845414738088884,30,36,1.433996055357938,False,423.0245536716429,True,0.3939714018971508,False,0.16755839,False,False,1,WATCH,train
2026-09-17 16:47:17.460078+00:00,0.11221093528753937,-0.18412598270102765,-0.5674329705471812,-0.09729688726068511,9.887474891813401,0.02010673067188066,29,36,1.77537116004287,False,421.9742993629395,True,0.39934367662886383,False,0.23085472,False,False,1,WATCH,train
2026-09-17 16:57:22.150304+00:00,0.10465300173135214,-0.18936624504830044,-0.2309361019628755,-0.2263472961830643,9.891314145815683,0.013879042618964632,29,36,1.9250637129531185,False,420.89367615356383,True,0.42292872672380616,False,0.12628508,False,False,1,WATCH,train
2026-09-17 17:02:14.187221+00:00,0.09941394432446483,-0.21610909535215367,0.014145009083043681,-0.04578103301414043,9.89497598980223,0.021052843566184407,30,36,1.6698878760174647,False,419.7978139475401,True,0.40044414803981965,False,0.23248135,False,False,1,WATCH,train
2026-09-17 17:07:17.423818+00:00,0.10297802632279102,-0.2010061901814405,-0.9419068653354653,-0.11828780890260114,9.895563873565322,0.017026123718829833,30,36,1.9018078487985168,False,418.68686396650384,True,0.4175094519569083,False,0.14231692,False,False,1,WATCH,train
2026-09-17 17:12:17.847995+00:00,0.11697004584055846,-0.2031490726698875,0.11903057437305427,-0.013102168623111907,9.893472990455791,0.015132745950421902,30,36,1.5612246423254623,False,417.5610142228159,True,0.41292778819138004,False,0.13515282,False,False,1,WATCH,train
2026-09-17 17:17:19.948207+00:00,0.09869311334185973,-0.2041916448031502,0.47424743262277813,0.7270403376009745,9.892398001290244,0.01776701062831557,30,36,1.7701582939574483,False,416.41968265962817,True,0.4144530164203868,False,0.091123804,False,False,1,WATCH,train
2026-09-17 17:22:22.412088+00:00,0.10397064705561657,-0.20667929979687363,0.16861831086962,-1.7379666227547326,9.887916707443496,0.01666627030840667,29,36,2.9728577858054814,False,415.2633106760207,True,0.44658982345339654,False,0.1849645,False,False,1,WATCH,train
2026-09-17 17:27:14.252451+00:00,0.11314484795409614,-0.2264111892130075,-0.06930235913726052,-1.0019074184403434,9.886295586505177,0.013780017739062908,30,36,2.3632533408516685,False,414.0919890118787,True,0.4521679257688435,False,0.11927545,False,False,1,WATCH,train
2026-09-17 17:32:16.250170+00:00,0.11003409578185776,-0.2065183748128416,-0.220911623862937,-0.7795663274873601,9.896088909074448,0.01406170576417086,23,36,2.136233013817047,False,412.9055210210848,True,0.4468096071344825,False,0.11124696,False,False,1,WATCH,train
2026-09-17 17:37:49.765246+00:00,0.09515042858467347,-0.2093272126321022,-0.40410402799594425,-1.5716649622243082,9.892579693248853,0.016932043630611397,27,36,2.7615750253570774,False,411.7037265608731,True,0.4504538292862251,False,0.14401604,False,False,1,WATCH,train
2026-09-17 17:42:20.603838+00:00,0.1067568451814359,-0.21265472470195923,0.4867619564888055,0.3747856730576752,9.897451151917174,0.013540795804187667,29,36,2.162921984744704,False,410.4871292185829,True,0.45470987317602346,False,0.06780797,False,False,1,WATCH,train
2026-09-17 17:47:13.577774+00:00,0.10867964419319938,-0.19194982795011015,0.26139858780995145,0.3825499373359853,9.899182245979807,0.018987448135084767,29,36,1.5376136606564648,False,409.25560119792056,True,0.4154874286216849,False,0.17748477,False,False,1,WATCH,train
2026-09-17 17:52:14.637754+00:00,0.13164703092772967,-0.20780633149787764,-0.44109128268701714,0.4582971004418629,9.892068921844952,0.019723082923316333,30,36,1.7738123337224256,False,408.0095812216636,True,0.4201857209225388,False,0.20944956,False,False,1,WATCH,train
2026-09-17 17:57:17.330227+00:00,0.1071641272650056,-0.19268941917120547,0.3053343969636015,0.383405779801957,9.890337349111668,0.01694763175851523,30,36,1.534161587095424,False,406.74826818370497,True,0.4175774618251323,False,0.12286627,False,False,1,WATCH,train
2026-09-17 18:02:19.417885+00:00,0.11139718366382668,-0.22420494261540289,-0.04971377174038588,-0.1354221234624331,9.888374312843354,0.01615549442140393,30,36,1.4843808957415257,False,405.4722546243931,True,0.42068358509823944,False,0.15086748,False,False,1,WATCH,train
2026-09-17 18:07:21.392186+00:00,0.10468730234704715,-0.21630285151859688,-0.10892042233951867,1.0720993591876091,9.891373910876224,0.018898223650461735,28,36,2.133114612931682,False,404.1814181410597,True,0.4437143497765961,False,0.17915218,False,False,1,WATCH,train
2026-09-17 18:12:13.447712+00:00,0.08137844509247405,-0.199169386287306,0.6108479155545862,0.5503317363786425,9.89340317976411,0.02015398509821054,29,36,1.966436814710289,False,402.875540361613,True,0.439113062428358,False,0.20308478,False,False,1,WATCH,train
2026-09-17 18:22:18.269178+00:00,0.08558729628334262,-0.1986719409975356,-0.3907615649198619,-1.6919234276857587,9.88559093172945,0.015673542313605203,29,36,2.9676743786405004,False,401.54078447346564,True,0.47374848788098056,False,0.1010757,False,False,1,WATCH,train
2026-09-17 18:27:19.687822+00:00,0.1016666488168098,-0.22770164682074717,-0.6919181604092826,-0.06512045798964727,9.890208310892483,0.014126413400278478,30,36,2.144796839302534,False,400.1919973223502,True,0.46677184250308096,False,0.07732865,False,False,1,WATCH,train
2026-09-17 18:32:22.083826+00:00,0.09783963371258049,-0.22719977843463948,-0.2181546669577971,-0.45264257670240027,9.890711677847863,0.0184591641398183,27,36,1.7116760721499504,False,398.8289278814742,True,0.42972033016988276,False,0.14996268,False,False,1,WATCH,train
2026-09-17 18:37:14.248722+00:00,0.07124706513879346,-0.22605594686358293,-0.005702025791625937,0.47277439221034945,9.888074974233835,0.020931740374418313,28,36,1.9295293129802322,False,397.45127983800614,True,0.43614067548586405,False,0.22235592,False,False,1,WATCH,train
2026-09-17 18:42:13.961706+00:00,0.10077045217083613,-0.22618468110405168,0.5272886803440275,-0.7803694167987895,9.884669113188192,0.017521856573672837,29,36,2.088859286547602,False,396.0601995975792,True,0.4443692842319978,False,0.13160089,False,False,1,WATCH,train
2026-09-17 18:47:19.031086+00:00,0.0905626130097229,-0.19987556231837136,0.23670359487579512,-0.08653679702139179,9.891403726441364,0.013994284547629101,25,36,1.955142850937542,False,394.65509535024836,True,0.45965492422726534,False,0.08030634,False,False,1,WATCH,train
2026-09-17 18:52:18.240153+00:00,0.10719396935155849,-0.23680694617020326,0.0010886426500796495,-0.07861317897832451,9.887709637166177,0.019494198655314217,29,36,1.722201442050727,False,393.23659376350594,True,0.43187429027244034,False,0.22197086,False,False,1,WATCH,train
2026-09-17 18:57:19.703132+00:00,0.11095821907185663,-0.21717644051072327,-0.3972363231843544,1.0660813463546908,9.89335111656069,0.019940740610485966,26,36,2.3986030913220406,False,391.80460518602797,True,0.46738717598709995,False,0.23130277,False,False,1,WATCH,train
2026-09-17 19:03:22.402689+00:00,0.10024521281875061,-0.19930937222669415,0.4131227565546484,-1.1972965887100446,9.883039755227099,0.014000000000000424,20,36,2.6253075288127774,False,390.35635489847556,True,0.4876958380029455,False,0.09570339,False,False,1,WATCH,train
2026-09-17 19:07:14.033236+00:00,0.09051069898262466,-0.20365554553173643,0.47822589994514514,0.08621888391745829,9.879516100824809,0.0172068619998274,29,36,1.7330452137756125,False,388.8973425503076,True,0.4434951421904144,False,0.1631519,False,False,1,WATCH,train
2026-09-17 19:12:16.217096+00:00,0.0559150081374091,-0.2301189219313944,0.34678294388473385,-0.30012060664582435,9.890719810053321,0.019779338265529266,30,36,1.9297371657387143,False,387.42461707122425,True,0.44758405122284095,False,0.2051798,False,False,1,WATCH,train
2026-09-17 19:17:18.103038+00:00,0.1088100561676662,-0.2142735061814464,-0.1282984634276911,0.04786714408484248,9.883513169111609,0.01382831234179478,30,36,2.0719727373433328,False,385.9399411526675,True,0.47544549240046946,False,0.11183814,False,False,1,WATCH,train
2026-09-17 19:22:20.389026+00:00,0.09184671098455376,-0.23642808507364074,-0.8104539914937233,-0.12286747160035419,9.8865931909985,0.019032136564827228,30,36,2.1001031016583678,False,384.4422191462993,True,0.4655100307967381,False,0.18599363,False,False,1,WATCH,train
2026-09-17 19:27:22.256644+00:00,0.0933618448622863,-0.2332258851871915,-0.4439275726795896,-0.3349404219794231,9.890672970883317,0.01731707521308959,29,36,1.8731415290267615,False,382.93196960786,True,0.4528374227874598,False,0.1185494,False,False,1,WATCH,train
2026-09-17 19:32:14.105374+00:00,0.0900261372004642,-0.23232548854971938,-1.4294989928993818,-0.6345731847343014,9.888715417200016,0.015434449203720706,30,36,2.8621397488929174,False,381.4092923665329,True,0.5077652893500882,False,0.05093235,False,False,1,WATCH,train
2026-09-17 19:37:16.389915+00:00,0.09321066668011475,-0.24390028553814466,-0.06873654571743695,0.07655584234611103,9.893222913122305,0.017916472867169228,30,36,1.7863529028198222,False,379.8745001440178,True,0.44690890251443927,False,0.17718571,False,False,1,WATCH,train
2026-09-17 19:42:18.579910+00:00,0.09217362844639536,-0.20983631772962125,0.7314255128855334,-0.09674847743370044,9.888696394738478,0.016613247725836458,20,36,2.044656502404372,False,378.3277159048861,True,0.46101671520427884,False,0.14395504,False,False,1,WATCH,train
2026-09-17 19:47:20.658271+00:00,0.08450968581339419,-0.2362767638721565,0.355018906418579,0.1697612520131426,9.89192058737128,0.02040610293174304,29,36,2.098834276774186,False,376.7690245239621,True,0.4619844639250403,False,0.2895844,False,False,1,WATCH,train
2026-09-17 19:52:12.807965+00:00,0.09799523649274464,-0.24874909828946412,-0.21185896681727337,-0.14301386368375446,9.88735045910136,0.019821424996424985,30,36,2.00649487995696,False,375.1990221364144,True,0.4580862772446893,False,0.20063455,False,False,1,WATCH,train
2026-09-17 19:57:14.587155+00:00,0.08457680276554295,-0.2491504268990998,0.1465879467061073,-0.8506557625878554,9.890121995664607,0.016802777548171412,30,36,2.218534139705644,False,373.6174355809487,True,0.46486318387284764,False,0.08483081,False,False,1,WATCH,train
2026-09-17 20:02:16.972472+00:00,0.06012935388733538,-0.26269091470097383,-0.4430281528463152,0.06796913323352163,9.887668266790676,0.016733200530681936,30,36,1.9901363383318895,False,372.02428609170033,True,0.4575055658736737,False,0.12664172,False,False,1,WATCH,train
2026-09-17 20:07:18.957205+00:00,0.08029488366256984,-0.2360141473568637,-0.5259234600723544,0.3864967290617691,9.888423807802946,0.016802777548171815,30,36,2.1570003504166384,False,370.42061313732336,True,0.4664272897229926,False,0.15085343,False,False,1,WATCH,train
2026-09-17 20:12:20.839119+00:00,0.08443903632976912,-0.2751292759069497,-0.7906531249877709,0.5047473735874194,9.887652568931076,0.014225966444646156,29,36,2.699872252504169,False,368.8063575425812,True,0.4992415505956943,False,0.10089114,False,False,1,WATCH,train
2026-09-17 20:17:12.776648+00:00,0.09431940097562547,-0.2551742553939147,0.033579342648602704,-0.8892801830033522,9.888044109015937,0.01827262676488797,30,36,2.3488990762834274,False,367.18186129419774,True,0.47342086140895523,False,0.13837261,False,False,1,WATCH,train
2026-09-17 20:22:15.377976+00:00,0.071831224160218,-0.25789866509057835,-1.0660681733120303,0.8835669378625696,9.89129543123064,0.014360439485692395,30,36,3.1807828382349577,False,365.54677765480847,True,0.5256573675246886,False,0.089014545,False,False,1,WATCH,train
2026-09-17 20:28:57.812983+00:00,0.08485613601920768,-0.24478341267935422,1.3282497058985934,0.8061585710147428,9.888466611837137,0.01670329308849042,20,36,2.9980677118075776,False,363.90004446695997,True,0.5119946445507255,False,0.118752226,False,False,1,WATCH,train
2026-09-17 20:32:19.262222+00:00,0.07725056871274037,-0.2831938321738161,-0.2946275576767337,-0.6054454868275461,9.888846505453722,0.014817407180595597,30,36,2.377945569281712,False,362.2454503023673,True,0.485945349396679,False,0.11421345,False,False,1,WATCH,train
2026-09-17 20:37:21.228360+00:00,0.07616724557799034,-0.2613763561612659,0.4813110578084659,0.6597642023176803,9.885690072566096,0.01637840287867329,29,36,2.408810051306796,False,360.5814145683141,True,0.48002117560284685,False,0.13089354,False,False,1,WATCH,train
2026-09-17 20:42:13.468475+00:00,0.07301752376008312,-0.2650091447741087,0.6248099145923018,0.6868582451038125,9.890476379579809,0.016206994374857953,30,36,2.5649388457744293,False,358.9081608287092,True,0.4866660307722692,False,0.13738245,False,False,1,WATCH,train
2026-09-17 20:47:17.091806+00:00,0.07597245458939965,-0.2466851108110964,-0.563527681165582,0.4106691703847192,9.887199141650287,0.0180892847349538,30,36,2.3521169667402537,False,357.2260657585706,True,0.4861221113776727,False,0.1738828,False,False,1,WATCH,train
2026-09-17 20:52:17.321362+00:00,0.0754129480500955,-0.25161944715783896,-0.5651970311685776,-0.6510588211801596,9.888459990940781,0.016017351702312298,30,36,2.4563307472045843,False,355.5353351543482,True,0.4905553084465735,False,0.11147986,False,False,1,WATCH,train
2026-09-17 20:57:19.517751+00:00,0.08093938692038,-0.27670790985495,-0.1189198199917386,0.142370222322931,9.888161007101838,0.02040969268645585,30,36,2.3392193995687625,False,353.83635368929725,True,0.4873308846806698,False,0.18625551,False,False,1,WATCH,train
2026-09-17 21:02:21.412770+00:00,0.07955315755135108,-0.30387061271085536,0.0950159690576576,-0.5460898806306875,9.890693840771238,0.019633987373085412,29,36,2.4277327764096155,False,352.12927337630964,True,0.48706259950200315,False,0.15938409,False,False,1,WATCH,train
2026-09-17 21:07:13.442160+00:00,0.08300309107173355,-0.25575712549520146,-0.3397479780635949,-0.387627292643454,9.887553846187776,0.0200686322403897,20,36,2.4213878627424203,False,350.4144639542359,True,0.4938218033577551,False,0.27187356,False,False,1,WATCH,train
2026-09-17 21:12:15.932841+00:00,0.06256061464802123,-0.27587650511639483,-1.036364657185641,-0.09370852932795805,9.887124870289675,0.018882678717691732,30,36,2.6706418211128633,False,348.6917758768476,True,0.5075363547640577,False,0.16557473,False,False,1,WATCH,train
2026-09-17 21:17:17.707647+00:00,0.08264998175977718,-0.24465805507449667,0.7250022290724865,-0.30266967781012816,9.884795485675607,0.018917951498217272,30,36,2.5346052694814993,False,346.9622359915809,True,0.501214982136484,False,0.13458496,False,False,1,WATCH,train
2026-09-17 21:22:19.682044+00:00,0.08326802507145184,-0.2662899369094337,-0.046838367266403606,0.14012266392434913,9.885004452838654,0.01516208722072597,30,36,2.4363183538930384,False,345.2257822443755,True,0.49670552257629114,False,0.12088981,False,False,1,WATCH,train
2026-09-17 21:27:21.666707+00:00,0.0668150496745953,-0.25551236927029647,0.28363106970879565,0.17292925917019536,9.890797435437996,0.016744566265074777,29,36,2.425346355801263,False,343.48239957386374,True,0.4975021597124157,False,0.12288766,False,False,1,WATCH,train
2026-09-17 21:32:13.917756+00:00,0.07616190576134126,-0.29581736123504615,-0.05520928356251008,-0.7548018127461636,9.892373688936626,0.016669999666733545,30,36,2.583217260534943,False,341.73285652272915,True,0.5069296000104312,False,0.14076771,False,False,1,WATCH,train
2026-09-17 21:37:15.692721+00:00,0.06393408431757934,-0.2786684121488759,0.5682427930566339,0.3183193145834426,9.89280761698452,0.018393839548428846,30,36,2.6243361392105173,False,339.97706221030154,True,0.5181739599211298,False,0.16170655,False,False,1,WATCH,train
2026-09-17 21:42:17.788116+00:00,0.05354717489922894,-0.29122116578056373,0.2521385339627739,0.6246187146469276,9.89154803098789,0.018749814813900565,30,36,2.685826377265803,False,338.2153548978333,True,0.513846667299167,False,0.14296776,False,False,1,WATCH,train
2026-09-17 21:47:19.973099+00:00,0.07722543285841305,-0.2860904687960019,0.2521310963656046,-0.9648742511038505,9.887713695737121,0.017792008193443697,30,36,2.760119152607162,False,336.4486622021322,True,0.5219304610991904,False,0.14387375,False,False,1,WATCH,train
2026-09-17 21:57:14.199173+00:00,0.0734554581807914,-0.2565759176257055,-0.2841785933934935,0.0017635233652699327,9.885040160062688,0.014681810363697183,30,36,2.6951966431921153,False,334.6720005813592,True,0.5278046261897424,False,0.12868288,False,False,1,WATCH,train
2026-09-17 22:02:16.172805+00:00,0.0631303654323961,-0.27751706752440275,-0.20231307431188195,-0.6436939810410754,9.886762977931955,0.014590712418826618,30,36,2.802942384550571,False,332.8906718515164,True,0.5350004233587379,False,0.119729586,False,False,1,WATCH,train
2026-09-17 22:07:18.473893+00:00,0.046094541932643486,-0.2664577422290158,0.02337878070496523,-0.5892193516481136,9.887481744516135,0.015040685563571682,30,36,2.739140197484302,False,331.1048707402302,True,0.5308583934679771,False,0.09272577,False,False,1,WATCH,train
2026-09-17 22:12:20.137604+00:00,0.0607450221406338,-0.25181628427078295,0.1880531078901642,0.16979937466346642,9.888686114999468,0.015691469727920095,30,36,2.7004570456045864,False,329.31549296069863,True,0.5236920800143373,False,0.12738349,False,False,1,WATCH,train
2026-09-17 22:17:22.328799+00:00,0.08247141302144066,-0.27680401698235996,0.061054697498937834,0.4288558345383117,9.891252109870347,0.01661002279176239,28,36,2.780549526348254,False,327.5229880317714,True,0.5216269714895277,False,0.10671457,False,False,1,WATCH,train
2026-09-17 22:22:14.065936+00:00,0.06981928803467347,-0.25260949862056203,-0.1948028230280659,-0.03824851424056126,9.884930061982837,0.016599866130652022,30,36,2.5912411964625632,False,325.72705248558043,True,0.518518941425487,False,0.11966026,False,False,1,WATCH,train
2026-09-18 04:44:05.777145+00:00,0.21247593640013893,1.016053537621322,0.31784459858472414,1.14999949376259,9.817417832847308,0.017697417131526217,29,37,2.40016985662503,False,324.54085295223587,True,0.44230793712072664,False,0.14922342,False,False,1,WATCH,train
2026-09-18 04:54:09.832749+00:00,0.21821452933979357,1.0861372950542967,0.98820903153909,-0.1681190437072953,9.820864591259962,0.015227173907462027,29,37,2.3670581162113122,False,323.3849584784857,True,0.4429420111745612,False,0.080885194,False,False,1,WATCH,train
2026-09-18 04:59:11.197082+00:00,0.20432857908409982,1.0750886578000707,-1.402152771872384,-0.8013483814330716,9.814607849182247,0.021768989156340908,30,37,2.5790500925148385,False,322.24394595541696,True,0.46345929230935784,False,0.23623364,False,False,1,WATCH,train
2026-09-18 05:04:14.512205+00:00,0.1870618244494904,1.0574823342456874,1.093785064899296,-0.015293945588576758,9.823047120791381,0.017824617908027668,29,37,2.1390399155862023,False,321.1177671983662,True,0.43196461896514454,False,0.086741336,False,False,1,WATCH,train
2026-09-18 05:09:07.593475+00:00,0.2117629432515841,1.1079535940432899,-0.06086565165014854,0.7023205874708442,9.821326858009963,0.023485219938411375,30,37,1.9832119303200033,False,320.0071923697931,True,0.42735063561955694,False,0.1596734,False,False,1,WATCH,train
2026-09-18 05:14:08.636769+00:00,0.19845990436658542,1.0803702920821507,1.0608136400349497,0.22743256540730297,9.82330732076654,0.01733653816526142,30,37,2.177244838961062,False,318.9115285567324,True,0.4289420156418308,False,0.14230245,False,False,1,WATCH,train
2026-09-18 05:19:11.251631+00:00,0.1897249563658217,1.1102121116010477,0.37443387848600274,1.8782021924722634,9.819039045420233,0.016451950239004375,30,37,3.409919337910825,False,317.8308506469968,True,0.45709289074416054,False,0.14521252,False,False,1,WATCH,train
2026-09-18 05:24:11.992400+00:00,0.173312658164721,1.1409608466098728,0.7589426247124155,-0.9067780182472531,9.813962670932456,0.018636561608071072,28,37,2.003362855162859,False,316.7650033962705,True,0.4258616595592564,False,0.1081581,False,False,1,WATCH,train
2026-09-18 05:29:16.833582+00:00,0.28776541972316294,1.1389722374791929,0.9143059582681237,0.5933250777316167,9.832306909727944,0.08889732751594291,29,37,8.742006616422913,False,315.716346475501,True,0.5622498679530192,False,4.3320413,False,False,1,WATCH,train
2026-09-18 05:34:06.327584+00:00,0.17945032897182084,1.1674416115798918,-0.0682574599680254,-0.05581778311002433,9.817973832321975,0.014654350889752843,20,37,2.0028455578587456,False,314.6807946023126,True,0.4144168993167372,False,0.14998227,False,False,1,WATCH,train
2026-09-18 05:39:11.114069+00:00,0.20310635434346888,1.1491496285786875,-0.2748383789316945,0.37889049902076677,9.819520504542961,0.019723082923316048,30,37,1.3903158600877765,False,313.66071321724195,True,0.4012389520808574,False,0.26951778,False,False,1,WATCH,train
2026-09-18 05:44:12.233457+00:00,0.19283762641189958,1.167047773099113,0.0927008042498886,-0.23309091099297385,9.823356358450358,0.021676920650519,30,37,1.366569049974277,False,312.6554405264699,True,0.4036576000887447,False,0.21675026,False,False,1,WATCH,train
2026-09-18 05:49:14.004014+00:00,0.14082352028858172,1.1697645321187162,1.913335884310826,0.03668245124495471,9.81675564783405,0.04845042331723744,29,37,6.030955765977342,False,311.6641652273305,True,0.5401413688798449,False,0.92980945,False,False,1,WATCH,train
2026-09-18 05:54:06.258330+00:00,0.20338593933354865,1.1382248193469024,-0.4000820809606244,-0.12801314331867475,9.815630773966745,0.01647972847634278,29,37,1.5200242069875212,False,310.6889146899933,True,0.40038068537257526,False,0.1865765,False,False,1,WATCH,train
2026-09-18 05:59:09.268200+00:00,0.1787231226264076,1.193436008701871,0.7594755788141498,-0.15383815280085886,9.820743237991593,0.0163312333788198,28,37,1.849980855746513,False,309.72803546938826,True,0.41090749180123026,False,0.17421848,False,False,1,WATCH,train
2026-09-18 06:04:09.298502+00:00,0.1865589571886592,1.1960763259679694,-0.25192237696365927,0.08642047461105026,9.819927100516837,0.018245242911205602,30,37,1.2371797667558626,False,308.78204659822484,True,0.3950469790730383,False,0.2236871,False,False,1,WATCH,train
2026-09-18 06:09:13.954364+00:00,0.18664728521911195,1.1940519658460325,-0.16490179408400307,-0.03945881373862553,9.822007346522382,0.01910206504252609,30,37,1.1342399621453174,False,307.85072742289657,True,0.395933255385636,False,0.18008855,False,False,1,WATCH,train
2026-09-18 06:14:15.818215+00:00,0.1804488867040121,1.2204991605558235,-0.45305308845443903,-1.483367768745115,9.82706039122278,0.0179164728671689,20,37,2.4782412180619127,False,306.9338769015697,True,0.4300699045614802,False,0.21992043,False,False,1,WATCH,train
2026-09-18 06:19:17.801161+00:00,0.19074045844448492,1.2152663717940688,0.0660501504808864,0.4662016692440049,9.822298262697233,0.016921164339841956,29,37,1.6462245201325696,False,306.0317016941984,True,0.39744778997992813,False,0.17673911,False,False,1,WATCH,train
2026-09-18 06:24:09.748798+00:00,0.15972000249805807,1.1953289727429808,0.21973520765693358,-0.6689870876378303,9.828039804960229,0.016623407990612727,29,37,1.7749847117602031,False,305.1433493001219,True,0.40672366118494074,False,0.13001691,False,False,1,WATCH,train
2026-09-18 06:29:12.438192+00:00,0.16787580657117054,1.2095860046636078,0.0906483079384299,0.7238769255610139,9.821918494397698,0.01849896356000252,29,37,1.6309303081380446,False,304.2694256320858,True,0.3934472073119858,False,0.16274457,False,False,1,WATCH,train
2026-09-18 06:34:15.195234+00:00,0.2535093595368652,1.1953682627481348,0.16128452540871266,-0.1547997040132121,9.845496720303968,0.11490884563941595,29,37,9.932119916487547,False,303.4112270714012,True,0.5447990348934706,False,6.6250167,False,False,1,WATCH,train
2026-09-18 06:39:07.286775+00:00,0.13313161319973302,1.2863685777242393,-1.423033591438192,0.31090083808936614,9.830209145020842,0.02121058435991066,30,37,2.363244311909822,False,302.56488243819837,True,0.4250291726666944,False,0.27608883,False,False,1,WATCH,train
2026-09-18 06:44:08.663916+00:00,0.13169331893853084,1.2459549406375554,-1.1075535671326466,0.2257544767609263,9.837167005528645,0.03467948480970655,30,37,3.536486870198543,False,301.73242948240977,True,0.445276370445375,False,0.4349195,False,False,1,WATCH,train
2026-09-18 06:49:09.534322+00:00,0.13608826789155348,1.2979930847611219,0.6176963090316859,2.2597899400246266,9.822522089035651,0.019550504398153562,30,37,3.649968570592913,False,300.91384027089623,True,0.44521674203548156,False,0.08536034,False,False,1,WATCH,train
2026-09-18 06:54:13.873943+00:00,0.20411946641594708,1.2993155991764518,0.9486327140944164,-0.7980407019247593,9.823284697544114,0.028676354952004133,30,37,3.0520290548005224,False,300.11013259369554,True,0.4363296161934464,False,0.25382748,False,False,1,WATCH,train
2026-09-18 07:04:08.088971+00:00,0.2582638502983432,1.280767217451016,-1.0976155266163996,0.04188836620970337,9.820144399057366,0.027608372321131492,30,37,2.521673208776536,False,299.3342487362128,True,0.4203438793234713,False,0.7587986,False,False,1,WATCH,train
2026-09-18 07:09:10.168956+00:00,0.28061527873181585,1.2812702234114148,1.470279118712575,-0.5752020303567669,9.823576688104437,0.018089284734953547,30,37,2.495069621952551,False,298.57195409515896,True,0.41805163994291605,False,0.19423544,False,False,1,WATCH,train
2026-09-18 07:14:11.939481+00:00,0.2752523588211277,1.2965476835886809,-0.5701635334399282,0.30598756744188177,9.824766738095857,0.01768397435166632,29,37,1.5900007302376613,False,297.82257791400406,True,0.3874135011315128,False,0.14284597,False,False,1,WATCH,train
2026-09-18 07:19:15.253748+00:00,0.02090272818762585,1.2475335322014858,0.3171323712520225,0.987707810051895,9.826810928679565,0.02347868211110232,29,37,2.0024985036658043,False,297.0814150553951,True,0.4066026663759131,False,0.19468583,False,False,1,WATCH,train
2026-09-18 07:24:06.786660+00:00,0.030458209228217948,1.200074419324447,-1.81121600128809,-0.7850380136033762,9.827870265404842,0.024378952670968717,30,37,3.067971984422181,False,296.3530912851044,True,0.44674673597066167,False,0.18254748,False,False,1,WATCH,train
2026-09-18 07:29:08.565997+00:00,-0.004988692040748644,1.1610025170784366,1.1075801396553584,-0.5046075975405112,9.831470053533497,0.020612833111653683,30,37,2.064130036994221,False,295.6366027882356,True,0.402519016111309,False,0.109178245,False,False,1,WATCH,train
2026-09-18 07:34:11.357630+00:00,-0.01016030523705838,1.2119623462860996,0.4901233856790469,0.1971895024260811,9.827672093194149,0.016694784050910554,29,37,1.6138041268478927,False,294.93231021344366,True,0.38540512815403394,False,0.1254044,False,False,1,WATCH,train
2026-09-18 07:39:14.631050+00:00,0.006225509572489573,1.1954243928150088,1.2760370340201133,0.9213719280256238,9.830891615144681,0.019160056118722617,23,37,2.50992116404189,False,294.2404096543864,True,0.4122163262379632,False,0.16140056,False,False,1,WATCH,train
2026-09-18 07:44:57.012198+00:00,-0.003215765624767329,1.2338249766448288,-0.10969562730198827,0.043142989060538796,9.831546964156063,0.02096558025802206,30,38,1.057144618715756,False,293.5602288302103,True,0.38163420912865725,False,0.26727745,False,False,1,WATCH,train
2026-09-18 07:49:57.855791+00:00,0.035582319001520986,1.2145596900894338,0.7297681674571398,-0.4731916880134487,9.831052426170999,0.01860704764927078,30,38,1.6507429081875364,False,292.8924381540813,True,0.3887373035270742,False,0.19580525,False,False,1,WATCH,train
2026-09-18 07:54:59.626951+00:00,0.026864893523566368,1.231911090314362,0.7360669071161301,-1.0610145866811929,9.827507745106455,0.019310331143947288,30,38,2.1221981201788758,False,292.2359592944146,True,0.4003393710616676,False,0.18192428,False,False,1,WATCH,train
2026-09-18 08:00:02.640271+00:00,0.012758876854908069,1.2193334666934843,-0.6460189114255673,-0.3082180095484979,9.830258158689464,0.01711399687065787,30,38,1.6628400701061612,False,291.59269898373003,True,0.38333620932462564,False,0.18280613,False,False,1,WATCH,train
2026-09-18 08:05:05.132837+00:00,0.02452303880253025,1.2142139020037857,-0.19782856832683227,-0.5884473229703052,9.831484183497736,0.0208299997332909,30,38,1.366912236000733,False,290.9606349571435,True,0.3810697043115291,False,0.26283118,False,False,1,WATCH,train
2026-09-18 08:10:06.400745+00:00,0.007942150333977169,1.274660622821054,-0.7257031588766656,0.301005459756248,9.824059919655925,0.01975293829860684,28,38,1.4489589778320267,False,290.3390207748029,True,0.3814624065090559,False,0.21859854,False,False,1,WATCH,train
2026-09-18 08:14:57.734049+00:00,0.02991726050386924,1.2646932490651333,0.2831160168549247,0.6978647301173709,9.832213808808945,0.021676920650518777,30,38,1.564025039790242,False,289.7262386456794,True,0.38066593570278373,False,0.20280272,False,False,1,WATCH,train
2026-09-18 08:20:00.728392+00:00,-0.010148165168700866,1.2701917588196008,-2.2789781617804143,0.15090343219548638,9.828689365509247,0.027760883751542623,30,38,3.7124398447776397,False,289.12508688131356,True,0.45453945271038665,False,0.29570207,False,False,1,WATCH,train
2026-09-18 08:27:45.053969+00:00,0.05287789062911631,1.296722231372593,0.2305540908082212,-0.7321207810956042,9.832638933131618,0.01637840287867294,29,39,1.8368434144424457,False,288.53905490660617,True,0.3880945485917771,False,0.13740528,False,False,1,WATCH,train
2026-09-18 08:32:47.814038+00:00,0.01930349351014812,1.2805163908870056,0.12294826444162786,1.0075497603764363,9.824232378918639,0.014681810363697239,30,39,2.552293953357915,False,287.9620902673831,True,0.4036468054012507,False,0.1079793,False,False,1,WATCH,train
2026-09-18 08:37:49.913237+00:00,0.04924439073380518,1.258601861783103,-0.06633751843360426,0.33182132087616656,9.818536165841353,0.017729448195963147,30,39,1.2444195579155268,False,287.39509253965116,True,0.37202472057594244,False,0.1573844,False,False,1,WATCH,train
2026-09-18 08:42:51.463727+00:00,0.030409758585494658,1.2802185616925505,-1.1973828910835451,0.45376202643940844,9.812779656525006,0.024722908854384818,30,39,2.3701704236765098,False,286.83691260000563,True,0.4016103239509446,False,0.32425472,False,False,1,WATCH,train
2026-09-18 08:47:53.543328+00:00,0.024828222181891194,1.2887810838794282,-2.6033068088678912,1.6143398264429192,9.830494250622127,0.0316641111262041,29,39,5.011486613135271,False,286.2875261744592,True,0.49593469399696877,False,0.1732282,False,False,1,WATCH,train
2026-09-18 08:52:45.904734+00:00,0.027267859826956634,1.5741777386262854,1.2361878210503683,0.7794245951084748,9.81887590396493,0.022432615144521603,30,39,2.337230547519918,False,285.7468095101249,True,0.39543969148081953,False,0.19777669,False,False,1,WATCH,train
2026-09-18 08:57:47.373256+00:00,0.12057134315023661,1.3209688691403727,3.688922395982834,-4.437022518931724,9.827802115603808,0.09897175437095831,28,39,13.305454283245018,False,285.2161428707432,True,0.6296586743554634,True,0.51267934,False,False,2,WATCH,train
2026-09-18 09:02:50.278422+00:00,0.34714394933352505,1.74247516090816,0.10439233461825259,0.5785705210811554,9.820646225367287,0.02189875694087559,30,39,1.400613726921658,False,284.6976745184296,True,0.3773663175821415,False,0.36313966,False,False,1,WATCH,train
2026-09-18 09:12:45.553485+00:00,0.395808741121362,1.7645927089841913,-0.18543741293093538,-0.8017767530115177,9.825933890200997,0.016802777548171194,30,39,1.8222628912984506,False,284.19539051271624,True,0.38790052280167076,False,0.13229673,False,False,1,WATCH,train
2026-09-18 09:17:46.894332+00:00,0.36054102234768454,1.7871128014973598,-0.9503896207359335,-0.15705569959603652,9.814668783187901,0.024923187585644886,29,39,2.18920682825052,False,283.69968199830464,True,0.3992715601311072,False,0.46186692,False,False,1,WATCH,train
2026-09-18 09:22:49.285017+00:00,0.37912301802921583,1.8193656807509675,1.0967745689680508,0.9008922962019561,9.82452421979599,0.016563010998406444,30,39,2.467790956367147,False,283.21123687581786,True,0.40221342322254466,False,0.16469158,False,False,1,WATCH,train
2026-09-18 09:27:51.170664+00:00,0.45209031137764216,1.8117241737155745,1.2624326976474576,0.48345306490934853,9.824661238107835,0.029580398915498088,28,39,3.2002243616055397,False,282.7307495000049,True,0.4200598317260544,False,0.40831435,False,False,1,WATCH,train
2026-09-18 09:32:55.114360+00:00,0.37985317332955604,1.835078036128745,-3.096418484118362,-0.5347455058535217,9.815849518185454,0.04021346134376069,29,39,6.0022358582230515,False,282.25527760925536,True,0.5069723285991774,False,0.9092621,False,False,1,WATCH,train
2026-09-18 09:37:46.008609+00:00,0.3966302008164078,1.8519806738449494,3.0004210845972343,-0.33428106539224967,9.816242628993495,0.0333816316757185,30,39,5.572083710891748,False,281.7861397965018,True,0.49041503387822866,False,0.6569035,False,False,1,WATCH,train
2026-09-18 09:42:47.819446+00:00,0.3796962491902024,1.8487767686854428,-0.6219634565796786,-0.20865606471470668,9.82211276983563,0.01956725649532542,29,39,1.4751219061361989,False,281.32241761708104,True,0.3786339239404206,False,0.21103205,False,False,1,WATCH,train
2026-09-18 09:47:50.080041+00:00,0.40064205621742627,1.8555546176844218,1.1613894819275965,0.7082126703278806,9.81029257163511,0.027291051872130816,23,39,2.9783868517746366,False,280.8644931863693,True,0.42184168181104104,False,0.33384982,False,False,1,WATCH,train
2026-09-18 09:53:22.573821+00:00,0.4841875826005805,1.8579713694707427,0.3335849811200273,-1.1718915854927574,9.8265880809728,0.02235761225598013,27,39,2.4214288312443997,False,280.41417991498804,True,0.3992276933002587,False,0.4035744,False,False,1,WATCH,train
2026-09-18 09:57:55.263570+00:00,0.4559926651137911,1.8633276595439072,-0.12442686326118661,0.5628124354402321,9.825927602516186,0.02736549638486415,29,39,2.2948943200124896,False,279.9671634167309,True,0.401202762373535,False,0.39786217,False,False,1,WATCH,train
2026-09-18 10:02:46.698470+00:00,0.37712693859448276,1.8937874892904858,-0.6292432130703656,-0.8287842240044921,9.821390629078975,0.023466287875730494,30,39,2.272499325166158,False,279.5231903399128,True,0.39726441036207216,False,0.3665833,False,False,1,WATCH,train
2026-09-18 10:07:49.493546+00:00,0.40161919464088214,1.8837797144004957,1.7329774068366617,0.43381889271433854,9.814152556557396,0.03418144214219657,29,39,4.355630270760236,False,279.08382538628143,True,0.45562126444070367,False,0.44524315,False,False,1,WATCH,train
2026-09-18 10:12:51.578258+00:00,0.3729979659125668,1.8707560743064,1.3133105465095245,0.06385719145853468,9.820766024928083,0.019267128022157798,30,39,2.2218428927217406,False,278.64778276831106,True,0.3989968487778722,False,0.19487156,False,False,1,WATCH,train
2026-09-18 10:17:54.074290+00:00,0.4177318274391183,1.9021366586872035,-4.707975469491362,4.377318152540377,9.842621809824683,0.11739046495351632,27,39,12.992432945328527,False,278.21607718535756,True,0.6286374911077721,True,3.226306,False,False,2,WATCH,train
2026-09-18 10:22:45.922065+00:00,0.29819654214423574,2.140741401684623,0.09816958791291144,-0.29338466117060985,9.812473054620593,0.01388844443733295,30,39,2.2882413326032505,False,277.78539579415457,True,0.41905249740421874,False,0.14264336,False,False,1,WATCH,train
2026-09-18 10:27:48.633381+00:00,0.2885282085248851,2.1411009731339363,-0.4642697361652702,-0.10766739270416519,9.81940246395607,0.020612434329297182,28,39,1.457976672157407,False,277.3574147799439,True,0.38312978783909213,False,0.1560006,False,False,1,WATCH,train
2026-09-18 10:37:52.776446+00:00,0.3099494509149586,2.1260547310968927,1.2646123730181063,-0.3506339229911336,9.8241212265953,0.01679947089113851,30,39,2.3587888067347125,False,276.93459946957034,True,0.4093520841264439,False,0.26400298,False,False,1,WATCH,train
2026-09-18 10:42:54.961003+00:00,0.27583853476645315,2.1339123920119474,-1.0848887205634345,-0.2871697148793422,9.828805919636013,0.016173847447666652,29,39,2.300956718106234,False,276.5130602609221,True,0.40450407391507864,False,0.13174167,False,False,1,WATCH,train
2026-09-18 10:47:47.326322+00:00,0.3130192339783956,2.125091186421461,0.2596405141931943,0.1317762575653185,9.821419291019895,0.02098941532190824,30,39,1.4292996523460795,False,276.09376654384903,True,0.38738667143939987,False,0.2232302,False,False,1,WATCH,train
2026-09-18 10:52:50.042487+00:00,0.2588941722004891,2.1363592992515046,-1.6324420550085972,-0.320124619742198,9.820074156727793,0.021354156504062454,30,39,2.752623282506494,False,275.674726933322,True,0.42600707436588975,False,0.25173506,False,False,1,WATCH,train
2026-09-18 10:57:52.111377+00:00,0.29616589352568967,2.1377351994582203,1.37043295281699,0.5502929652102013,9.827147869268272,0.01970049221666982,29,39,2.379696568733202,False,275.25727549024253,True,0.41196264479392253,False,0.26525283,False,False,1,WATCH,train
2026-09-18 11:02:54.182394+00:00,0.3089328241715713,2.1460554911882452,-1.8309945989961167,-0.9103553607349334,9.825194625854952,0.022653886490560972,29,39,3.320562588671643,False,274.8406358950056,True,0.44768223185614237,False,0.2596017,False,False,1,WATCH,train
2026-09-18 11:07:46.437982+00:00,0.32417140131495736,2.1546644641727215,-0.08725965054702818,-0.11049674309325754,9.825147403026824,0.019821424996424662,30,39,1.372842433721005,False,274.4245226488207,True,0.3865716312361275,False,0.27007902,False,False,1,WATCH,train
2026-09-18 11:12:48.726452+00:00,0.35121461317749253,2.1871144779313987,0.4423695747326081,-0.05695573160827786,9.834532793936098,0.04871180048173987,27,39,5.406456095031004,False,274.00882003819936,True,0.4794207668883819,False,1.7150058,False,False,1,WATCH,train
2026-09-18 11:19:01.572166+00:00,0.30508663750887605,2.1679606006208405,1.2837375138402107,0.39137776225662013,9.829405629366745,0.015427784316797071,22,39,2.556169541243856,False,273.5916080112293,True,0.4199620301073338,False,0.08731028,False,False,1,WATCH,train
2026-09-18 11:22:53.296267+00:00,0.33001555470494304,2.1476950918853834,1.0975582961135653,0.23485472446297137,9.827566044298,0.02358304475677387,25,39,2.371131414387709,False,273.1743646005371,True,0.4082894796793848,False,0.35700572,False,False,1,WATCH,train
2026-09-18 11:27:45.671883+00:00,0.3007000172168349,2.180845383687477,0.10804518449623342,-0.3029393091738458,9.821056202784792,0.01998888580075296,30,39,1.604070143214796,False,272.7555148584137,True,0.3928053898783827,False,0.23296139,False,False,1,WATCH,train
2026-09-18 11:32:47.831010+00:00,0.31973740444796683,2.181496072082313,-0.644737762995318,-0.1788394709627085,9.813255689396811,0.018162843634433695,30,39,1.9048797580850045,False,272.33560951924886,True,0.40319148161440127,False,0.17003626,False,False,1,WATCH,train
2026-09-18 11:37:50.534904+00:00,0.2564300470841788,2.183185863537193,-0.3096576131059798,0.8868638067489941,9.820710891204998,0.01839081896551137,30,39,1.9592994185928148,False,271.912820679487,True,0.4012250620540753,False,0.13527797,False,False,1,WATCH,train
2026-09-18 11:42:52.731285+00:00,0.2249419229762369,2.199927985945969,0.39636849893924236,-1.4856908533361963,9.821612362286752,0.0242670329642684,30,39,3.291575625998023,False,271.4873995746781,True,0.43075314777941026,False,0.23208386,False,False,1,WATCH,train
2026-09-18 11:47:54.901612+00:00,0.2548494768129641,2.091828760155926,0.07038346988214765,-1.0259815148444047,9.831788562763432,0.01792440195636805,29,39,2.152165037003738,False,271.0601368491791,True,0.40406128264984637,False,0.19485934,False,False,1,WATCH,train
2026-09-18 11:52:47.493355+00:00,0.235707636732165,2.0990047470041118,-1.2696783917208376,-0.17876955235702355,9.817595875944175,0.019365684251170717,29,39,2.444266946624118,False,270.6298136691345,True,0.41684654573895996,False,0.1748413,False,False,1,WATCH,train
2026-09-18 11:57:49.343681+00:00,0.25533334309872113,2.095379782792271,-0.5190053223486585,0.30220425625502045,9.828730170330989,0.01930673457630741,20,39,1.6374352587278997,False,270.1968111680926,True,0.3908030571889144,False,0.18203789,False,False,1,WATCH,train
2026-09-18 12:02:51.626587+00:00,0.2607134543003478,2.1439174079966756,1.0096856033415935,0.3646943823127379,9.82041292457148,0.0198997487421321,30,39,2.141573686155394,False,269.76054683918085,True,0.406544420983068,False,0.23825291,False,False,1,WATCH,train
2026-09-18 12:07:54.126837+00:00,0.26121469163814015,2.148561282161602,0.6846519968710045,1.209584449492743,9.82473349709489,0.02157860392711971,29,39,2.449339750585659,False,269.32061029247666,True,0.4136090085384867,False,0.2297619,False,False,1,WATCH,train
2026-09-18 12:12:46.067338+00:00,0.24675732156024235,2.074694124489778,-0.08598548043672165,0.31481017192244765,9.81899543872752,0.0323145950908541,29,39,3.487826236971011,False,268.87640939215777,True,0.4296078067321805,False,0.39088282,False,False,1,WATCH,train
2026-09-18 12:17:48.471824+00:00,0.2575670141167001,2.1430515390001363,-0.3185707366124991,0.7074281710675336,9.823078974852205,0.021210584359910727,30,39,1.9335301579979416,False,268.42808620097503,True,0.3964285880856132,False,0.30455562,False,False,1,WATCH,train
2026-09-18 12:22:50.851603+00:00,0.20538646334466337,2.169285933759641,0.43231287491725223,-0.005585360956022443,9.829833579886959,0.022083176100069032,30,39,1.8146481725747279,False,267.9741781439781,True,0.39106076729184786,False,0.36616853,False,False,1,WATCH,train
2026-09-18 12:27:53.873120+00:00,0.22635237202195196,2.2124643849388965,-1.3989433294594917,1.4806137120005307,9.842888137125215,0.02082712947660911,29,39,3.1582945724260894,False,267.51570317319596,True,0.43127811914652675,False,0.21531881,False,False,1,WATCH,train
2026-09-18 12:32:45.596748+00:00,0.2405274609274727,2.1770870629069967,-0.39228447956026086,-0.041882687464485986,9.835320166057157,0.013808210118138502,30,39,2.359412253574678,False,267.0522263657438,True,0.4202291409261917,False,0.1162241,False,False,1,WATCH,train
2026-09-18 12:37:48.011340+00:00,0.25218498596236555,2.213322629654057,-0.5328402619549654,0.3220543725843845,9.834661171021557,0.01303414319734449,30,39,2.7372052480115414,False,266.58339309528657,True,0.4336387257752664,False,0.08174483,False,False,1,WATCH,train
2026-09-18 12:42:50.432519+00:00,0.2515001767827962,2.211269614261278,1.387538045538233,0.1070861089814729,9.831170007092723,0.015779733838059515,20,39,2.5613793040782036,False,266.10867252937754,True,0.41974221856367655,False,0.066577196,False,False,1,WATCH,train
2026-09-18 12:47:52.046703+00:00,0.2958589118872266,2.1916235422655785,-0.4222868337793793,0.5784839770932035,9.839072538013344,0.01819326518135715,28,39,1.673203872646624,False,265.6285813214925,True,0.3892131780164268,False,0.20752695,False,False,1,WATCH,train
2026-09-18 12:52:45.252763+00:00,0.25087573615727476,2.208499672346915,0.10668342426304067,0.5207582662200244,9.831935933673957,0.021715329966536332,30,39,1.7497713815194553,False,265.1411926254351,True,0.3872943769769178,False,0.25040784,False,False,1,WATCH,train
2026-09-18 12:57:47.872644+00:00,0.25524502729349685,2.1872145012315154,0.20145149185892297,0.24581422826003588,9.833282288454958,0.014866068747318184,30,39,1.9782109826383163,False,264.64710756104114,True,0.40124260767010217,False,0.11104335,False,False,1,WATCH,train
2026-09-18 13:02:48.996204+00:00,0.23919679881830797,2.1771174133451168,0.884658285094373,-0.25652686624294857,9.831677375096142,0.021123972690339644,30,39,2.172767943002805,False,264.14566033494145,True,0.3979817212482673,False,0.26138657,False,False,1,WATCH,train
2026-09-18 13:07:51.369048+00:00,0.24404013044003142,2.210398560873303,-1.134586423111724,-0.2216864392839594,9.824813317905136,0.016719914938645945,30,39,2.4281444219960346,False,263.6369405360385,True,0.4112562250858822,False,0.10725156,False,False,1,WATCH,train
2026-09-18 13:12:54.212707+00:00,0.27154345672250907,2.2193176206258776,-0.17094005321248196,0.4826223347251693,9.831252889914602,0.019800098377220146,27,39,1.6376543394784224,False,263.121073450282,True,0.38755636012751216,False,0.21230283,False,False,1,WATCH,train
2026-09-18 13:17:46.022211+00:00,0.25280676832682075,2.1865906532424706,0.2193571679637022,0.5894400622728692,9.83562820444351,0.017451520150277927,30,39,1.657754562834028,False,262.5969337031021,True,0.3906174537279649,False,0.15557148,False,False,1,WATCH,train
2026-09-18 13:22:48.301786+00:00,0.25159402359373484,2.1620650074070893,0.7609290782922039,0.0766697522131097,9.832792082859632,0.01768473918382702,20,39,1.8242220504425253,False,262.0645604954568,True,0.39234075640997823,False,0.2037731,False,False,1,WATCH,train
2026-09-18 13:27:51.117396+00:00,0.23922323807948262,2.2213537979377174,0.9701535222162149,0.8757193825825228,9.830953069252432,0.016918103387265668,30,39,2.331125946876926,False,261.5234747909953,True,0.4094102469638526,False,0.19406877,False,False,1,WATCH,train
2026-09-18 13:33:03.452962+00:00,0.24511058975159083,2.1851920111935077,-0.22108569897811864,0.7658300527438733,9.827496919544373,0.019649349576398363,28,39,1.907710915957732,False,260.97195301251986,True,0.3929720680696497,False,0.1874463,False,False,1,WATCH,train
2026-09-18 13:37:55.696962+00:00,0.2535921114994651,2.2194547647131175,0.8571648080098455,-0.9685399362649247,9.825267824700195,0.020262939932148824,28,39,2.767551287815496,False,260.413342869351,True,0.4119048565261341,False,0.20935206,False,False,1,WATCH,train
2026-09-18 13:42:47.516808+00:00,0.22639729608343254,2.1814025975905387,0.2401102177486925,-0.5383041877516492,9.83321012901079,0.01874981481390014,30,39,1.838552430454412,False,259.8449473912547,True,0.38846009595849507,False,0.20724812,False,False,1,WATCH,train
2026-09-18 13:47:50.473782+00:00,0.2626873004657446,2.197497095652356,-0.23946489014809114,-0.3070275478082627,9.838328527849031,0.016960738977611158,30,39,1.63252785129794,False,259.2676633153521,True,0.38461037697028555,False,0.11834207,False,False,1,WATCH,train
2026-09-18 13:52:52.851921+00:00,0.24844039271682805,2.2161803706612044,-0.6939633768981842,1.043403667428487,9.830254284598844,0.02008039397577173,30,39,2.3326023485941705,False,258.6803161979873,True,0.40586747609364604,False,0.2134282,False,False,1,WATCH,train
2026-09-18 13:57:54.291311+00:00,0.2522494010274784,2.198999109905101,0.5964746613605825,-0.22905209625537792,9.836564312340132,0.017123736576461893,29,39,1.7584996861898263,False,258.08298496994234,True,0.3866038347993567,False,0.18759772,False,False,1,WATCH,train
2026-09-18 14:02:47.612207+00:00,0.22077739343554226,2.190737068049821,0.05912593124649418,-0.012699648594267181,9.824608418013517,0.020055478608654857,30,39,1.8268899640300995,False,257.47478236673,True,0.38721063473698036,False,0.18152666,False,False,1,WATCH,train
2026-09-18 14:07:48.925798+00:00,0.24048634967965485,2.1798451224197315,0.052505855495563816,-0.8673288232957218,9.824679019159017,0.02107130750570503,20,39,2.511310476542354,False,256.8564000354246,True,0.40437645165755337,False,0.20005067,False,False,1,WATCH,train
2026-09-18 14:12:51.316971+00:00,0.22570134719762286,2.2027345401614755,0.4621892691011065,-0.3756063281808855,9.829933072021626,0.016999999999999807,30,39,1.8879867188206951,False,256.22697495690414,True,0.38862462960650146,False,0.17232311,False,False,1,WATCH,train
2026-09-18 14:17:53.707388+00:00,0.2363879190034366,2.1707319673939405,-0.4519232742233956,0.4642346187329134,9.83065895058772,0.01882392284683571,29,39,1.7900582854261187,False,255.58674089122155,True,0.3874102156517632,False,0.1693262,False,False,1,WATCH,train
2026-09-18 14:22:46.514158+00:00,0.23952955784954333,2.210015370501514,-0.2854933998448741,0.34719726546770313,9.830262822073532,0.018842863575605752,29,39,1.6826058904170946,False,254.93533578156305,True,0.38707114895139627,False,0.19106716,False,False,1,WATCH,train
2026-09-18 14:27:49.510545+00:00,0.23000316163907547,2.222708374296466,0.3341806729238081,-0.6872363672163548,9.831542397478964,0.015723301886760674,30,39,2.1303508190218188,False,254.27230965086758,True,0.39969690277996406,False,0.15688883,False,False,1,WATCH,train
2026-09-18 14:32:50.314448+00:00,0.23680549836003753,2.216176519022581,0.3614309807419787,-0.268140255058177,9.83207282899814,0.015143755588800403,30,39,1.9477001942325916,False,253.59774584651677,True,0.3973726464369298,False,0.11474526,False,False,1,WATCH,train
2026-09-18 14:37:52.927003+00:00,0.22196847159646207,2.195201312627966,-0.14751680014787585,-0.4819684019977512,9.826106043136765,0.0161150202466832,28,39,2.00883374358459,False,252.91104207023926,True,0.39592337618858264,False,0.16395552,False,False,1,WATCH,train
2026-09-18 14:42:55.591830+00:00,0.22156254192329874,2.2458016990986858,0.2914621012976762,0.5754445968563657,9.821879968918264,0.0145401163050397,29,39,2.2383198709265173,False,252.21225832328165,True,0.4108077502391104,False,0.09329767,False,False,1,WATCH,train
2026-09-18 14:53:13.131742+00:00,0.2072595016345641,2.2180479707283465,0.7372775269114336,0.2188193240989966,9.8243210615571,0.01636349780324004,27,39,2.0307428940347774,False,251.48596942514789,True,0.3974625782584191,False,0.14257523,False,False,1,WATCH,train
2026-09-18 14:57:58.692179+00:00,0.2206966959873957,2.209596020024758,0.3169944882008079,-0.47877900467208756,9.82840595977047,0.023065456989239078,28,39,2.506034949656804,False,250.74979382710953,True,0.3974131325182306,False,0.37093812,False,False,1,WATCH,train
2026-09-18 15:02:46.682123+00:00,0.23059997547545527,2.21043973064459,0.26100194029349405,1.2200915003779762,9.82653324479148,0.018061622912191707,30,39,2.3125369467534265,False,250.0009734691021,True,0.40942078071082305,False,0.122178346,False,False,1,WATCH,train
2026-09-18 15:07:49.348607+00:00,0.19992012351911892,2.2275515820889455,-0.2511108584773164,-0.3227214019974674,9.832464968612653,0.019078784028338618,30,39,1.7805407272954064,False,249.23859647652296,True,0.389026612097332,False,0.22524023,False,False,1,WATCH,train
2026-09-18 15:12:52.864522+00:00,0.22802924188923993,2.2655609715050646,-0.031050075943679777,0.4729411045316749,9.828528423542696,0.018562207723100743,30,39,1.7153695513189278,False,248.46356619548342,True,0.38729063289942767,False,0.25248867,False,False,1,WATCH,train
2026-09-18 15:17:53.711220+00:00,0.23309246888602256,2.2324681968177407,0.2410154352360479,0.17526106031034863,9.833462770308303,0.022678918257565114,30,39,2.0726519888629333,False,247.67530246292486,True,0.3901674541466771,False,0.24699958,False,False,1,WATCH,train
2026-09-18 15:22:52.928371+00:00,0.20390827734897185,2.248104067716242,1.0107891723424833,0.47674454427807217,9.83461443941894,0.014531936210831053,29,39,2.35612490512338,False,246.87302753818554,True,0.41917606602661994,False,0.15807396,False,False,1,WATCH,train
2026-09-18 15:27:47.639599+00:00,0.20277378452563435,2.21000692738043,-0.7140681562939664,0.8716778599944228,9.839596938872324,0.018447470172545173,29,39,2.0619346776316845,False,246.0571041935116,True,0.39952300158166265,False,0.124266915,False,False,1,WATCH,train
2026-09-18 15:32:49.926897+00:00,0.21003079940723043,2.239607089437255,1.2700740002022555,-0.2130581114981713,9.829688168158063,0.018296174463531597,20,39,2.468320977774178,False,245.227543816745,True,0.4065325670864396,False,0.16920248,False,False,1,WATCH,train
2026-09-18 15:37:51.735626+00:00,0.23755599125269725,2.2654098876158106,-1.0987238634919951,-0.1386078143439144,9.831944347079009,0.017710849708132394,29,39,2.2515918567725413,False,244.38458055969897,True,0.40524215611142633,False,0.19269837,False,False,1,WATCH,train
2026-09-18 15:42:52.551420+00:00,0.1980449044197114,2.237657888321,0.010220721287624565,-0.30004440294044193,9.830529455174899,0.020396078054370922,30,39,1.9419787893027267,False,243.52686584468026,True,0.39133397961003336,False,0.17050812,False,False,1,WATCH,train
2026-09-18 15:47:57.201490+00:00,0.2230242629260842,2.215776286818995,-0.9798381765880091,1.5815067795891669,9.832449573248464,0.019316501481600974,29,39,3.029148795937099,False,242.65545217050087,True,0.4358698178537119,False,0.2119438,False,False,1,WATCH,train
2026-09-18 15:52:47.133934+00:00,0.21845067960648815,2.221885315406294,0.3595811403976887,0.6529676006504486,9.824997541142478,0.01425936077802438,29,39,2.248465870297377,False,241.76968674543716,True,0.4204930753713422,False,0.11258487,False,False,1,WATCH,train
2026-09-18 15:57:48.781726+00:00,0.22930006832278862,2.26128334553687,-0.5144448607500428,0.3136591152259983,9.828820649580507,0.01641137816678803,30,39,1.8749953138988829,False,240.86974233955578,True,0.3982833231596654,False,0.16196246,False,False,1,WATCH,train
2026-09-18 16:02:53.417787+00:00,0.2388446409047408,2.2653340165554794,-1.2506365910183237,0.31802887593494883,9.83017036731098,0.01851823666496175,29,39,2.4370731135296766,False,239.9554940418284,True,0.4181231017744332,False,0.18158504,False,False,1,WATCH,train
2026-09-18 16:07:45.152650+00:00,0.2189288800445718,2.2588766315417264,-0.6293790046445953,-0.6136229054063468,9.83100108937828,0.01749920633120868,30,39,2.128416072086777,False,239.02631127046996,True,0.40524065849625146,False,0.18216364,False,False,1,WATCH,train
2026-09-18 16:12:47.138298+00:00,0.23485033796457927,2.2199188603271773,-0.3711121306307671,-1.043342843409981,9.834890143712467,0.0149950682227827,26,39,2.4521880697781215,False,238.0827590982089,True,0.42447786964650347,False,0.09201997,False,False,1,WATCH,train
2026-09-18 16:18:49.856107+00:00,0.23679730482597505,2.2672456574451103,-0.8726738789290057,0.9515642368821897,9.827859397519413,0.02076968854347135,23,39,2.554079719304834,False,237.121545824289,True,0.41965453355300225,False,0.23871739,False,False,1,WATCH,train
2026-09-18 16:22:51.508885+00:00,0.24644444312376587,2.2486593726231323,0.5999284516766712,2.032155040613556,9.826742139551888,0.01886178528438214,29,39,3.323673258842975,False,236.14865218011846,True,0.4476064019048979,False,0.22675787,False,False,1,WATCH,train
2026-09-18 16:27:53.587086+00:00,0.21668963376613795,2.2433479233909384,0.6913703799106328,-0.8521487582339204,9.824675723650795,0.017419640568938483,28,39,2.4917945148205187,False,235.16033763240597,True,0.4114962046069603,False,0.1344108,False,False,1,WATCH,train
2026-09-18 16:32:45.751491+00:00,0.23437005329209384,2.2441877414760203,-0.6543590546615584,0.7958594875629564,9.83534445458985,0.014761059883656039,30,39,2.325302374386317,False,234.15740651571357,True,0.42186625150751905,False,0.108161785,False,False,1,WATCH,train
2026-09-18 16:37:48.039197+00:00,0.2077994427901903,2.2435782228958003,0.3298132554040694,0.5454254439370865,9.836905801795586,0.01963398737308493,29,39,1.7299620786814762,False,233.1390011582535,True,0.399331086003768,False,0.2291908,False,False,1,WATCH,train
2026-09-18 16:42:51.169740+00:00,0.2146559936251671,2.2278091486594302,-1.392670523923109,-0.7687034720578357,9.826888475285601,0.019218047073865818,30,39,2.9767613177745282,False,232.10568512719095,True,0.43939460804916014,False,0.16471225,False,False,1,WATCH,train
2026-09-18 16:47:51.718414+00:00,0.2115141633866988,2.238198619136952,0.20694878799190308,0.4017823026556304,9.826961143832078,0.019365684251170905,29,39,1.8491999147739775,False,231.05723859897992,True,0.3984221356786172,False,0.23760112,False,False,1,WATCH,train
2026-09-18 16:52:45.098685+00:00,0.22941389620365935,2.2536502462229193,0.3799304499072957,-0.10300349514315954,9.833937518243982,0.01552417469625969,30,39,1.7271344060991922,False,229.99401399546238,True,0.4059726155236424,False,0.13308322,False,False,1,WATCH,train
2026-09-18 17:01:38.979271+00:00,0.21531251998293513,2.2323983493521444,0.005547382692714519,-0.6889120275325472,9.835295247201763,0.015423647068345503,30,40,1.9853976612437096,False,228.90329136035007,True,0.4149528100377254,False,0.08711325,False,False,1,WATCH,train
2026-09-18 17:06:40.869342+00:00,0.2095616615892272,2.285284017050965,1.343847498300288,1.2072927571594758,9.830605190011875,0.017019258867934903,29,40,2.878603020200749,False,227.79731260542502,True,0.4538740346850724,False,0.10753564,False,False,1,WATCH,train
2026-09-18 17:11:43.148692+00:00,0.2387544821920019,2.2514913369722898,0.1628184242160915,0.016617554225064043,9.82416496033715,0.01645806836383651,29,40,1.7710739636456492,False,226.67671060098817,True,0.4044550770702254,False,0.12415772,False,False,1,WATCH,train
2026-09-18 17:16:55.829373+00:00,0.20812321795008032,2.2459617432004038,-0.45117518930088696,-0.1841099384704257,9.828093645884616,0.013185296387124526,28,40,2.3691059490437416,False,225.5404002162005,True,0.4447855706576321,False,0.08499834,False,False,1,WATCH,train
2026-09-18 17:21:49.293587+00:00,0.17785311707292614,2.235549913779605,0.5304188308467235,0.07921770168219106,9.829837107287892,0.015497695681247774,28,40,1.853095152801422,False,224.38839918252614,True,0.414989305433629,False,0.14762591,False,False,1,WATCH,train
2026-09-18 17:26:40.714320+00:00,0.21145475354756038,2.265765803655948,-0.2988088342213393,0.40039539025032156,9.827859996136826,0.014057804903889328,29,40,2.1465127998594324,False,223.22188862481377,True,0.43628812401581474,False,0.11509226,False,False,1,WATCH,train
2026-09-18 17:31:41.543470+00:00,0.22261316037350282,2.2602170645236543,0.23825026358966697,0.17607824762792482,9.826707466612865,0.016736249305513904,28,40,1.7242214751599978,False,222.04048553105116,True,0.4118557223549654,False,0.15950091,False,False,1,WATCH,train
2026-09-18 17:36:44.258709+00:00,0.19880358048590166,2.2174347386108906,0.40092442222640384,0.33066740530084515,9.8381419482144,0.0199137027083251,30,40,1.763968712769809,False,220.84358606513157,True,0.4118650258401837,False,0.16464254,False,False,1,WATCH,train
2026-09-18 17:46:49.738316+00:00,0.2152389442274936,2.280209316591038,0.12981251567168198,-0.14860651437848701,9.824109684710098,0.01606319268807154,29,40,1.8343140986498994,False,219.6169868341585,True,0.4197989672402248,False,0.08498,False,False,1,WATCH,train
2026-09-18 17:51:41.388421+00:00,0.18745616225399345,2.25669536506677,0.44908534699336644,0.6742132623224462,9.838009496711804,0.016048381073406805,29,40,1.8736513614491268,False,218.3749600672497,True,0.4240017687059614,False,0.09226536,False,False,1,WATCH,train
2026-09-18 17:56:43.168594+00:00,0.21638876264132043,2.287697448062197,0.6695665778001421,-0.3199386794256315,9.830015622991862,0.016947631758514898,30,40,1.9938052840417528,False,217.11859954089547,True,0.4227321682476399,False,0.098676324,False,False,1,WATCH,train
2026-09-18 18:01:45.453955+00:00,0.2133147853382211,2.2527030800546073,0.8487609540798515,-0.28190542386657375,9.82404474192137,0.01892675942210412,30,40,2.3283832829116835,False,215.84739095215068,True,0.42808023043363824,False,0.13588047,False,False,1,WATCH,train
2026-09-18 18:06:47.953669+00:00,0.19750260060792496,2.214533506676776,-0.7554775153352934,-0.36514040111812357,9.827978456841668,0.018473234808246593,29,40,2.1770195765983584,False,214.56117781224245,True,0.4285016789389149,False,0.10911425,False,False,1,WATCH,train
2026-09-18 18:11:40.295613+00:00,0.21211787901730866,2.279098818585981,0.08325172640877637,-0.3634213728845851,9.82875768956311,0.01808928473495313,30,40,1.8721522377414803,False,213.26059645266454,True,0.41532576539114685,False,0.22938098,False,False,1,WATCH,train
2026-09-18 18:16:42.519487+00:00,0.2004386576609614,2.243198579485408,-0.837702588515413,-0.6493688837384581,9.827279411113738,0.018208667044996494,30,40,2.4012796576200146,False,211.945257566567,True,0.4374616270103496,False,0.22299719,False,False,1,WATCH,train
2026-09-18 18:21:44.668245+00:00,0.20969521050980156,2.215251260752401,-0.7329232945238197,0.18974489459780264,9.837662580691509,0.021730433042782202,23,40,2.2362456182160093,False,210.61563858028737,True,0.4325821168195795,False,0.16430347,False,False,1,WATCH,train
2026-09-18 18:27:17.264022+00:00,0.19556888717286408,2.2459852165691445,-0.66291212932791,-1.408744678325361,9.821514187426951,0.018593279946571794,26,40,3.1222151278753243,False,209.26856088653736,True,0.45769217006692897,False,0.15321308,False,False,1,WATCH,train
2026-09-18 18:31:39.308688+00:00,0.19563086272497096,2.258412665304177,-0.47345847945882946,0.5438545196275391,9.836785698476291,0.015477582354991538,30,40,2.0100086417040366,False,207.910104990383,True,0.4350780942532749,False,0.09892234,False,False,1,WATCH,train
2026-09-18 18:36:41.389097+00:00,0.20479924490896614,2.261270736252319,-0.47071110119309545,0.022156186591083312,9.834192464781582,0.019267128022157656,30,40,1.8748653735304621,False,206.53769734349993,True,0.42081354777513896,False,0.21932715,False,False,1,WATCH,train
2026-09-18 18:41:43.888566+00:00,0.18264754694124727,2.2451533888587867,0.3172588045395209,0.2584259225446631,9.840376678500887,0.017536405281701035,28,40,1.633916506717882,False,205.15089127211806,True,0.42328694727908356,False,0.17876153,False,False,1,WATCH,train
2026-09-18 18:46:46.068503+00:00,0.19185086352221975,2.2492509294972525,0.23638280790477204,-0.10924695488395265,9.835431466150123,0.016458068363836637,29,40,1.7003369194813882,False,203.75038774155647,True,0.423953206288451,False,0.1312638,False,False,1,WATCH,train
2026-09-18 18:51:48.372976+00:00,0.22343664617757247,2.2816551564164564,-0.10199018742101437,-0.09377952927460925,9.820933798581375,0.019205379745715893,29,40,2.046888950551815,False,202.33673097402155,True,0.4199040754043703,False,0.17369466,False,False,1,WATCH,train
2026-09-18 18:56:40.524806+00:00,0.21456002329073817,2.2656320230900606,-0.9248177832007012,0.6562276970139092,9.824892690907355,0.018574175621006456,30,40,2.4428850560199282,False,200.90932765674083,True,0.4473543843878946,False,0.11845136,False,False,1,WATCH,train
2026-09-18 19:01:42.894142+00:00,0.18926903245440824,2.2637147955567793,0.44498876876161314,-0.0496935756645873,9.823010322134277,0.01874981481390005,30,40,2.0627363935438954,False,199.4680287287471,True,0.42477172443574174,False,0.18662527,False,False,1,WATCH,train
2026-09-18 19:06:45.214006+00:00,0.20628899524122338,2.2604099608207067,0.24330538689952877,-0.3611934999364114,9.832286296647176,0.014448183276799583,20,40,2.064017747923899,False,198.01376059741338,True,0.4519105541220889,False,0.109389536,False,False,1,WATCH,train
2026-09-18 19:11:47.473917+00:00,0.22280505266654782,2.280875588174333,0.5826848069595136,0.6322715593091206,9.823460737896077,0.01873527959614598,29,40,2.2268876018315424,False,196.54667656070495,True,0.4460232034715262,False,0.19704959,False,False,1,WATCH,train
2026-09-18 19:16:39.621357+00:00,0.21822773649628616,2.2493758899457044,0.08477790510095243,-0.6136069658948985,9.823504004522142,0.017813852287849617,30,40,2.1668170407398164,False,195.06656133530717,True,0.43836602083176435,False,0.19012275,False,False,1,WATCH,train
2026-09-18 19:21:42.038638+00:00,0.22005228485066,2.274040541728495,0.7765281705263603,-0.6454896635822117,9.829780279625561,0.017451520150277938,30,40,2.3656055273558363,False,193.57370634156698,True,0.45354826639538925,False,0.21764797,False,False,1,WATCH,train
2026-09-18 19:26:44.434231+00:00,0.21635005424292333,2.2555294923964224,-0.4204939283920921,-0.15892109158852094,9.821452964943452,0.018330302779822966,30,40,2.0853405482916934,False,192.0681919223024,True,0.43751040193328083,False,0.18388578,False,False,1,WATCH,train
2026-09-18 19:31:46.901596+00:00,0.18662050079288048,2.2526555851970813,0.42531160282587255,1.2663564753639078,9.824895522295684,0.01621056451523176,29,40,2.6576636594925334,False,190.5497312082324,True,0.47481145229593974,False,0.15980506,False,False,1,WATCH,train
2026-09-18 19:36:39.051939+00:00,0.21132956444489578,2.2990025696505443,0.2254941725576399,1.2402685124230681,9.820064595197852,0.020923960629348756,29,40,2.808046606647286,False,189.01950808847974,True,0.47537318050302174,False,0.2305168,False,False,1,WATCH,train
2026-09-18 19:41:41.373762+00:00,0.19799143892048326,2.2662663485558445,-0.1097613348853921,0.5756982856256846,9.831468137090866,0.0170098010962304,30,40,1.994789006332036,False,187.47702859280963,True,0.44748742582964074,False,0.14974242,False,False,1,WATCH,train
2026-09-18 19:46:44.861327+00:00,0.20061140888150886,2.258061066633153,0.3377696599633284,0.07185978329542078,9.82301763303351,0.020224333577130344,26,40,2.22284853146883,False,185.92278761608623,True,0.44223877282325974,False,0.24603261,False,False,1,WATCH,train
2026-09-18 19:52:56.369913+00:00,0.21691635586046926,2.276432130838401,0.9222685579903392,0.4945432200140978,9.826350173175852,0.018987816885640888,22,40,2.440664606219798,False,184.35495014587136,True,0.4684168009351219,False,0.1537508,False,False,1,WATCH,train
2026-09-18 19:56:39.207500+00:00,0.19801836548868632,2.2609246578301074,-0.4012291550959335,0.06211844228701872,9.829144415136454,0.017701224063135297,30,40,1.9732959774549395,False,182.7776791424595,True,0.4440888500659304,False,0.14377934,False,False,1,WATCH,train
2026-09-18 20:01:40.871491+00:00,0.20167688367460157,2.267580340106697,1.0184646967597815,0.07322205197249967,9.828502087764466,0.017578395831246568,30,40,2.3759215266585367,False,181.1893120351156,True,0.46651017067727396,False,0.13289231,False,False,1,WATCH,train
2026-09-18 20:06:42.963725+00:00,0.19610214912152305,2.2613657256904203,0.38457355887163164,-0.45098642334792144,9.826905291221333,0.014922019523732608,30,40,2.231034501159934,False,179.58990699098132,True,0.45939418595067394,False,0.104790464,False,False,1,WATCH,train
2026-09-18 20:11:45.529688+00:00,0.21884868691559642,2.279506729190062,0.9052129676564714,1.0892037351487445,9.823088780864998,0.018061622912191707,30,40,2.7785850958606755,False,177.9802110493345,True,0.48795794510127805,False,0.098439656,False,False,1,WATCH,train
2026-09-18 20:16:48.144441+00:00,0.18778196068715164,2.2965349411371823,-0.03973641216230014,0.07644561758509041,9.822317042171965,0.018588733754404695,29,40,2.0588736896094333,False,176.35948111397684,True,0.44271867965375905,False,0.21904162,False,False,1,WATCH,train
2026-09-18 20:21:39.593145+00:00,0.2190245891611409,2.279182644233178,0.7361126376008856,0.5798208280444197,9.823187397118438,0.013364015431086682,29,40,2.7406419605274954,False,174.72909304272662,True,0.5005870532843028,False,0.076274276,False,False,1,WATCH,train
2026-09-18 20:26:42.094508+00:00,0.18256296597727617,2.2858681880491996,-1.22231223332578,0.5507974306566678,9.826202510682378,0.01691810338726567,30,40,2.7771657530405585,False,173.0880607086772,True,0.488956568120533,False,0.123027205,False,False,1,WATCH,train
2026-09-18 20:31:44.773575+00:00,0.18319587104973284,2.2921641455918076,0.19524211504897965,-0.9314339619437552,9.827694190502426,0.01388344337691479,20,40,2.6743264660389423,False,171.43731056018416,True,0.49037500852628363,False,0.09270301,False,False,1,WATCH,train
2026-09-18 20:36:46.534288+00:00,0.18288873125290733,2.2723065073303226,-1.295043425616643,-0.5600327315057988,9.827530309168532,0.02171044998440963,29,40,3.0979366482205752,False,169.77708127015575,True,0.5104060399443806,False,0.18714471,False,False,1,WATCH,train
2026-09-18 20:41:39.415512+00:00,0.19058103536427978,2.2808238564607057,-0.1951038249928493,-0.45603315225788493,9.827222910617524,0.016613247725835795,30,40,2.1529202518866675,False,168.1077787606597,True,0.45563591498532086,False,0.1762548,False,False,1,WATCH,train
2026-09-18 20:46:41.384423+00:00,0.21022507016863448,2.28076936945856,0.43520147456272074,0.06351707141681384,9.825492830652614,0.018024674446127466,30,40,2.1377245363464534,False,166.4298852887711,True,0.4560522131796218,False,0.14113526,False,False,1,WATCH,train
2026-09-18 20:51:43.892566+00:00,0.19243249738763477,2.250931700545426,-0.29193835372345794,-0.41439048123389693,9.827426981710593,0.013988090172237894,30,40,2.4476130345436014,False,164.7429882731992,True,0.4911382167938679,False,0.123373546,False,False,1,WATCH,train
2026-09-18 20:56:45.333975+00:00,0.19357315699063748,2.30087488361651,0.45925021277368117,-0.7449105971642782,9.82390187468852,0.016298347997374098,29,40,2.4565700570432045,False,163.0477054568863,True,0.470722421696993,False,0.11095352,False,False,1,WATCH,train
2026-09-18 21:01:39.033370+00:00,0.1948560163799634,2.2610770654243053,0.4067324516357696,0.6772029080440277,9.825393051397905,0.01556349003990467,30,40,2.4367799582449283,False,161.34431649967692,True,0.47685129355893024,False,0.1182758,False,False,1,WATCH,train
2026-09-18 21:06:40.490661+00:00,0.1905376555904522,2.300352378833828,0.10788494287443338,0.06252366422499761,9.82570447408246,0.02107130750570543,30,40,2.3710280578080734,False,159.63300037366568,True,0.4688500825962375,False,0.2626046,False,False,1,WATCH,train
2026-09-18 21:11:42.893545+00:00,0.20040103926073968,2.2897963302875968,-0.6334986411558597,-0.29383963484394376,9.824503474170744,0.020773915267843744,30,40,2.5334580116615797,False,157.91429992837746,True,0.48144886444337914,False,0.23939045,False,False,1,WATCH,train
2026-09-18 21:16:44.974993+00:00,0.20351757792459324,2.2742967946969945,0.7092286047473735,-1.2927567054996183,9.82774853012652,0.01777638883463101,20,40,3.046279268132164,False,156.1883806156916,True,0.5036779945382743,False,0.17154963,False,False,1,WATCH,train
2026-09-18 21:21:47.794128+00:00,0.20058728430220127,2.2850666585735064,0.2860371554939269,-0.2848313131140939,9.825268610082222,0.016935212631459886,29,40,2.197863758844799,False,154.45542409376682,True,0.4667039534760795,False,0.11385366,False,False,1,WATCH,train
2026-09-18 21:26:39.833946+00:00,0.17529615567244955,2.260424663107982,-0.1022512847892811,0.7762048049456882,9.831388906356473,0.01598610507770886,30,40,2.515178133289916,False,152.7153183539964,True,0.4790475340397402,False,0.114114255,False,False,1,WATCH,train
2026-09-18 21:31:41.292945+00:00,0.19481643715923216,2.2744695192779805,-0.18548363503552545,0.07233823928953803,9.820465167472314,0.018454147380888287,30,40,2.1994764831621847,False,150.9691774184803,True,0.4652346922257123,False,0.16250926,False,False,1,WATCH,train
2026-09-18 21:36:43.679055+00:00,0.20213812750981106,2.302651419556455,-0.05127780525245459,0.06778501574121347,9.821801673339907,0.014851112939963327,30,40,2.343800592973551,False,149.21708050376856,True,0.4814413170119616,False,0.14620706,False,False,1,WATCH,train
2026-09-18 21:41:45.769719+00:00,0.1899565221995529,2.2694533177066294,0.016457613766628434,-0.0548566237927149,9.825028642901414,0.01957606248003442,30,40,2.261559255270568,False,147.45897674498508,True,0.4749831391517782,False,0.14042321,False,False,1,WATCH,train
2026-09-18 21:46:48.194023+00:00,0.20121929696622556,2.2905505985664134,-0.3911933416263685,0.46453524952506176,9.82401493879403,0.0162983479973741,29,40,2.410349981342548,False,145.6955998780365,True,0.4798761036819179,False,0.1286645,False,False,1,WATCH,train
2026-09-18 21:51:40.740105+00:00,0.1691340440646654,2.266127550457201,0.40531795355765415,0.3473192067695601,9.831578337443897,0.016224124698183597,30,40,2.384324305235253,False,143.926470313736,True,0.4859481687482025,False,0.13217467,False,False,1,WATCH,train
2026-09-18 21:56:43.315562+00:00,0.15833720458636816,2.2559037623231006,0.6957921225684098,0.8363334733381592,9.828301833897633,0.015898113095584303,20,40,2.7912081207088395,False,142.15228760664368,True,0.5090167349836914,False,0.10446892,False,False,1,WATCH,train
2026-09-18 22:01:45.394333+00:00,0.19846035233759055,2.305558205131808,-0.14410942823387235,-0.9616046461600057,9.822763928218532,0.015477582354991542,30,40,2.67072654280565,False,140.37429305521795,True,0.5068628472496391,False,0.13311076,False,False,1,WATCH,train
2026-09-18 22:06:47.258367+00:00,0.20507801840981973,2.2748604112761095,0.19317143207064164,0.5161577590049947,9.82704521056561,0.015734116615930473,29,40,2.4741436189101083,False,138.59219318369637,True,0.4904330673525622,False,0.11831334,False,False,1,WATCH,train
2026-09-18 22:11:39.219649+00:00,0.1942207452945438,2.2726137099131005,-0.3446893029375077,-0.32142633260274256,9.823942371793411,0.016683325008322574,30,40,2.325582130836652,False,136.80598835797713,True,0.4890532187286942,False,0.13750651,False,False,1,WATCH,train
2026-09-18 22:16:41.505392+00:00,0.17513912546933233,2.2951305246859453,0.20774394841490465,0.14039784072018152,9.825008602735142,0.013287420951996216,30,40,2.792323539456133,False,135.0158492074188,True,0.5200048266288476,False,0.08719403,False,False,1,WATCH,train
2026-09-18 22:21:43.883227+00:00,0.18811374816875015,2.2855864062991267,0.7193783376038968,-0.1720579362516701,9.82651295186066,0.019310331143946573,30,40,2.550071968546378,False,133.22268136259524,True,0.5062452735199228,False,0.18408461,False,False,1,WATCH,train
2026-09-18 22:26:46.273714+00:00,0.19084994911398528,2.2855887449799566,0.0535521196631343,-0.28925342645806357,9.833102883235771,0.021675822241411437,21,40,2.565924461974714,False,131.4266220484405,True,0.5074494710973868,False,0.19535749,False,False,1,WATCH,train
2026-09-19 04:03:23.487712+00:00,0.15953516802822873,2.293930943132834,-0.1318693554067031,1.231312224444702,9.840251864480111,0.018844151368961393,28,41,3.093890188946446,False,130.11771323718014,True,0.4719879040649764,False,0.19490768,False,False,1,WATCH,train
2026-09-19 04:13:26.306932+00:00,0.20489227373183408,2.411058358609692,-0.24839774791541755,0.2468298581419566,9.848755562099656,0.019032136564826836,30,41,2.526394714314211,False,128.83889594855268,True,0.44215722550349035,False,0.19794853,False,False,1,WATCH,train
2026-09-19 04:18:27.786828+00:00,0.22958000301231005,2.4360068944294806,0.4651355115959384,-1.7808162758613681,9.863523310361098,0.018027756377320202,30,41,3.6797664589222436,False,127.57528292133401,True,0.4939333503563821,False,0.1531225,False,False,1,WATCH,train
2026-09-19 04:23:30.188553+00:00,0.21854768068761124,2.4162599103102083,-1.4811495499245757,-0.6649061229337635,9.860081753252397,0.02340227909129087,30,41,3.315492084468788,False,126.32629581617898,True,0.505020635399443,False,0.24595332,False,False,1,WATCH,train
2026-09-19 04:28:31.401708+00:00,0.2125016783493949,2.4361983402281644,-0.13307026970664487,-1.1848872145332856,9.873079742328423,0.02283685612386012,29,41,3.1945520828975167,False,125.09209028224669,True,0.49131941248018723,False,0.22617109,False,False,1,WATCH,train
2026-09-19 04:33:24.386336+00:00,0.1982050909436984,2.4140524149626676,0.11658866789416011,-1.7061877384470934,9.856697126054915,0.017578395831247127,30,41,3.423773031313732,False,123.87257390786269,True,0.47906974371312183,False,0.14932385,False,False,1,WATCH,train
2026-09-19 04:38:26.788622+00:00,0.21171992117167623,2.36953039840046,0.16336191276321105,0.8117505600958981,9.852422786792186,0.01977933826552923,30,41,2.810329387252197,False,122.66830366236698,True,0.4497360334331521,False,0.18516974,False,False,1,WATCH,train
2026-09-19 04:43:27.956961+00:00,0.23558701388791775,2.37031269717946,0.7328178689724555,-0.7334205425481246,9.846330237689468,0.02080598204576968,30,41,2.5756547420048372,False,121.47951153806082,True,0.4481286342985327,False,0.16167003,False,False,1,WATCH,train
2026-09-19 04:48:30.114554+00:00,0.19281634486920946,2.360650866531178,0.16719908252407123,0.19544234618981843,9.862125359817453,0.01681269361722485,30,41,2.965016122070644,False,120.3050207908631,True,0.43557941476721335,False,0.15708119,False,False,1,WATCH,train
2026-09-19 04:58:24.852157+00:00,0.22270879303816657,2.375721145830374,0.0006726033946008598,0.0809709247177961,9.84682575134053,0.022373098926066398,30,41,2.1584738606614993,False,119.16131462568904,True,0.42631102570576124,False,0.21995254,False,False,1,WATCH,train
2026-09-19 05:03:26.627330+00:00,0.2086036203117385,2.3678294756918197,0.1237948552546502,-0.2769877233631329,9.848619605302874,0.017829438827088574,30,41,2.341828054889296,False,118.0324976863051,True,0.41638138809388464,False,0.18526417,False,False,1,WATCH,train
2026-09-19 05:08:28.813814+00:00,0.2012176320077478,2.359126615125617,-0.2887585318730198,-0.6901966766161676,9.84576600386838,0.020604745947367158,30,41,2.19496377628684,False,116.91869988741051,True,0.4268697605449081,False,0.17052762,False,False,1,WATCH,train
2026-09-19 05:13:30.937315+00:00,0.20547279896437928,2.399981093204535,0.26997833845056957,0.9075114129378715,9.848070013959356,0.029000000000000112,30,41,3.1106675147274037,False,115.82013353416714,True,0.46156718171734373,False,0.46278402,False,False,1,WATCH,train
2026-09-19 05:18:33.286493+00:00,0.18048435269022678,2.3997889558784324,-0.7484020444069441,-0.21793477648131426,9.850802732157893,0.015996432420335466,29,41,2.8732031388606676,False,114.73625942636943,True,0.4266285664871555,False,0.14827469,False,False,1,WATCH,train
2026-09-19 05:23:25.131898+00:00,0.14155586582206808,2.388038834701374,1.3625862652331457,0.18225048951177478,9.86513289301024,0.06865048352989878,30,41,7.313814927677861,False,113.66680975076876,True,0.5576385761646633,False,1.9539613,False,False,1,WATCH,train
2026-09-19 05:28:27.727303+00:00,0.20427440057744103,2.363871324452149,0.6439211331131472,-0.9540725582070129,9.848601867299092,0.022171052197754563,30,41,2.579938054025857,False,112.61361371356499,True,0.4400025097710725,False,0.32280767,False,False,1,WATCH,train
2026-09-19 05:33:29.607743+00:00,0.1132142984880919,2.3567873031923177,-1.716021897198266,0.5387585277809611,9.846897232900137,0.0609323395250831,20,41,6.558878882787003,False,111.57384339386219,True,0.5473150936033646,False,0.75536466,False,False,1,WATCH,train
2026-09-19 05:38:33.150243+00:00,0.23258077507214694,2.3938380042242655,-0.6460744543105417,1.4700590052683313,9.848804169395407,0.016949249279233743,29,41,3.618160641562362,False,110.55129392027312,True,0.4515497206452972,False,0.1543352,False,False,1,WATCH,train
2026-09-19 05:43:23.941382+00:00,0.23922827089558066,2.4150290375558723,-0.6901523430978928,-0.698519956245263,9.85232639813603,0.023485219938411402,30,41,2.4057661423082055,False,109.54387050771619,True,0.43253367361031914,False,0.2837178,False,False,1,WATCH,train
2026-09-19 05:48:26.021563+00:00,0.21232473862680762,2.3871757724472924,0.6638807991569389,0.8572344642629431,9.85480889851674,0.021161291024229582,29,41,2.7553825676474726,False,108.55091245437504,True,0.43145277993202635,False,0.24224138,False,False,1,WATCH,train
2026-09-19 05:53:28.516970+00:00,0.2019116863936986,2.355980095361358,-0.6705102169934404,0.2647148705408646,9.84856108392064,0.021408720964441814,30,41,2.1820963597003638,False,107.57266292873337,True,0.4140187498737375,False,0.2604618,False,False,1,WATCH,train
2026-09-19 05:58:30.603393+00:00,0.19082931858939886,2.386412281920896,0.30708714519320457,-1.742976063502298,9.847851842865204,0.034602504726295995,30,41,4.299675375975282,False,106.60904562051941,True,0.4895422906862078,False,0.7511275,False,False,1,WATCH,train
2026-09-19 06:03:32.576618+00:00,0.20013366686681977,2.397377770839349,-2.2376743011860762,-0.7556605734701364,9.854824317539098,0.038728298360963316,29,41,4.920816930982497,False,105.66036047697857,True,0.5204719630650855,False,0.7906668,False,False,1,WATCH,train
2026-09-19 06:08:24.729814+00:00,0.19263927354199764,2.387977746937461,1.146437302484442,0.37032778319064286,9.850151860362216,0.03954743986657053,30,41,4.378061036166671,False,104.72622347083636,True,0.48612532488943544,False,0.7820676,False,False,1,WATCH,train
2026-09-19 06:13:37.051323+00:00,0.2057729264338428,2.3813183544022647,-0.6553584871992395,-0.6543380890400113,9.856894933615523,0.024502707055777128,28,41,2.3966376622014582,False,103.80692492732388,True,0.43015966269043854,False,0.33163965,False,False,1,WATCH,train
2026-09-19 06:18:29.201650+00:00,0.26253986071448493,2.4153093846214575,-0.12918195940802255,0.7571748712155557,9.85295748326061,0.030724582991474403,20,41,2.985950907536079,False,102.90316702541328,True,0.44070871523628846,False,0.44873917,False,False,1,WATCH,train
2026-09-19 06:23:31.386655+00:00,0.2545398737959596,2.422656255932098,0.6313032401102796,-0.07047682719568606,9.850943604338738,0.038443320471687976,30,41,3.942349449628944,False,102.01367165169879,True,0.45987544556087323,False,0.8792183,False,False,1,WATCH,train
2026-09-19 06:28:33.567350+00:00,0.2273994440424329,2.447840384453304,-0.469981808854436,0.5472146679470011,9.849925489352259,0.023397510970603365,29,41,2.1748922927294942,False,101.1379844493289,True,0.4112578624093604,False,0.31458613,False,False,1,WATCH,train
2026-09-19 06:33:25.721244+00:00,0.22195231296673598,2.4416973248673153,-0.1740023161828035,0.7809857185110867,9.846119212846947,0.024812631191928503,30,41,2.2690112188489153,False,100.27638761831874,True,0.41858858725167886,False,0.3685642,False,False,1,WATCH,train
2026-09-19 06:38:28.327435+00:00,0.2552668309924821,2.446613861116552,0.23098313103975038,-0.43435491930444836,9.852493531887626,0.04583666654546324,30,41,4.750616102508463,False,99.42946732857575,True,0.4793732047148038,False,1.2617364,False,False,1,WATCH,train
2026-09-19 06:43:30.304361+00:00,0.22205695582559792,2.443892419108841,-0.7272753695771473,0.0932184814011818,9.860149648183853,0.03553402125663061,30,41,3.4683775071252096,False,98.59588635789027,True,0.44381229124265,False,0.69002306,False,False,1,WATCH,train
2026-09-19 06:48:32.289693+00:00,0.210257606351528,2.4426724912123485,-0.8746223207003578,0.05005355399581515,9.845432822543355,0.036798128474355964,29,41,3.5859392291875487,False,97.77590167191879,True,0.4497180659093544,False,0.7467313,False,False,1,WATCH,train
2026-09-19 06:53:24.628779+00:00,0.2251450366593679,2.428029607138677,-0.08402518556412039,0.10026852157604556,9.860159595736935,0.03756623779701963,30,41,3.620957016369825,False,96.96985971534609,True,0.44231290256011324,False,0.50976187,False,False,1,WATCH,train
2026-09-19 06:58:26.723935+00:00,0.22133596805910782,2.4525109995064702,-0.22390465730841305,0.2197501133208032,9.850629489342088,0.0379120876355928,24,41,3.6080673800717933,False,96.17727423916823,True,0.44174834852182965,False,1.1948287,False,False,1,WATCH,train
2026-09-19 07:04:09.893387+00:00,0.2838254734240713,2.4232411755291303,0.1383866272728624,0.3760455665969646,9.86544803653825,0.04289280708240362,26,41,4.318611389575396,False,95.40185572208307,True,0.46920385047216717,False,1.1091113,False,False,1,WATCH,train
2026-09-19 07:08:31.599295+00:00,0.2381261173669222,2.4700661694307438,0.010446821530807815,-0.08641995387100876,9.84832307611406,0.028397551434363316,29,41,2.2470557024825726,False,94.63616421589778,True,0.4118107204112125,False,0.5338061,False,False,1,WATCH,train
2026-09-19 07:13:23.642932+00:00,0.25585364632957314,2.4300513074616545,1.8006913782264504,-0.4366567538984329,9.854844801220672,0.03221628297753931,30,41,4.023144246718128,False,93.88384526662249,True,0.4676046192752076,False,0.59325147,False,False,1,WATCH,train
2026-09-19 07:18:25.828271+00:00,0.22337083297033825,2.463925437089649,-0.03629348676718862,-0.25666229138398033,9.858014086295894,0.032856590747604414,30,41,2.9584799413061456,False,93.1438136236005,True,0.4265095451186281,False,0.59201634,False,False,1,WATCH,train
2026-09-19 07:23:28.223984+00:00,0.22328879690845518,2.439204785018226,-0.5510832962580825,-0.6576991861833344,9.857194724181056,0.02756003547812605,30,41,2.4414927128418507,False,92.41648181314073,True,0.42214509072897893,False,0.3568158,False,False,1,WATCH,train
2026-09-19 07:28:30.634277+00:00,0.2109130008881004,2.4675537248947714,-0.6136631630655127,-0.549104318949644,9.84956111002759,0.028213471959331694,30,41,2.4076801357007165,False,91.70144266800978,True,0.4216830445961872,False,0.3028832,False,False,1,WATCH,train
2026-09-19 07:33:33.098382+00:00,0.22795825515008455,2.4439843170631823,-0.7948490957791681,-0.37618655095724574,9.857576380329187,0.0301103412976543,28,41,2.7197619252445455,False,90.99904246661434,True,0.42575860744464517,False,0.500747,False,False,1,WATCH,train
2026-09-19 07:38:24.946902+00:00,0.2090420906708483,2.458818061245062,-0.0005442756310252988,-0.6503840717943971,9.855604760522757,0.03496665077851561,30,41,3.345077842768059,False,90.30843135464366,True,0.4374997331549981,False,0.75242,False,False,1,WATCH,train
2026-09-19 07:43:27.435521+00:00,0.23948568151430488,2.4185884440511574,0.028592373927881474,-0.153225679819675,9.847434992609667,0.028809720581775902,20,41,2.2289647240023167,False,89.63030694501619,True,0.40847872281864406,False,0.43433964,False,False,1,WATCH,train
2026-09-19 07:48:29.624572+00:00,0.227518641194596,2.4564587644225964,0.5833264239507286,0.8836634029360515,9.857657852552604,0.02481263119192861,30,41,2.4444341126011966,False,88.96369052368391,True,0.413428024148044,False,0.4465723,False,False,1,WATCH,train
2026-09-19 07:53:32.649949+00:00,0.18682625029559344,2.4521945429322565,-0.7373581862351986,-0.17189452309916126,9.856975363253301,0.03413270597421876,29,41,3.1426069018828495,False,88.30784693147267,True,0.4328776926849687,False,0.56287026,False,False,1,WATCH,train
2026-09-19 07:58:23.957964+00:00,0.21527049249656435,2.4511081449420247,-0.25938918049244564,0.5383398158006839,9.860710879679434,0.03604934889225551,30,41,3.367060746710855,False,87.66381707249121,True,0.4352956419017967,False,0.8435704,False,False,1,WATCH,train
2026-09-19 08:03:26.269837+00:00,0.19753799398746094,2.423348105462019,0.0767278277505308,0.3261249810069574,9.851957902053208,0.03321478920936011,30,41,2.8947029367274335,False,87.0305372350158,True,0.4201553799855581,False,0.5575221,False,False,1,WATCH,train
2026-09-19 08:08:28.839443+00:00,0.18532748128392548,2.4194688329491147,0.14517361170762982,-0.6600873559630873,9.862578131275619,0.03579106033634659,30,41,3.4741603222584816,False,86.40787959446445,True,0.43802923843383923,False,0.62322956,False,False,1,WATCH,train
2026-09-19 08:13:30.833401+00:00,0.23133140331092023,2.4532172077521173,-1.3607467653248526,-0.2252408550801772,9.85347627585028,0.026801741236966888,30,41,2.6149543202943155,False,85.79667041244784,True,0.4216734571821798,False,0.4426752,False,False,1,WATCH,train
2026-09-19 08:18:33.413318+00:00,0.23643797812182907,2.4586028003766884,-0.7894067561678185,-0.526690331799206,9.855874788284604,0.025781163033248695,28,41,2.161590331556381,False,85.1959266050459,True,0.4041615825885407,False,0.37303436,False,False,1,WATCH,train
2026-09-19 08:23:25.673676+00:00,0.20736678961248614,2.4566806758669744,0.23019536138203694,-0.5349585805116246,9.853755910676531,0.026370592774249614,28,41,2.0551248785201377,False,84.60478247930428,True,0.39881137362532665,False,0.5632452,False,False,1,WATCH,train
2026-09-19 08:29:48.468942+00:00,0.20037570558395867,2.43784745276768,1.3784400023546528,1.1243264011933753,9.857999727973283,0.02282252765569696,22,41,3.033138394110071,False,84.02533758053596,True,0.42573307236671365,False,0.35236797,False,False,1,WATCH,train
2026-09-19 08:33:30.451406+00:00,0.21173677277030448,2.4786263841758225,-0.7494575351770897,0.14998178120845115,9.862480591123411,0.028341175385333404,30,41,2.3613587519621584,False,83.4537811724466,True,0.4090549276922548,False,0.4982413,False,False,1,WATCH,train
2026-09-19 08:38:32.544012+00:00,0.22555452413764,2.5095688316448572,-1.1251984328342197,-1.2149867956043858,9.858524860423596,0.01858233597973466,29,41,2.756951860057017,False,82.89184627802527,True,0.4188075836897117,False,0.20078407,False,False,1,WATCH,train
2026-09-19 08:43:24.795253+00:00,0.24576741896421866,2.534690045599716,0.3640816861610843,-0.12785767423565145,9.859806025331638,0.019414742427943887,29,41,1.680470685840805,False,82.33938725463761,True,0.3776530789236798,False,0.25246203,False,False,1,WATCH,train
2026-09-19 08:48:28.027812+00:00,0.2117829875321153,2.4461950561297345,0.6297775491052185,0.20183936127613508,9.86676364824884,0.01857118436957906,30,41,2.0879300309833666,False,81.79515106008886,True,0.3814796937281535,False,0.2203285,False,False,1,WATCH,train
2026-09-19 08:53:29.457993+00:00,0.19721681702279772,2.4980269001504936,-0.2647933943822519,-0.6284875821038693,9.86979669768892,0.025024432505498097,30,41,2.023276593322821,False,81.25922059009243,True,0.39178691787402653,False,0.25389734,False,False,1,WATCH,train
2026-09-19 08:58:32.164486+00:00,0.18885122529613438,2.4605643204747674,-0.37012749592203825,0.8021941062942807,9.864015228122982,0.024789242421533318,29,41,2.142103232981495,False,80.73143403780455,True,0.39240862691491774,False,0.37275654,False,False,1,WATCH,train
2026-09-19 09:03:24.434285+00:00,0.23010697900335433,2.507472258740029,0.29283322752155033,0.6216899282252235,9.869454314276808,0.02213889781968926,29,41,1.9656272664261543,False,80.21241610768588,True,0.38428782946033996,False,0.25379688,False,False,1,WATCH,train
2026-09-19 09:08:26.835583+00:00,0.16742875276355962,2.492723707497233,-0.30219050356687555,-0.4739762293125007,9.868784808789,0.059436941374872446,20,41,5.986014667726301,False,79.69999226734068,True,0.4779760545832121,False,1.940516,False,False,1,WATCH,train
2026-09-19 09:13:29.422871+00:00,0.20885383801264637,2.529951470047402,-0.06745604701739866,0.05632202435936909,9.876534884269546,0.027535835237418,30,41,2.136407067464498,False,79.19577154891016,True,0.39849414398003435,False,0.33836162,False,False,1,WATCH,train
2026-09-19 09:18:31.369396+00:00,0.15849408221092476,2.4880167255267107,0.988308902577111,0.6652663556658148,9.863176605653381,0.038605292497260676,29,41,4.004632693638127,False,78.69779336399999,True,0.44143942723937313,False,0.82699615,False,False,1,WATCH,train
2026-09-19 09:23:23.692133+00:00,0.1999560953696619,2.4672521076667304,-0.5178225225095723,0.1274163321797245,9.858573505222312,0.03419064199455756,30,41,3.0152252131694883,False,78.20743621080717,True,0.4201496686897338,False,0.57916826,False,False,1,WATCH,train
2026-09-19 09:28:26.128510+00:00,0.22402035353671215,2.4732334842990786,0.8393478256996191,0.48387389956225035,9.865518878609777,0.023748684174075926,30,41,2.117278256882251,False,77.72408701638925,True,0.3905393498028178,False,0.34429204,False,False,1,WATCH,train
2026-09-19 09:33:27.724723+00:00,0.22508788000659094,2.512201755415498,-0.7503056120996542,0.6967554038986778,9.855429738323563,0.02217105219775452,30,41,1.963963641769132,False,77.24702765348772,True,0.38664217237123494,False,0.18283182,False,False,1,WATCH,train
2026-09-19 09:38:30.031674+00:00,0.2166137926859391,2.4851906140114486,-1.8574693182034525,-0.3738300951105735,9.860117566560849,0.01719496050203877,30,41,3.182527813843257,False,76.77578195618409,True,0.42212028176501715,False,0.14277816,False,False,1,WATCH,train
2026-09-19 09:43:32.694316+00:00,0.2250822127536896,2.4626544697642343,-0.015417774049959955,0.032992317779504295,9.863962385840397,0.023136877513401825,29,41,1.4357124361328206,False,76.3103530522983,True,0.37653742853970884,False,0.2387854,False,False,1,WATCH,train
2026-09-19 09:48:24.666320+00:00,0.1982384494635866,2.457337928743833,0.702886920554445,0.9321048176058443,9.860282890549593,0.017156145643277238,30,41,2.513420978473081,False,75.84979009619983,True,0.3869299537793636,False,0.17979223,False,False,1,WATCH,train
2026-09-19 09:53:27.029562+00:00,0.1982586772443538,2.491018577307803,-0.21348942551489983,-0.9284845306093806,9.861926770037865,0.020316249653910292,20,41,1.8594846094451674,False,75.39427158922658,True,0.38562337050266904,False,0.1692738,False,False,1,WATCH,train
2026-09-19 09:58:29.422363+00:00,0.22266697823834525,2.493981749755052,-0.5200295974351561,0.11889985405464239,9.859330777499054,0.014395215254459467,30,41,2.661179909565971,False,74.94392855878958,True,0.4002131043318159,False,0.13647057,False,False,1,WATCH,train
2026-09-19 10:03:31.809743+00:00,0.16656679215141748,2.4840047495085247,0.4713533881764572,-0.9302681965137409,9.876417186557392,0.015661437106629348,28,41,2.680693835192618,False,74.49698017539109,True,0.3976488565281094,False,0.18037328,False,False,1,WATCH,train
2026-09-19 10:08:24.166215+00:00,0.22697314428279816,2.472119310654478,-0.060628004452470706,0.3834616245324867,9.854202729848906,0.025130769099961085,30,41,1.640929434217943,False,74.05523009733169,True,0.38310588164441284,False,0.334723,False,False,1,WATCH,train
2026-09-19 10:13:27.202862+00:00,-0.37946756200680426,2.7862021727487485,-11.28479182717664,8.564864882085143,9.857677698217099,0.06090885722855816,30,41,20.963658101095763,True,73.60621935428408,True,0.6316466159025285,True,0.6162131,False,False,3,WATCH,train
2026-09-19 10:18:28.536475+00:00,-0.6548396435683368,2.954718287314092,-1.2182059225308184,-0.3048154759144423,9.866079427985511,0.016265163865007558,30,41,2.9557501460751756,False,73.15565388269229,True,0.4002525818495692,False,0.11541298,False,False,1,WATCH,train
2026-09-19 10:23:31.052047+00:00,-0.7226603606765639,2.987378835620243,0.5074546266809637,-1.067130243172251,9.868191534356278,0.0228003796618156,29,41,2.4697380130939415,False,72.70698938455705,True,0.3950405805402057,False,0.22515018,False,False,1,WATCH,train
2026-09-19 10:28:23.512433+00:00,-0.6944223343958927,2.974393738737565,-1.3565614200388554,0.06264265384074402,9.869584128403455,0.020278614899006696,30,41,2.599677296848298,False,72.26165038536831,True,0.398238477259961,False,0.22482637,False,False,1,WATCH,train
2026-09-19 10:33:25.247347+00:00,-0.670601722999118,2.9794472289038145,-1.286018190763893,0.601892831604759,9.862688083455524,0.015580436450882904,20,41,3.338167516745519,False,71.8192309392496,True,0.41031476199246825,False,0.08951232,False,False,1,WATCH,train
2026-09-19 10:38:27.653433+00:00,-0.6980211682189746,3.008792839627049,-0.3221396040490263,-0.10910854480717834,9.870578930284635,0.016603212540549715,30,41,2.3951249192307813,False,71.37847152737146,True,0.3789612278608279,False,0.12800619,False,False,1,WATCH,train
2026-09-19 10:43:30.513007+00:00,-0.7344052421572242,3.0799458554392913,-0.609383190472262,-0.07949146747993292,9.86392915453789,0.01943936441576437,30,41,2.0009778417989423,False,70.93888121260457,True,0.381910396975883,False,0.18173264,False,False,1,WATCH,train
2026-09-19 10:48:32.115509+00:00,-0.754448898507614,3.0698439292790227,1.285132538432214,-0.34174179189442333,9.864173257265193,0.020827129476609002,29,41,2.5759271704219846,False,70.50042885565195,True,0.3991946057174988,False,0.13527575,False,False,1,WATCH,train
2026-09-19 10:53:24.364228+00:00,-0.7537915157136036,3.078222972797981,-0.3257484556538336,0.9569109110176601,9.877064035000426,0.020387904911163834,30,41,2.4902207422655813,False,70.06316198553189,True,0.38440438158376894,False,0.21139233,False,False,1,WATCH,train
2026-09-19 10:58:26.758402+00:00,-0.7553011066624317,3.110010375403401,0.6715926389677467,1.020664554922301,9.8652801468683,0.021931712199461294,30,41,2.4943838793620405,False,69.62671126856459,True,0.3962143339423858,False,0.23330826,False,False,1,WATCH,train
2026-09-19 11:03:29.292366+00:00,-0.7495405305665789,3.107119025188987,-0.7540138705468359,-0.4457371472469275,9.856889538621191,0.016100162110246563,29,41,2.5896759112298877,False,69.19087876938904,True,0.39701223034730604,False,0.096625164,False,False,1,WATCH,train
2026-09-19 11:08:31.739352+00:00,-0.7557136639216349,3.074968249509695,0.019447534908459227,-0.650978537134624,9.86503184332757,0.02517477551509519,29,41,2.1285455252280086,False,68.75511670847159,True,0.3934960511846177,False,0.3836707,False,False,1,WATCH,train
2026-09-19 11:13:24.000887+00:00,-0.7422997484486974,3.040968393180911,0.08542999659491912,0.42223857128002434,9.8532377639197,0.04516143881183981,30,41,4.543437225154898,False,68.31945104363324,True,0.4582625649119896,False,1.0737025,False,False,1,WATCH,train
2026-09-19 11:18:26.298466+00:00,-0.7207984001968767,3.0535110262929424,-0.3663118747960842,0.06036273616993315,9.867850611572262,0.013955285736952752,20,41,3.049508843439604,False,67.8836984565565,True,0.41033564963121893,False,0.117433734,False,False,1,WATCH,train
2026-09-19 11:23:28.991543+00:00,-0.7644342168993556,3.0866027845615047,0.5848001149547905,1.085313272722561,9.86502944276695,0.02186066990942612,30,41,2.456561406272002,False,67.44634282843198,True,0.40072388433269185,False,0.2787633,False,False,1,WATCH,train
2026-09-19 11:28:31.933773+00:00,-0.6833126376940636,3.047309965459432,-2.252335496139008,0.14931778895294262,9.869186274864981,0.03814048753668818,29,41,4.613375476304232,False,67.00932538931254,True,0.47728316992380426,False,1.2540026,False,False,1,WATCH,train
2026-09-19 11:33:33.260464+00:00,-0.693951870182958,3.0491742546515,0.23803837297335556,0.33873310280730534,9.859024827972238,0.0192980256270804,29,41,1.7652829047274847,False,66.57064627301699,True,0.38159550928098357,False,0.23765571,False,False,1,WATCH,train
2026-09-19 11:38:26.489071+00:00,-0.7043577348171681,3.020136953151627,-2.5975073798633335,1.652300794479254,9.856074219961503,0.03833912999650476,30,41,5.495548572652868,False,66.12998103387271,True,0.5079092177486185,False,0.58079845,False,False,1,WATCH,train
2026-09-19 11:43:27.600126+00:00,-0.6874968375275803,3.0158638074366815,3.1399719406501685,-1.3274854200269888,9.857920948637867,0.03796050579220464,30,41,6.430111077037595,False,65.68749821480525,True,0.5206340186501749,False,0.41665763,False,False,1,WATCH,train
2026-09-19 11:48:30.932248+00:00,-0.6963349137234787,3.0386398481421746,-3.03992727884967,1.3520478375375713,9.86718527033961,0.04791659420284382,30,41,6.447182587678538,False,65.24240314723482,True,0.5349737065867524,False,0.3980459,False,False,1,WATCH,train
2026-09-19 11:53:32.473233+00:00,-0.7137972031098525,3.0417639531387546,0.6609275526144369,-0.7486856194626371,9.875741172003352,0.020861356499660484,29,41,2.18894381187815,False,64.79421316932535,True,0.38847983093899624,False,0.33552182,False,False,1,WATCH,train
2026-09-19 11:58:24.812223+00:00,-0.7110490925539896,3.0731815766259025,1.1923898498061467,-0.06316963979709743,9.861258832643854,0.024066700005387968,23,41,2.4778398926123844,False,64.34297186498411,True,0.40120126459181593,False,0.15664166,False,False,1,WATCH,train
2026-09-19 12:03:57.308335+00:00,-0.7529298261847932,3.028922944374697,-2.1133845747222453,0.9321147446385435,9.859844194637068,0.025239592648001227,27,41,3.685312911567047,False,63.88754391846214,True,0.44442349487511645,False,0.23807904,False,False,1,WATCH,train
2026-09-19 12:08:28.773097+00:00,-0.6999779288736125,3.0313661866779547,0.04738733699291693,-0.184389413095854,9.853082430771066,0.019955506062794472,30,41,1.5772383890957695,False,63.429334491069255,True,0.37591577446530194,False,0.23358573,False,False,1,WATCH,train
2026-09-19 12:13:31.370227+00:00,-0.7255712204526868,3.0362414060615857,0.033763445884945856,-0.22142066680663447,9.86076246918723,0.020450482200237305,30,41,1.578155356834918,False,62.96659424425287,True,0.37581979844378677,False,0.11140328,False,False,1,WATCH,train
2026-09-19 12:18:33.243187+00:00,-0.7447535573807175,3.094322957556347,-0.2034353604651303,0.20547998736256837,9.86077570176907,0.022384596368437912,29,41,1.6462757248519018,False,62.49912237097604,True,0.37897855005491116,False,0.3842999,False,False,1,WATCH,train
2026-09-19 12:23:25.628032+00:00,-0.7196677413923803,3.066414852350895,0.03558028058043048,0.6297548265386111,9.865349657737587,0.022558565754251567,30,41,1.814163518229353,False,62.02740932703293,True,0.38183216484121707,False,0.3286114,False,False,1,WATCH,train
2026-09-19 12:28:28.000169+00:00,-0.7338400163651077,3.111272102079785,0.7454152174459147,1.05517048689055,9.86712047768725,0.02028336713083125,29,41,2.4479331559667403,False,61.550427238119894,True,0.3944468645041639,False,0.1770136,False,False,1,WATCH,train
2026-09-19 12:33:30.291037+00:00,-0.6982554619839914,3.094795956996818,-0.1211539094632005,-0.11772606068262766,9.864659997856773,0.018526257642120385,30,41,1.6904357358063762,False,61.068771100370704,True,0.3752288201493141,False,0.14412373,False,False,1,WATCH,train
2026-09-19 12:38:32.585936+00:00,-0.7159404223617704,3.0706914452047736,0.7453696374712836,0.26337307571640334,9.868525489626979,0.020277504038605725,29,41,1.9087881403291214,False,60.58116288431745,True,0.3807719930293671,False,0.26941812,False,False,1,WATCH,train
2026-09-19 12:43:25.036814+00:00,-0.7133401769821837,3.0756652560652142,0.37852144738495697,0.08115625248486956,9.88668064041145,0.020832666655999213,20,41,1.7096513356322627,False,60.08766627805779,True,0.3721611224101513,False,0.2447874,False,False,1,WATCH,train
2026-09-19 12:48:28.196001+00:00,-0.7278911348531327,3.0810836581350136,1.0195995647729843,-0.7307890177880585,9.879670704096998,0.02332380757938123,30,41,2.528462095429477,False,59.58766627805779,True,0.3989146657789875,False,0.19202077,False,False,1,WATCH,train
2026-09-19 12:53:30.250505+00:00,-0.7209023791237379,3.097675036226107,0.5979600038861514,-0.24415023743393746,9.869942144921298,0.02312145464033132,29,41,1.9271690075558254,False,59.081255204563014,True,0.3849326393783953,False,0.20291978,False,False,1,WATCH,train
2026-09-19 12:58:31.815711+00:00,-0.7731961566091086,3.1175084190745346,0.9159707540778728,-0.44781597356121033,9.865093485206469,0.021768142796672562,28,41,2.2229561924462233,False,58.567057148996405,True,0.38872439729817276,False,0.230491,False,False,1,WATCH,train
2026-09-19 13:03:24.786617+00:00,-0.7189278517829049,3.0790790099152945,1.1958954186634057,-0.10792595875230052,9.877951158387734,0.023437861108329003,30,41,2.418885224234799,False,58.046718599015165,True,0.3942818099619414,False,0.4086201,False,False,1,WATCH,train
2026-09-19 13:08:26.862826+00:00,-0.7056224552336653,3.121798875360105,0.05931781673739179,0.14347072175611109,9.865204449524564,0.01821171783953031,30,41,1.7005828793909885,False,57.51920379423148,True,0.3746043054717604,False,0.14044185,False,False,1,WATCH,train
2026-09-19 13:13:28.650776+00:00,-0.7644604655833792,3.0862788219944535,1.755326829274944,0.20086124769681418,9.875334855422828,0.018015425489161834,30,41,3.0255315593529524,False,56.982912874991555,True,0.4174840133597263,False,0.19760445,False,False,1,WATCH,train
2026-09-19 13:18:31.142220+00:00,-0.7583752235717891,3.0901240233869265,0.8035095190765731,-0.18592851980955505,9.869456666029551,0.020906905367205682,29,41,1.9554477095673386,False,56.43874489933126,True,0.38434272025368477,False,0.3130311,False,False,1,WATCH,train
2026-09-19 13:23:23.808448+00:00,-0.7288981636041068,3.0813774292093163,-1.1034296988136978,-0.27490994149346437,9.867334059924481,0.015080943015927332,27,41,2.8252720977186994,False,55.88684666184448,True,0.40639603533291685,False,0.11888128,False,False,1,WATCH,train
2026-09-19 13:29:36.128320+00:00,-0.7194165492626222,3.071869811578483,1.1671891510728558,1.2894217112162765,9.873311769662653,0.02618098994317326,23,41,3.131979060577864,False,55.32483798556526,True,0.4261505348167158,False,0.30967218,False,False,1,WATCH,train
2026-09-19 13:33:28.038879+00:00,-0.7435651890991742,3.0612357010519595,-0.5535585904871536,0.35253041840692556,9.876629896434743,0.023594876406283737,29,41,1.8428824374511548,False,54.755317710762355,True,0.3851871419930325,False,0.42132717,False,False,1,WATCH,train
2026-09-19 13:38:30.232918+00:00,-0.723686039609996,3.055475090825405,-0.6733442583809979,0.5333103434136711,9.872946460590429,0.022022715545545284,30,41,1.9100128932513543,False,54.17707944109566,True,0.38443068014551335,False,0.19432026,False,False,1,WATCH,train
2026-09-19 13:43:33.589129+00:00,-0.7080904931409484,3.077592457741713,-0.1887685762080073,-0.18630611857845558,9.864408850109472,0.018311611099795545,29,41,1.6496166067335465,False,53.58978266598851,True,0.37739215891801037,False,0.13988183,False,False,1,WATCH,train
2026-09-19 13:48:25.111855+00:00,-0.7381165507426758,3.0732752316574823,-0.28459478976437047,-0.45698793673199967,9.864573760212751,0.019999999999999983,30,41,1.7149563947475457,False,52.99233877751583,True,0.3789977320200043,False,0.095481716,False,False,1,WATCH,train
2026-09-19 13:53:27.386069+00:00,-0.7321134148070131,3.0757336041585783,-0.41085735298573056,0.3928859520315984,9.862480044512315,0.019779338265529002,30,41,1.7166222135557336,False,52.385150161247346,True,0.3776434792432431,False,0.2189552,False,False,1,WATCH,train
2026-09-19 13:58:30.031856+00:00,-0.7126969225810377,3.064290564268387,-1.4041983742170978,-0.20874827053395498,9.867081957065562,0.022472205054244236,30,41,2.5081149338753512,False,51.768212179331954,True,0.403477132557,False,0.23774703,False,False,1,WATCH,train
2026-09-19 14:03:44.443168+00:00,-0.7055407506948509,3.081947974897183,-0.3919610773592881,0.3616741561534171,9.877111653703858,0.023955209053905753,28,41,1.8021739263866923,False,51.141057622029045,True,0.38256422576830457,False,0.23446816,False,False,1,WATCH,train
2026-09-19 14:13:25.977540+00:00,-0.7401014223930533,3.1023655931669225,0.5286968654046049,-0.41188780099519284,9.863347270002656,0.020550750189064514,30,41,1.8757951812107905,False,50.49186796506936,True,0.38219893103447383,False,0.1613601,False,False,1,WATCH,train
2026-09-19 14:18:28.372203+00:00,-0.7568271766057806,3.0806731994511782,-0.27574842729855426,-0.26906877718298294,9.861658800467769,0.017074997966487558,30,41,1.8703876580446552,False,49.83132492593633,True,0.38069500124962863,False,0.21231024,False,False,1,WATCH,train
2026-09-19 14:23:30.770606+00:00,-0.7325928929095759,3.080593591760574,-0.45133296406429785,-0.17853988245946184,9.85834810490848,0.015162087220725656,30,41,2.294173781769085,False,49.159950524156116,True,0.3913798832354643,False,0.12705916,False,False,1,WATCH,train
2026-09-19 14:28:33.270248+00:00,-0.7488603404286917,3.085750405950977,-0.16824095355887217,1.1109287796159126,9.862814147571937,0.016537350080388674,29,41,2.537405209802513,False,48.47678916139345,True,0.4006396168773841,False,0.13227199,False,False,1,WATCH,train
2026-09-19 14:33:25.161958+00:00,-0.7144951659862726,3.0973956946815338,0.7320257416351638,0.6643253703827612,9.862444933883271,0.02035517952102936,30,41,2.05306739949089,False,47.78254977730503,True,0.3839603759857314,False,0.20046529,False,False,1,WATCH,train
2026-09-19 14:38:27.592821+00:00,-0.7193372847120745,3.095080660628527,-1.19050106304031,0.37027372632374694,9.86280321293696,0.021398338460938717,30,41,2.3354823086421908,False,47.076311377646576,True,0.398327520602642,False,0.22256616,False,False,1,WATCH,train
2026-09-19 14:43:29.574543+00:00,-0.7386054845217018,3.0839335948956923,0.5565067995901992,-1.1594092327866439,9.860646916285967,0.024046251729161937,30,41,2.874712419964103,False,46.35760977038899,True,0.4151144991001751,False,0.24891122,False,False,1,WATCH,train
2026-09-19 14:48:32.411653+00:00,-0.7259553430189496,3.0802888293616992,0.5550363812951821,1.5183871023156497,9.863899987563096,0.02422153010873923,29,41,2.9107114156840055,False,45.62683021234732,True,0.424215993888909,False,0.12446502,False,False,1,WATCH,train
2026-09-19 14:53:24.492710+00:00,-0.7221056715764578,3.0812503464918763,0.7449093240620551,0.30007661704470906,9.864475838576228,0.01577181029558754,20,41,2.2673858079773064,False,44.88362254669167,True,0.39016261869822805,False,0.07866316,False,False,1,WATCH,train
2026-09-19 14:58:26.283415+00:00,-0.7212147026211564,3.110511542263518,-0.1906486612626352,0.3201473997818579,9.856465240978075,0.018439088914585792,30,41,1.735267816798877,False,44.12774891238637,True,0.3771741886334697,False,0.15818745,False,False,1,WATCH,train
2026-09-19 15:03:28.368344+00:00,-0.7458625766545369,3.0877869962450477,-0.4421437723334468,0.34159865886612323,9.855747403909929,0.022300971578237003,30,41,1.9304434430522577,False,43.35856642088015,True,0.3821461591370427,False,0.2347375,False,False,1,WATCH,train
2026-09-19 15:08:31.408067+00:00,-0.7383117497286898,3.072271685733957,-1.078280361801633,-0.13780557248204262,9.873791416617964,0.021715329966536325,30,41,2.1495727391054245,False,42.57648939612558,True,0.3952600018630877,False,0.24469239,False,False,1,WATCH,train
2026-09-19 15:13:32.847317+00:00,-0.7256110048212121,3.0580944003339727,0.8956606344414147,-1.1761801051691267,9.87234942214424,0.021748754525822728,29,41,2.7952370144439147,False,41.78144595097644,True,0.4113358302247926,False,0.2288348,False,False,1,WATCH,train
2026-09-19 15:18:25.310987+00:00,-0.7192906686279069,3.078680073198293,-0.9557043176911899,0.32698716144987705,9.8633026832231,0.02220110107379562,30,41,2.178942937939751,False,40.973160574085384,True,0.39464144130343415,False,0.16330348,False,False,1,WATCH,train
2026-09-19 15:23:27.382178+00:00,-0.7679224201751104,3.1004346245409997,-0.04666610967594778,-1.0358330148905928,9.861758670688342,0.0228910462845192,30,41,2.523684661681991,False,40.150479880902225,False,0.40493032029894327,False,0.13710141,False,False,0,OK,train
2026-09-19 15:28:30.127708+00:00,-0.7392183148089202,3.094382177254464,-0.43472276254753783,0.46024210642821456,9.865883569864163,0.028039381172767087,29,41,2.6326149303590896,False,39.31466517260764,False,0.4104593772304733,False,0.53962547,False,False,0,OK,train
2026-09-19 15:38:23.891406+00:00,-0.754698156358162,3.056830207255847,-0.0897256815305892,0.8481710260136877,9.85845073239207,0.018381754238616363,30,41,2.0652743009895853,False,38.45084188539143,False,0.3904970179362709,False,0.1734812,False,False,0,OK,train
2026-09-19 15:43:26.511806+00:00,-0.7650450986022689,3.091946166082809,1.0885844464607362,0.924139599867956,9.86553766283255,0.022669117514558912,30,41,2.6845427976812823,False,37.572773221628296,False,0.4135885129995412,False,0.33546424,False,False,0,OK,train
2026-09-19 15:48:29.012092+00:00,-0.7596666095321937,3.071047017902775,-0.26453578513836884,0.8874273408179228,9.868356651514175,0.022230015808670657,29,41,2.1398754249344294,False,36.68062527288088,False,0.4007154120507123,False,0.22904083,False,False,0,OK,train
2026-09-19 15:53:31.102038+00:00,-0.7773616599089371,3.1077555125578296,-0.4000975752698066,-0.09942916285838235,9.857267628814858,0.020760416613333756,28,41,1.8771885443062473,False,35.7738645566149,False,0.38722650975696654,False,0.10023132,False,False,0,OK,train
2026-09-19 15:58:23.562911+00:00,-0.7180444766863636,3.099223216916585,-0.5199536584145286,0.3975950777390787,9.857678455584276,0.022561028345356983,30,41,2.0800503373164934,False,34.85378641831354,False,0.3951370892232921,False,0.10534748,False,False,0,OK,train
2026-09-19 16:03:26.031062+00:00,-0.7419459237454263,3.093195802982591,-0.48466936469902505,0.6864927004783151,9.868618511780316,0.018658964494439604,29,41,2.044103436506082,False,33.91877610901567,False,0.39172933739512167,False,0.26182044,False,False,0,OK,train
2026-09-19 16:08:28.985927+00:00,-0.7261657833937805,3.0959297161802115,0.821877831676376,-0.26873582336155744,9.862105829376917,0.020712315177207983,30,41,2.170930472048278,False,32.96946313499688,False,0.4024046002318405,False,0.15656888,False,False,0,OK,train
2026-09-19 16:13:30.118700+00:00,-0.7465757567799656,3.070281462901088,-0.18783989746902918,0.37401726674521724,9.870414068766568,0.017792008193443367,30,41,1.81115944621383,False,32.00510272880268,False,0.39051951079803787,False,0.16774522,False,False,0,OK,train
2026-09-19 16:23:27.078563+00:00,-0.7543138519485103,3.0804911096229777,-0.8421683957611179,0.21693140000486127,9.866313697549321,0.02216659704806671,27,41,2.1770045163275187,False,31.01101986172495,False,0.40218372103244965,False,0.28227514,False,False,0,OK,train
2026-09-19 16:28:30.904546+00:00,-0.7604489390579369,3.0950000356067684,1.0701689809388606,-0.16211452755204725,9.860800933028356,0.02044155431607739,28,41,2.3993386568006647,False,30.001933670956813,False,0.40904794360212277,False,0.15067649,False,False,0,OK,train
2026-09-19 16:33:33.327887+00:00,-0.7282396176251992,3.0604064969065745,0.18623598987100282,0.4483108585935976,9.872046754027183,0.01988166522816683,28,41,1.781404718907265,False,28.978484415690435,False,0.39362404689759234,False,0.18438852,False,False,0,OK,train
2026-09-19 16:38:25.698199+00:00,-0.750243833779122,3.0663336440447417,0.7717195728979491,-0.2308658269081284,9.865448394474225,0.020179747823553786,30,41,2.1230990670601644,False,27.939634485237907,False,0.4037275786498741,False,0.15718381,False,False,0,OK,train
2026-09-19 16:43:23.843239+00:00,-0.7473175666504229,3.08546048600718,-0.3187657326736199,0.24945702236931097,9.859574279098418,0.019137154380016036,29,41,1.8672063258568679,False,26.88579419732898,False,0.3937152674127973,False,0.12001386,False,False,0,OK,train
2026-09-19 16:48:28.607240+00:00,-0.7400760720870525,3.052987768393714,1.0200859957302466,-1.8112154494455708,9.868383731275134,0.017953644012660315,30,41,3.5621044482938946,False,25.817005736132703,False,0.4483596432985618,False,0.1840231,False,False,0,OK,train
2026-09-19 16:53:31.007288+00:00,-0.7637962736750206,3.0762411131374985,-0.12076197375829091,-0.06825977975625816,9.870878865818092,0.017151489814408123,29,41,1.878557677684669,False,24.732676259042236,False,0.3969238527001697,False,0.12993148,False,False,0,OK,train
2026-09-19 16:58:32.468643+00:00,-0.7524404833862283,3.0760265526736323,-1.1475086542586148,1.3195452249987354,9.861325359384766,0.017340134720031514,21,41,3.213275164044143,False,23.633422307595318,False,0.4515921953916887,False,0.14624369,False,False,0,OK,train
2026-09-19 17:03:43.367989+00:00,-0.7679531444581056,3.091631086967613,-0.28144979517013546,0.5959769685827495,9.863696757481614,0.020882934151490968,28,41,2.091855644113131,False,22.518739948065914,False,0.407239979535907,False,0.18692361,False,False,0,OK,train
2026-09-19 17:08:26.889052+00:00,-0.7663174094424078,3.08489565510206,-0.7077964717287395,-0.04448948676151253,9.864853944856728,0.021817424229271368,30,41,2.194682431576062,False,21.388933766699754,False,0.4088787474757163,False,0.27794513,False,False,0,OK,train
2026-09-19 17:13:29.529666+00:00,-0.7585806739341157,3.1092180998643726,-0.35772642230394364,-1.202357614008567,9.862002521859324,0.019928528657655036,29,41,2.6828697447149796,False,20.24411444806727,False,0.4285946927590683,False,0.27924612,False,False,0,OK,train
2026-09-19 17:18:31.053977+00:00,-0.7245721561775347,3.071656135461638,-0.28925595424296485,-0.43349616317814016,9.859195760523013,0.01768866554856212,30,41,2.054135531489446,False,19.08476709123171,False,0.40503099799035164,False,0.18287171,False,False,0,OK,train
2026-09-19 17:23:33.443311+00:00,-0.7120189440929031,3.1031481369011717,0.3469251203418256,1.0848915393712302,9.867461107851225,0.025729413974753187,27,41,2.9173616289096342,False,17.910515149558087,False,0.4496716930127139,False,0.3075541,False,False,0,OK,train
2026-09-19 17:28:25.904156+00:00,-0.7592826355107261,3.139423941862734,0.14548269188530116,-0.8128734052009137,9.85718327155385,0.02136716068071647,30,41,2.5087570708679685,False,16.754117547732292,False,0.4233561899176962,False,0.21314028,False,False,0,OK,train
2026-09-19 17:33:28.298702+00:00,-0.7577002071278685,3.1070367514248565,-1.447701610083233,0.7338069561319158,9.871106149804717,0.022669117514559065,30,41,3.0754216745436254,False,15.587897545864063,False,0.4580188797225809,False,0.1678522,False,False,0,OK,train
2026-09-19 17:38:30.160248+00:00,-0.7518739600294743,3.1291307620028577,-0.5154019706905132,0.6016721176610016,9.859014301689601,0.01771084970813271,29,41,2.34001578685427,False,14.407150704222868,False,0.41429360822981387,False,0.18526557,False,False,0,OK,val
2026-09-19 17:48:24.697133+00:00,-0.7460180893523015,3.0904600630625487,0.20550955026135204,-0.41756307462075376,9.865101134436403,0.02171532996653645,30,41,2.2636035183316707,False,13.196077929945973,False,0.42027726488337774,False,0.13326232,False,False,0,OK,val
2026-09-19 17:53:26.889130+00:00,-0.7676857894708872,3.11013570792066,-0.29619770662262407,0.44536485625685956,9.858544225555566,0.02068010315899482,30,41,2.2280083547498175,False,11.97058436623134,False,0.41708206807874426,False,0.12758602,False,False,0,OK,val
2026-09-19 17:58:28.387814+00:00,-0.7352478148501901,3.115315334138846,0.2750942389480514,-0.007357510963777928,9.863271331324926,0.017004651224453465,28,41,2.1483093488354577,False,10.730487276361613,False,0.41240108345139637,False,0.18760759,False,False,0,OK,val
2026-09-19 18:03:31.387754+00:00,-0.7405918262364873,3.097812342277845,0.3754244840335184,-0.285116738142541,9.86198296368751,0.0204789588383307,28,41,2.2363001830766147,False,9.475472079976536,False,0.41681938351450853,False,0.10694501,False,False,0,OK,val
2026-09-19 18:08:33.036639+00:00,-0.7738274905818195,3.1260902490789846,0.5221129562495392,-1.4482861765558748,9.859634743726076,0.02127324658833633,28,41,3.2790078764370754,False,8.206392223397069,False,0.45886325595589694,False,0.14622748,False,False,0,OK,val
2026-09-19 18:13:24.584724+00:00,-0.7345137648871449,3.1245341646816476,-0.4214791906439169,0.3180896217570704,9.85301775156041,0.016996731711975948,30,41,2.3442945997495426,False,6.922825727849362,False,0.4192086793087029,False,0.08902938,False,False,0,OK,val
2026-09-19 18:18:26.866806+00:00,-0.7356745721696166,3.0697274973376873,-0.11063919083702822,0.2678539128305058,9.864219418356926,0.01816284363443373,30,41,2.144363615130579,False,5.623960376597456,False,0.4171792133195341,False,0.18891305,False,False,0,OK,val
2026-09-19 18:23:29.266467+00:00,-0.7481268161236165,3.10650496888868,-0.47615380170286153,1.2279392253870705,9.863188197643296,0.01749971428338187,25,41,2.9684502480984056,False,4.311447033356707,False,0.45054187837837806,False,0.1165821,False,False,0,OK,val
2026-09-19 18:29:22.149546+00:00,-0.7771207594863299,3.0984522331936297,0.55680479967213,-0.5237917913445713,9.858858174847649,0.01808544534517548,24,41,2.4732160391959668,False,4.50061572902329,False,0.4300341821471855,False,0.32254782,False,False,0,OK,val
2026-09-19 18:33:24.012465+00:00,-0.7238841441181514,3.0864624675824244,-0.05687885369785521,0.37121237702111715,9.865098070947388,0.017999999999999957,30,41,2.2526132334249453,False,4.88147292793272,False,0.4228491776680116,False,0.19911975,False,False,0,OK,val
2026-09-19 18:38:25.891823+00:00,-0.769086210439981,3.078437678070782,0.08596597532960742,0.508417749862377,9.871949013147665,0.019621416870348164,30,41,2.3409464802649085,False,5.277223076763137,False,0.43026280471001105,False,0.2099853,False,False,0,OK,val
2026-09-19 18:43:28.183373+00:00,-0.7373067676817819,3.11325943493872,-0.5570910267879174,-0.3771463798891857,9.85851105871666,0.015398009352942162,29,41,2.6581879934580432,False,5.686338585172117,False,0.44130200039513046,False,0.050316837,False,False,0,OK,val
2026-09-19 18:48:30.864247+00:00,-0.7514215695244633,3.088527723372349,0.18959563915121647,0.2506370968094638,9.860080467135498,0.016110727964792793,30,41,2.465609533800871,False,6.109522136344899,False,0.43120116641604395,False,0.10360862,False,False,0,OK,val
2026-09-19 18:53:33.251388+00:00,-0.7445839858107561,3.0942951344641294,-0.5759267950650002,-0.2680525861727485,9.860758521122824,0.012004755300364834,29,41,3.5152079320410032,False,6.546252920644118,False,0.4819436417213559,False,0.05455248,False,False,0,OK,val
2026-09-19 18:58:26.036173+00:00,-0.7629934164421039,3.118197910892836,0.25313037718751213,-0.01650344654770527,9.861329498164405,0.013540795804187548,29,41,2.985859395033728,False,6.996844665335948,False,0.4654586436675952,False,0.043540213,False,False,0,OK,val
2026-09-19 19:03:29.038927+00:00,-0.7296346133569976,3.10100048320009,0.276912445745003,-0.20999139185852622,9.858496862281774,0.01564316720305347,29,41,2.5596420469625656,False,7.460202624506475,False,0.43856724566189353,False,0.13797683,False,False,0,OK,val
2026-09-19 19:08:29.866341+00:00,-0.7572027910188923,3.1085568011251405,0.35138030311026225,-1.6659621451070294,9.871519678907772,0.021702534414210554,20,41,3.563478128091985,False,7.937277264094506,False,0.4882445976311845,False,0.1499651,False,False,0,OK,val
2026-09-19 19:13:32.078331+00:00,-0.7509548696219824,3.0726937735683646,0.42606483612174784,0.012049036196433618,9.860019952191722,0.019137154380015963,29,41,2.4432763902040735,False,8.427287995914757,False,0.4343651079465244,False,0.17462127,False,False,0,OK,val
2026-09-19 19:18:24.279898+00:00,-0.7417111727404088,3.076983019740922,-0.15897947511226565,0.7912223970993733,9.853079718725237,0.015187714333192881,30,41,2.9653177701572426,False,8.930009093965626,False,0.46147928159837176,False,0.07920599,False,False,0,OK,val
2026-09-19 19:23:26.126322+00:00,-0.7599521541791124,3.0806830398659795,-0.5371624957038599,-0.40875924762536164,9.865341416597378,0.013663181211143812,29,41,3.1605353426871714,False,9.445763588695744,False,0.4856973256993459,False,0.11221811,False,False,0,OK,val
2026-09-19 19:28:28.571951+00:00,-0.7340544729376003,3.1059287227265013,-0.04542273648079401,0.6286885595666759,9.864699904190312,0.014523751509415555,29,41,3.084395446074094,False,9.973564587569479,False,0.4722861096874373,False,0.08667329,False,False,0,OK,val
2026-09-19 19:33:33.566802+00:00,-0.7759162159415144,3.0963306801423873,-0.839122750713872,-0.6943043939725592,9.864272603276506,0.015234980713361566,29,41,3.1227361322454246,False,10.514456305665739,False,0.47874541116431263,False,0.10561935,False,False,0,OK,val
2026-09-19 19:38:23.559152+00:00,-0.7652540224631941,3.085355899076029,1.0636196273027552,1.1112580451263212,9.86776355164996,0.018961950204436976,30,41,3.3782595790693115,False,11.067287373838347,False,0.5004246098885428,False,0.22982883,False,False,0,OK,val
2026-09-19 19:43:35.367815+00:00,-0.7667801393548274,3.0822230273681086,-1.0406006550956801,-0.3797949043992579,9.862669519734466,0.016793311350726783,28,41,3.0076022674435916,False,11.632078711867543,False,0.4737750706308952,False,0.12964752,False,False,0,OK,val
2026-09-19 19:48:27.836269+00:00,-0.7336505966252792,3.0926684375633577,0.9486388112127571,-0.29845521671693787,9.861530225716832,0.017316547744534762,27,41,2.928015887991033,False,12.20799278224651,False,0.46851234939371084,False,0.15543137,False,False,0,OK,val
2026-09-19 19:55:00.747986+00:00,-0.772202566745121,3.072036197854434,-0.43047952347829,-0.19439265694372082,9.85756575078925,0.01849189317995011,21,41,2.636436999776163,False,12.800667091801383,False,0.4502337652447684,False,0.14154989,False,False,0,OK,val
2026-09-19 19:58:32.296346+00:00,-0.7582850918606896,3.085475697033548,0.5018342345000087,0.4938637876271309,9.861710563153471,0.014511606895650045,28,41,3.1962666327867346,False,13.399839160147968,False,0.47882563298866293,False,0.08996843,False,False,0,OK,val
2026-09-19 20:03:24.338200+00:00,-0.7254593542854556,3.092068075330942,0.017225629294986392,-0.7067296933270552,9.857005406850002,0.018988300491501582,30,41,2.768655702515088,False,14.009486482868928,False,0.4595223885758474,False,0.23349558,False,False,0,OK,val
2026-09-19 20:08:28.169441+00:00,-0.7757486542488953,3.1011997361005816,-0.6681382075678333,-0.9456304681054045,9.86277213168857,0.018823743871327327,30,41,3.075434658556359,False,14.630893789716607,False,0.4806492250892043,False,0.22540964,False,False,0,OK,val
2026-09-19 20:13:28.710732+00:00,-0.7718170829706551,3.0625119992588883,-0.006547688491966379,-0.11029566553359908,9.866691571134812,0.020170738969170324,27,41,2.6929840614010825,False,15.262840496930423,False,0.4576911551600031,False,0.14341298,False,False,0,OK,val
2026-09-19 20:18:31.117073+00:00,-0.7443969842450852,3.1016888628661903,0.746682058935099,0.3874947286279647,9.856936034826418,0.01914965231207785,28,41,2.952043968262788,False,15.904660442057764,False,0.4753115716616308,False,0.11577371,False,False,0,OK,val
2026-09-19 20:23:33.666941+00:00,-0.7762878738015084,3.1077664036251655,0.3063885402942151,-0.5477223924824891,9.858134078427899,0.016488762436705218,27,41,2.933790275527783,False,16.55718986212817,False,0.45563399804471005,False,0.13281885,False,False,0,OK,val
2026-09-19 20:28:25.517359+00:00,-0.7750885404553678,3.1166395824321658,-0.033337943119395745,-0.030947549183784943,9.869207962963937,0.018599821525169893,27,41,2.8029084773996207,False,17.219578041665983,False,0.4559553647786205,False,0.19567424,False,False,0,OK,val
2026-09-19 20:33:28.000347+00:00,-0.7587734142000577,3.0538013602808434,-1.5894928267669834,-0.6134826279417104,9.865244457461724,0.016999999999999994,20,41,3.650767840809754,False,17.89129678077198,False,0.5116087796930505,False,0.10570559,False,False,0,OK,val
2026-09-19 20:38:30.296651+00:00,-0.7474440220200873,3.1028654945924,0.5905642133905198,-0.16594386530754007,9.86294355530777,0.017074997966487475,30,41,2.983308632774938,False,18.572179238604058,False,0.47058532179614415,False,0.17390615,False,False,0,OK,val
2026-09-19 20:43:32.685832+00:00,-0.7771802597577455,3.1003899124545007,0.2838410735203084,0.3306469709860996,9.858152179148457,0.01733155079792992,28,41,2.9552881482090867,False,19.262710936592516,False,0.4639883636488639,False,0.15707432,False,False,0,OK,val
2026-09-19 20:48:25.658123+00:00,-0.781830452136325,3.085227091915252,-0.6215450892458612,0.16360327376740474,9.86792406488289,0.02082999973329054,30,41,3.0366457822635966,False,19.962168793216797,False,0.4924256091042446,False,0.23387204,False,False,0,OK,val
2026-09-19 20:53:27.850228+00:00,-0.7809511842543665,3.063959678550928,-0.21004008147110567,0.12522073607475845,9.858812208281746,0.016063192688071725,29,41,3.0382819772372955,False,20.67018153966269,False,0.4657928388335889,False,0.10844321,False,False,0,OK,val
2026-09-19 20:58:31.768074+00:00,-0.7905116152383119,3.0926669209108284,-0.4912299940370301,-0.3258797740397464,9.861648804941533,0.014966629547095793,30,41,3.2927485950186886,False,21.386664540783023,False,0.4885987188501838,False,0.100996405,False,False,0,OK,val
2026-09-19 21:03:31.714296+00:00,-0.7895133210382891,3.0827312691456727,-0.24271357725948445,0.35906890633328803,9.86194835450581,0.012394621210766243,29,41,3.9455839742770418,False,22.111146943927466,False,0.5164635359717291,False,0.07596197,False,False,0,OK,val
2026-09-19 21:08:24.568219+00:00,-0.7761399148154658,3.0920114087578123,-0.18586764317828483,-0.3217228214180189,9.863844265689002,0.014817407180595151,30,41,3.309253478481324,False,22.843121013827602,False,0.49007367883671515,False,0.11209162,False,False,0,OK,val
2026-09-19 21:13:26.838453+00:00,-0.7854041523803111,3.0822972527445684,0.7329531205589634,0.18779125825881152,9.868695200449194,0.013888444437332812,30,41,3.7278381867491825,False,23.58271272867282,False,0.5176115836025517,False,0.10650722,False,False,0,OK,val
2026-09-19 21:18:28.758733+00:00,-0.7966704332726937,3.0909658948193983,1.2542445101824087,0.4700538497367413,9.863930966899696,0.017109938632268604,20,41,3.6661803049332895,False,24.32966885745545,False,0.5138162848604041,False,0.135253,False,False,0,OK,val
2026-09-19 21:23:31.148209+00:00,-0.7906496052048348,3.0717379137660434,0.17307127366720798,0.22050746960747747,9.857448398665158,0.016998286267401793,29,41,3.1061822927391862,False,25.083381609459018,False,0.4762186554331996,False,0.13081902,False,False,0,OK,val
2026-09-19 21:28:24.602973+00:00,-0.7985580806362381,3.0842075237694653,-0.18851050712613432,-0.23019520905288687,9.865926487944622,0.017406109605688246,29,41,3.134937256961412,False,25.8438082098704,False,0.4800849319608504,False,0.1600142,False,False,0,OK,val
2026-09-19 21:33:25.591199+00:00,-0.7855290811652574,3.067576472912982,0.5304319272475745,0.2835550597652705,9.872805413271289,0.013203534880225291,30,41,3.9857691970661695,False,26.61026801947992,False,0.5332049161559327,False,0.085154094,False,False,0,OK,val
2026-09-19 21:38:30.332056+00:00,-0.7604188547004863,3.076697113186291,0.45217971301561083,0.18466302293549006,9.860146607972487,0.01444553458296906,28,41,3.547326383118109,False,27.382238639600065,False,0.5079130837931625,False,0.104760945,False,False,0,OK,val
2026-09-19 21:43:25.241396+00:00,-0.791072118923789,3.0671454147609594,-0.6709029618888264,-0.861195017503806,9.856456294950947,0.013266499161421611,20,41,3.915908924262341,False,28.160429920456945,False,0.5455086904939286,False,0.08216003,False,False,0,OK,val
2026-09-19 21:48:27.504118+00:00,-0.7647136986377376,3.083812815919125,-0.34732929768936943,0.2782982125197802,9.867386130241515,0.01642829537380205,30,41,3.4103037631664477,False,28.94349598460057,False,0.4935401428624744,False,0.15051015,False,False,0,OK,val
2026-09-19 21:53:25.385486+00:00,-0.777426950523556,3.082381156125962,-0.4075764874107951,0.035265955017242764,9.862230127681336,0.01627644651200799,29,41,3.3546513289358364,False,29.73183756992825,False,0.49294943255631857,False,0.15526298,False,False,0,OK,val
2026-09-19 22:03:31.084657+00:00,-0.7788245944121195,3.0808932248417675,-0.5634763761987077,-0.3749215697315346,9.861522184237888,0.014761059883656039,30,41,3.6228930656958096,False,30.5293516621181,False,0.5180207754239524,False,0.10710613,False,False,0,OK,val
2026-09-19 22:08:34.599215+00:00,-0.7668303647619787,3.106663377186758,1.244160934240821,-0.027725009210756473,9.860713860973037,0.01514888457688898,29,41,3.9041033131439358,False,31.33074603240982,False,0.5300890508559697,False,0.10437267,False,False,0,OK,val
2026-09-19 22:13:28.226597+00:00,-0.7587395421045084,3.077460712643971,-0.47209615292285256,-0.46031566193756035,9.855513897877417,0.016658473096233237,23,41,3.3377870944669557,False,32.135772487807415,False,0.5020808488381904,False,0.10874068,False,False,0,OK,val
2026-09-19 22:18:28.536831+00:00,-0.7665884985545558,3.097431331140009,-0.18343536716341077,1.1305121576341552,9.868509360378148,0.016261829134553697,29,41,4.033959755347598,False,32.94440015447606,False,0.527150886611489,False,0.11366541,False,False,0,OK,val
2026-09-19 22:23:27.818243+00:00,-0.7462972113830815,3.0954617375510214,0.09933361989027142,0.9500101275943666,9.857360726931477,0.017739155577523136,27,41,3.645762366130478,False,33.75579405122879,False,0.5119773897382672,False,0.14876944,False,False,0,OK,val
2026-09-21 05:58:30.443716+00:00,-0.36235878683766076,2.0995402000409547,0.20160510987891173,-0.5687336125053358,9.863913662615628,0.026051258205896547,31,42,2.6128197406668456,False,33.72948195517991,False,0.43921666993581526,False,0.31620777,False,False,0,OK,val
2026-09-21 06:08:44.332308+00:00,-0.35204034244001153,2.0805816802981743,0.6939347650790199,-0.5261234245859564,9.861631259994706,0.02275647474581982,28,42,2.5151702953065134,False,33.67353466298853,False,0.4300424872109507,False,0.20818138,False,False,0,OK,val
2026-09-21 06:13:33.097803+00:00,-0.3271983351165246,2.080193260241727,-0.22771963945588786,-0.2647582314212638,9.857355858010855,0.036558932636984065,30,42,3.5971216882270167,False,33.60253576167518,False,0.4588621188305758,False,0.46932113,False,False,0,OK,val
2026-09-21 06:18:34.867117+00:00,-0.3209716882696598,2.059881758975536,-0.5741962738835891,0.14462814876380706,9.863426895770086,0.02027861489900678,30,42,2.3881496313358985,False,33.516916286993855,False,0.40936516141954865,False,0.2765328,False,False,0,OK,val
2026-09-21 06:23:36.953083+00:00,-0.31305286201502364,2.097830150969525,-0.07652986046164845,0.6669420534981337,9.864736785005979,0.022617593938249577,30,42,2.5101673271544134,False,33.416744487697265,False,0.41398381782025784,False,0.4252183,False,False,0,OK,val
2026-09-21 06:28:38.633248+00:00,-0.33931532125734376,2.106068873655766,-0.5931956754651645,0.13778077261502236,9.867789117945295,0.02551724137931035,29,42,2.5077059477525485,False,33.30274853391036,False,0.42110089930855843,False,0.30177397,False,False,0,OK,val
2026-09-21 06:33:30.874458+00:00,-0.3457093245509163,2.092517136582034,0.3067834190465334,-0.8242352786859509,9.865142611099328,0.021917584251131876,29,42,2.420136958382716,False,33.17467944624087,False,0.42120012312616617,False,0.3058024,False,False,0,OK,val
2026-09-21 06:38:32.059606+00:00,-0.3425314217294667,2.0984499393228098,1.2465569826987368,-0.7666846938557086,9.86655350612104,0.021992577597629143,28,42,3.0009365763055884,False,33.03248244383039,False,0.4402843262857313,False,0.2777825,False,False,0,OK,val
2026-09-21 06:43:34.042323+00:00,-0.34123239442551934,2.1175496206209976,-0.5797150596383307,-0.09387791203807515,9.87196782218639,0.019689252567496318,30,42,2.49764241819631,False,32.876317899877684,False,0.4056184980278767,False,0.18677548,False,False,0,OK,val
2026-09-21 06:53:37.777854+00:00,-0.33167649373129965,2.0921191893304054,-0.09694815065569778,-0.7335998747086511,9.865542275820006,0.020324361418332503,29,42,2.252168482943866,False,32.692496597416614,False,0.40612114961627105,False,0.29346645,False,False,0,OK,val
2026-09-21 06:58:34.855020+00:00,-0.3473586105037946,2.098698768062812,-0.6793033204766196,-0.7248004822142613,9.859362013261666,0.02617965916703749,29,42,2.4730633496212047,False,32.495434959244825,False,0.42233951054995916,False,0.3977307,False,False,0,OK,val
2026-09-21 07:03:36.939344+00:00,-0.2917419042373326,2.109510887695095,1.4033347944603305,0.13916941503316524,9.871348114025464,0.09011816789911713,29,42,8.57586018018875,False,32.28398733860512,False,0.5538208428975232,False,4.0971413,False,False,0,OK,val
2026-09-21 07:08:31.739463+00:00,-0.34475611571598835,2.093350997020357,-0.1956979760621239,-0.19543802424180817,9.868161281939114,0.02025403469736302,29,42,2.1205164833949754,False,32.0602900117229,False,0.393969352975703,False,0.23164341,False,False,0,OK,val
2026-09-21 07:13:47.554344+00:00,-0.3397291881284411,2.092748092718573,-0.7163798422076645,0.016794833714250654,9.866055037470622,0.03318631285555459,26,42,3.1318117091621134,False,31.823451337931054,False,0.4340673973598894,False,0.67761475,False,False,0,OK,val
2026-09-21 07:18:37.363388+00:00,-0.3345027010164178,2.0689304978997862,0.2764039000201701,0.30549547123139636,9.8667958279667,0.022265390170650094,27,42,2.1268505014620445,False,31.573638873276337,False,0.3973930308214841,False,0.28261393,False,False,0,OK,val
2026-09-21 07:23:41.774990+00:00,-0.3129677971710489,2.1019423661300807,0.5638302772057181,0.1406138052261659,9.867177671814803,0.01682366530473375,28,42,2.6568150740742396,False,31.31073304723846,False,0.39853234224784356,False,0.20372929,False,False,0,OK,val
2026-09-21 07:28:31.680208+00:00,-0.31759791957624095,2.059705395426414,1.5015293116951698,-1.1683117500013014,9.867173134701957,0.01946792233393137,20,42,3.3468681628305004,False,31.035393548596083,False,0.4442294732583704,False,0.21072946,False,False,0,OK,val
2026-09-21 07:33:33.034491+00:00,-0.34597892358570814,2.0899469887941624,-0.4763032653650178,1.1612107512792742,9.867614993382505,0.01924500897298712,27,42,2.9755578823521285,False,30.7482420753421,False,0.4137964067243804,False,0.22582579,False,False,0,OK,val
2026-09-21 07:38:35.324068+00:00,-0.3295020580721614,2.118038962846867,-0.6797592034150319,0.1818514543308786,9.87335161879921,0.022580719405919738,30,42,2.2737422216519803,False,30.448657194946712,False,0.39806592738844004,False,0.29824838,False,False,0,OK,val
2026-09-21 07:43:37.359346+00:00,-0.34516313020067935,2.111241909783982,0.25285712882355865,-0.3089795866263439,9.865883767720412,0.025915200812188958,26,42,2.1524792033527937,False,30.137424931452028,False,0.4048058590540791,False,0.3329352,False,False,0,OK,val
2026-09-21 07:48:39.793338+00:00,-0.3464780599344709,2.1085949747111568,-0.41909623429864223,1.1869784838129918,9.857122943087452,0.02043843418260617,28,42,2.639401443168866,False,29.81449076171921,False,0.40560052741394687,False,0.13529494,False,False,0,OK,val
2026-09-21 07:53:32.775538+00:00,-0.3119261755558098,2.1057989500713554,-0.03922575594072084,0.7803912805989773,9.854006806442325,0.01550434182365099,26,42,2.8321162164269014,False,29.47941396718388,False,0.39778775047274545,False,0.13452376,False,False,0,OK,val
2026-09-21 07:58:39.143369+00:00,-0.4966826739321128,2.02402320004759,-9.890278464188981,-4.675496903448716,9.82232543304886,0.17188035705937185,28,42,19.304373470975378,True,29.136404684239746,False,0.658986711273963,True,19.217825,True,False,3,OK,val
2026-09-21 08:03:33.655257+00:00,-0.326144343794845,2.1030933348115974,0.22910019587647212,0.5602374310960181,9.86288668711852,0.018849172922367364,29,42,2.1852939446693087,False,28.779217975285036,False,0.3882944751573698,False,0.217197,False,False,0,OK,val
2026-09-21 08:08:34.458982+00:00,-0.3455390892315914,2.100382198520577,-0.05704094634360244,0.8334788176769642,9.864009688815242,0.018688112313396597,27,42,2.4238812111986223,False,28.41153985584731,False,0.38841285100220957,False,0.188699,False,False,0,OK,val
2026-09-21 08:13:30.663258+00:00,-0.3347889376665873,2.084515006707627,-0.15237095255869507,0.46330020114045994,9.859920771562784,0.02135967761143394,21,42,1.795190111451938,False,28.03305506042051,False,0.3860410001439213,False,0.20775245,False,False,0,OK,val
2026-09-21 08:18:49.858955+00:00,-0.30463259648330226,2.1104663704918587,0.1325284069545347,-1.3238165541920723,9.853423180716742,0.021768142796672593,28,42,2.3465454359134146,False,27.643648868154457,False,0.40599865517520456,False,0.26481766,False,False,0,OK,val
2026-09-21 08:23:31.559909+00:00,-0.3439190751962954,2.118207152744427,0.6174322823079723,-0.021772096420581605,9.856047982558525,0.019466742964159234,28,42,1.8115142249006764,False,27.244828960008935,False,0.3835503914571321,False,0.2081564,False,False,0,OK,val
2026-09-21 08:28:34.973684+00:00,-0.3483853034518672,2.0934891705074343,1.3290495715087518,0.03955123346639438,9.865098733209171,0.017641491496531946,30,42,2.762694863821991,False,26.836209765073786,False,0.4045285619455026,False,0.13979793,False,False,0,OK,val
2026-09-21 08:33:37.079338+00:00,-0.28542251616687264,2.1095127028044653,0.5284684068695924,-1.2697155407940048,9.858906410217134,0.01635407048113024,26,42,2.7779355644618002,False,26.416816783916957,False,0.40644375348280787,False,0.13038293,False,False,0,OK,val
2026-09-21 08:38:36.982879+00:00,-0.3152406439086017,2.116691467498933,0.430886566651885,-0.2559188876805074,9.85869533178641,0.028544577408122294,26,42,2.320942145073134,False,25.98859666499034,False,0.40404729245741666,False,0.4652099,False,False,0,OK,val
2026-09-21 08:43:32.419044+00:00,-0.353530246500246,2.101328860784227,0.16117149925047158,0.3490035232875671,9.86715296988654,0.016438771126793834,27,42,2.418043096121928,False,25.55196569250842,False,0.3870132540885156,False,0.105911344,False,False,0,OK,val
2026-09-21 08:48:40.721163+00:00,-0.32665621469728545,2.1056880016059556,-0.5930263840503838,0.03328295054791398,9.871179713342748,0.02019113062287264,27,42,1.927728768436062,False,25.10600398417657,False,0.3836293671004219,False,0.1536852,False,False,0,OK,val
2026-09-21 08:53:32.613407+00:00,-0.32180263523654684,2.1255815673954856,-0.23963798212491055,-1.4825508257937527,9.860902005482757,0.02473412338256848,22,42,2.7132284768670845,False,24.651383021544834,False,0.4100139363142323,False,0.38869813,False,False,0,OK,val
2026-09-21 08:58:57.383936+00:00,-0.3112436007501668,2.1313476668730993,1.0664314149466074,-0.21889348015473553,9.869706427312499,0.02131480677027861,27,42,2.2597176212865504,False,24.1882736250116,False,0.3911281072851002,False,0.2785276,False,False,0,OK,val
2026-09-21 09:03:36.429088+00:00,-0.33757187610491146,2.143172427896352,-0.7724077263798458,0.5735981909525674,9.863529794808223,0.01752185657367231,29,42,2.4611983949438834,False,23.71762594989082,False,0.39014578829532015,False,0.21258934,False,False,0,OK,val
2026-09-21 09:08:38.113650+00:00,-0.3136759029105824,2.1250202539417318,-0.06700130483822206,-0.07012242453072069,9.863428673063405,0.01677740985615686,27,42,2.0296752940296487,False,23.2388081320135,False,0.3809514627764104,False,0.20564443,False,False,0,OK,val
2026-09-21 09:13:30.561177+00:00,-0.35600448141758523,2.146037096629696,1.0333750134682662,0.1136727361767393,9.86209162016441,0.022432615144521353,30,42,2.1032635455062354,False,22.753311898340286,False,0.3913266598879494,False,0.29645374,False,False,0,OK,val
2026-09-21 09:18:32.128810+00:00,-0.33869124794313415,2.1373900785176136,0.3224345195817929,1.0533946815281203,9.865130237926374,0.018849172922367347,29,42,2.4287830056469515,False,22.2603411680755,False,0.3925646683161018,False,0.15344621,False,False,0,OK,val
2026-09-21 09:23:34.734400+00:00,-0.3380570370024068,2.1092359705870374,-0.31381687099220573,-0.2971047671608313,9.863927595932184,0.022166597048066394,27,42,1.5015066686531608,False,21.760492661935164,False,0.3788182918035952,False,0.321913,False,False,0,OK,val
2026-09-21 09:28:36.913853+00:00,-0.3431152584807141,2.115539224168629,-0.578803757802069,0.4538128645388784,9.854919064903036,0.022364257197590828,25,42,1.6522983135729377,False,21.25416636156342,False,0.37870810748684114,False,0.23648265,False,False,0,OK,val
2026-09-21 09:33:38.583703+00:00,-0.3334599103857805,2.133701882822723,0.503102777982284,0.6679746382277394,9.865136514141913,0.02111677928442045,28,42,1.9162803958180357,False,20.74139389138998,False,0.37991133917438824,False,0.19984382,False,False,0,OK,val
2026-09-21 09:43:30.464706+00:00,-0.3289833231203639,2.1528349105176146,-0.2967679709979245,-0.23125220217579706,9.86027803727958,0.027352457951795646,29,42,1.9714354729755037,False,20.216909364326945,False,0.39756915192346765,False,0.49497095,False,False,0,OK,val
2026-09-21 09:48:32.128320+00:00,-0.33303246367433254,2.150031437671024,-0.4035301296771548,-0.03952957874168593,9.864755041364878,0.030128539529382985,29,42,2.384004096856991,False,19.687143921352178,False,0.40401644188632907,False,0.7047474,False,False,0,OK,val
2026-09-21 09:53:33.813165+00:00,-0.28586907720037774,2.146264416663927,1.369645408791531,-0.3618043331890871,9.866269865785211,0.04567631555429939,29,42,5.102215751483265,False,19.151475804557347,False,0.46993750953264757,False,0.45936912,False,False,0,OK,val
2026-09-21 09:58:35.886348+00:00,-0.35923244965282436,2.172771596190531,-1.167230166699475,-0.39875865898377677,9.862540412193612,0.017005280008190266,29,42,2.484114566708089,False,18.612412110302483,False,0.3954765802025303,False,0.20094167,False,False,0,OK,val
2026-09-21 10:03:37.762386+00:00,-0.31915073754516193,2.1685965042867728,-0.5510398633103611,0.29224234530918436,9.87020583331189,0.038838670556017404,29,42,3.647770273142164,False,18.06820281123463,False,0.4329478079198356,False,0.654678,False,False,0,OK,val
2026-09-21 10:08:40.059462+00:00,-0.35040679999857044,2.1734667956417573,1.1602627162652046,0.14253100484683362,9.86738300896914,0.021149974670703873,28,42,2.1613552741909903,False,17.520463888985745,False,0.38825490079803876,False,0.2617579,False,False,0,OK,val
2026-09-21 10:13:31.829266+00:00,-0.3437491150315524,2.1783974248426348,0.8091046453173167,0.3833104254660283,9.863098341067923,0.022383029285599144,30,42,1.852191296726314,False,16.968824390214493,False,0.3835954434924716,False,0.26451886,False,False,0,OK,val
2026-09-21 10:18:33.266889+00:00,-0.3475774758861885,2.164516725661558,0.2569993200857278,-0.14476755021323445,9.870368256671465,0.023359360484016278,24,42,1.5221730367458222,False,16.413796261644425,False,0.38083455474531186,False,0.42296597,False,False,0,OK,val
2026-09-21 10:24:25.527760+00:00,-0.3506260092178433,2.16869047089135,-0.5524735344852536,-0.2193679590173774,9.863889860391877,0.03621506856166728,23,42,3.3623415143320465,False,15.855099737312926,False,0.4289352977190748,False,0.94800067,False,False,0,OK,val
2026-09-21 10:28:37.018335+00:00,-0.3381132398304808,2.1727126331282163,-0.1265212865166387,-0.24430102833449083,9.866454524614028,0.024303634844744012,30,42,1.5372022953619702,False,15.293952254211755,False,0.38181380319351027,False,0.39845264,False,False,0,OK,val
2026-09-21 10:33:39.104482+00:00,-0.3539596607538281,2.131023558686962,-0.5063829571102604,0.9904947970469682,9.855964578744855,0.018207419010267446,29,42,2.221251193354367,False,14.730607342472851,False,0.3893717937504155,False,0.13132188,False,False,0,OK,val
2026-09-21 10:38:32.596291+00:00,-0.3409793241848823,2.146360658243139,0.08159986958867792,0.0966995548009064,9.867212105578126,0.022757172251597426,30,42,1.3365131817747695,False,14.164866932613611,False,0.37722471677056185,False,0.23359084,False,False,0,OK,val
2026-09-21 10:43:34.696285+00:00,-0.33670371408963057,2.179469332879852,0.9609571261573493,0.6952780801225028,9.881346212605928,0.035904848743105594,28,42,3.6520840237165486,False,13.597217230333985,False,0.4397929010185036,False,0.65808976,False,False,0,OK,val
2026-09-21 10:48:40.440099+00:00,-0.3903530884955239,2.1705255829181103,0.3413489869078515,0.49677747678003464,9.860474311008216,0.019466742964159185,28,42,1.5403545699206684,False,13.029041350568834,False,0.3783210446199818,False,0.24427812,False,False,0,OK,val
2026-09-21 10:53:31.465191+00:00,-0.31238492565025056,2.1576378286088085,0.2980596014239974,0.9444091437151998,9.880163431034221,0.02940552497286571,29,42,2.640788403265845,False,12.458272568293918,False,0.4183581488131305,False,0.56881344,False,False,0,OK,val
2026-09-21 10:58:38.057925+00:00,-0.2921957584275058,2.152881069158967,-3.589103820075454,1.9747755266883664,9.901813874997455,0.13536931471873442,29,42,11.441440994625722,False,11.88629261457246,False,0.6046652272006929,False,9.087213,False,False,0,OK,val
2026-09-21 11:08:31.791325+00:00,-0.35562176668171547,2.2212071264205266,-0.6356532560836617,-0.612335846295268,9.877784530465918,0.019149652312077464,28,42,1.8500056139822303,False,11.314771142609715,False,0.3873796868037817,False,0.16589472,False,False,0,OK,val
2026-09-21 11:13:44.012289+00:00,-0.34862735346140666,2.2557796885498735,0.469391777289773,-0.43957709506957465,9.872021858752985,0.02340084296137939,27,42,1.712209711360019,False,10.743270139358312,False,0.3851675536692677,False,0.32041895,False,False,0,OK,val
2026-09-21 11:18:46.297586+00:00,-0.3529472437242691,2.2324706155377187,0.9468958373074354,-0.4321036335338953,9.88065810451133,0.02229411017275088,29,42,2.05020444618109,False,10.172326124950061,False,0.3915681023782392,False,0.26863873,False,False,0,OK,val
2026-09-21 11:23:38.577297+00:00,-0.34684535987885,2.2316142513769233,-1.8424644514072057,-1.4347148637105953,9.880705161299815,0.02421239352067448,25,42,3.556993174887445,False,9.602079694168873,False,0.449384039180818,False,0.42786458,False,False,0,OK,val
2026-09-21 11:28:39.815043+00:00,-0.40228913544854844,2.220693067113125,-1.2642955532162683,0.47374851514602934,9.868681854042002,0.02198484326378793,24,42,2.2361123159492458,False,9.03398119884217,False,0.3984691194738324,False,0.41118094,False,False,0,OK,val
2026-09-21 11:33:33.899065+00:00,-0.40538719982475657,2.104540430120525,-4.7869979774251075,-6.855310327814689,9.882401541784557,0.06687521878124393,29,42,13.92196199587752,False,8.46740709636693,False,0.615535319639847,False,0.92779976,False,False,0,OK,val
2026-09-21 11:38:34.833704+00:00,-1.267227873421682,0.7338189360860028,1.0958778063341994,-0.16245356194368124,9.892053701292557,0.028535394297347718,29,42,2.7471679520914773,False,7.918319189271793,False,0.41797312117339935,False,0.42598057,False,False,0,OK,val
2026-09-21 11:43:37.461457+00:00,-1.2505639610900787,0.7239114922692986,2.6832960689950958,-0.08509957080338267,9.887215504575433,0.04049983563411751,26,42,5.670129267587044,False,7.37105244814202,False,0.4910598450995885,False,1.1729298,False,False,0,OK,val
2026-09-21 11:50:19.282606+00:00,-1.2826897154127856,0.7651738952985893,-1.2985340956850036,-0.18546674565374044,9.872040651267318,0.05391319553746773,28,43,5.83073557490468,False,6.827893696954284,False,0.4813515633512275,False,1.7497466,False,False,0,OK,val
2026-09-21 11:55:21.473728+00:00,-1.2802711745350281,0.7725254796091184,-1.4995246261306423,1.011725307773254,9.888059963659684,0.03901949078546546,22,43,4.3363556223215145,False,6.287597835555773,False,0.46586667941350424,False,0.9041929,False,False,0,OK,val
2026-09-21 12:00:25.261222+00:00,-1.2474807659216196,0.7680527120660962,-1.2031117150450077,-0.0010683804776710738,9.886733209323321,0.021685200803411974,22,43,1.9900811290060443,False,5.7499357221321725,False,0.39107999361535456,False,0.24349567,False,False,0,OK,val
2026-09-21 12:05:35.349771+00:00,-1.333257801689128,0.7962995131285406,-2.3626764644815523,1.1366412880375287,9.868616245535812,0.04501836172676659,22,43,5.686424904461337,False,5.2173880652573645,False,0.5055340721435221,False,1.3278224,False,False,0,OK,val
2026-09-21 12:10:25.547318+00:00,-1.233936823871351,0.7424390491278716,2.0284398856811445,-0.2775665192708766,9.894073408091055,0.036789905741402104,23,43,4.674220461068281,False,4.686905759188796,False,0.47037107615998247,False,0.8348075,False,False,0,OK,val
2026-09-21 12:20:24.402912+00:00,-1.2897886636850608,0.786305627637918,0.26965422377582793,0.19151876104958018,9.872982890667888,0.023722352328552937,20,43,1.4238635742497585,False,4.166141215582053,False,0.3822881073238526,False,0.47113132,False,False,0,OK,val
2026-09-21 12:33:15.173239+00:00,-1.2866776517504106,0.7661769358219099,-0.5849821686233206,1.0790374817213657,9.881351492160391,0.026033911845761242,29,44,2.3536848916590754,False,3.6585093732350993,False,0.40579014167701744,False,0.32487696,False,False,0,OK,val
2026-09-21 12:38:16.938574+00:00,-1.2618655182755127,0.7931182080551018,-0.08505401227274154,0.7913246090775605,9.879922606992162,0.020959143930173122,28,44,1.475522255533599,False,3.1560559644807724,False,0.3813172987743667,False,0.29893154,False,False,0,OK,val
2026-09-21 12:43:19.646817+00:00,-1.2525793406536985,0.7415500581485324,0.22993909090613787,0.28078527479471355,9.892314286064662,0.029437856510914354,29,44,2.323099301432552,False,2.659369230877744,False,0.40423249456012056,False,0.4251846,False,False,0,OK,val
2026-09-21 12:48:18.679055+00:00,-1.3036603532586546,0.7662171684384421,-1.121499542164865,1.414241655947531,9.877814296169577,0.046664237060174474,28,44,5.2627038701003395,False,2.1698509078689465,False,0.4864663718048156,False,1.4061484,False,False,0,OK,val
2026-09-21 12:53:20.333460+00:00,-1.2576326568356915,0.8394016323487143,0.20154107021166923,1.1099754264601807,9.886361605268391,0.02243755507070688,28,44,1.9132574435129386,False,1.686032968110728,False,0.39294553040445596,False,0.31489903,False,False,0,OK,val
2026-09-21 12:58:22.524391+00:00,-1.2851839010314852,0.850109216317256,0.28148843997006034,0.5354963893225669,9.880291483721932,0.025305821768609054,26,44,1.756138678613311,False,1.209551581270448,False,0.39120492031624626,False,0.24187618,False,False,0,OK,val
2026-09-21 13:03:16.199942+00:00,-1.2496143673893871,0.8659059320589653,-0.7097764424164545,0.5646473530478112,9.880845109968623,0.022852182001336586,30,44,1.660463119600119,False,0.7395510934260456,False,0.38686691370565707,False,0.28137735,False,False,0,OK,val
2026-09-21 13:08:17.718872+00:00,-1.2524082728781798,0.84949633213738,-0.05998851928437621,0.5920109321883608,9.882380962033707,0.02179156830013782,28,44,1.252600797413954,False,0.2770199425398405,False,0.376837390264993,False,0.22831637,False,False,0,OK,val
2026-09-21 13:23:17.799871+00:00,-1.263652964787536,0.8841489176519662,-1.0652486258114506,-0.08049472694290831,9.87422938539802,0.025748119705544897,37,44,2.2501850485720625,False,0.0,False,0.4015745287681951,False,0.40056536,False,False,0,OK,val
2026-09-21 13:28:24.499025+00:00,-1.2590510514493858,0.8445831757203671,0.04061649598629142,0.7366968404299995,9.889828024216452,0.019245990836153252,28,44,1.3555370255576926,False,0.0,False,0.37640281934716896,False,0.2034455,False,False,0,OK,val
2026-09-21 13:33:16.959757+00:00,-1.2780853295194299,0.8476441787127211,0.8116630566518032,0.25247599412899147,9.881642472852215,0.022597935008904176,30,44,1.6208491553345956,False,0.0,False,0.38377744977314104,False,0.229814,False,False,0,OK,val
2026-09-21 13:38:18.264341+00:00,-1.2608795176407643,0.8623229644926821,0.1908434705873272,0.02941179745633145,9.88261386892175,0.023048258550749826,30,44,1.1979972666392964,False,0.0,False,0.37806046957282746,False,0.23555535,False,False,0,OK,val
2026-09-21 13:43:19.871831+00:00,-1.2574952223281168,0.8504370458379519,0.03541285646302842,-1.1809558281583628,9.886323853260333,0.030617893628169763,29,44,3.2815437403572743,False,0.0,False,0.4326230542430606,False,0.52397764,False,False,0,OK,val
2026-09-21 13:48:22.379458+00:00,-1.2884444412259914,0.8389175584121334,0.7041973135014805,-0.23422262008516648,9.885821683013702,0.0221174037390684,29,44,1.4937990291065681,False,0.0,False,0.3810491723066396,False,0.17268465,False,False,0,OK,val
2026-09-21 13:58:16.359108+00:00,-1.245826141348579,0.8354358278472931,-0.365654493520311,-0.08836339924697019,9.88489583558767,0.023147407395555212,27,44,1.2534167533759297,False,0.0,False,0.3784462843687599,False,0.24587046,False,False,0,OK,val
2026-09-21 14:03:17.244614+00:00,-1.2672563446201321,0.8399069853132605,0.35110078696989383,0.8632048894218144,9.877428443488396,0.02684316590038419,30,44,2.280296795622534,False,0.0,False,0.4078183905999635,False,0.39826187,False,False,0,OK,val
2026-09-21 14:08:18.588028+00:00,-1.2584313498085469,0.8644099173182698,0.037871913140952895,0.11458123809660674,9.880093689325347,0.020695401500860057,29,44,0.7830285245736095,False,0.0,False,0.37463381991282013,False,0.18051761,False,False,0,OK,val
2026-09-21 14:13:20.296160+00:00,-1.2711043707706917,0.8492106471659829,0.7523179660769461,-0.816656854232165,9.884336056232147,0.02450049690154236,27,44,2.332022583694996,False,0.0,False,0.40612869493310527,False,0.31391075,False,False,0,OK,val
2026-09-21 14:18:22.775282+00:00,-1.296180830295565,0.8287490463010166,0.2960070200520485,-0.13609190897610382,9.884886060483982,0.019476622986935137,22,44,0.7996057792841701,False,0.0,False,0.37641442202422787,False,0.24231428,False,False,0,OK,val
2026-09-21 14:23:24.653496+00:00,-1.267631098347568,0.8154459161810154,0.38457195596012933,0.682662283517953,9.885163297864453,0.028091959049971988,28,44,2.3583497092795613,False,0.0,False,0.4091950630747281,False,0.5941789,False,False,0,OK,val
2026-09-21 14:28:17.214487+00:00,-1.271246713119866,0.8450368840772147,0.3933274758364893,0.6064052908553217,9.8798331381713,0.022803508501982792,25,44,1.474352554435661,False,0.0,False,0.38617422327891754,False,0.3552229,False,False,0,OK,val
2026-09-21 14:33:19.164229+00:00,-1.3024733955906045,0.8541827791228961,-0.93758100322332,0.013331736855823525,9.883019437997062,0.020669354663903294,30,44,1.4750552221553623,False,0.0,False,0.38859005883719994,False,0.32802683,False,False,0,OK,val
2026-09-21 14:41:22.729146+00:00,-1.266569276716768,0.8722952665494413,0.5634936104049613,-0.13881436375401268,9.880837830318908,0.02497999199359348,25,45,1.8797963868360708,False,0.0,False,0.39900721583223486,False,0.4048261,False,False,0,OK,val
2026-09-21 14:46:24.398291+00:00,-1.285232473226269,0.8797619816570371,0.8654622668021432,1.0927270914576683,9.889052387618646,0.022555487137279735,20,45,2.1533190586069937,False,0.0,False,0.40953092289418064,False,0.22613546,False,False,0,OK,val
2026-09-21 14:51:27.088544+00:00,-1.2879042293161773,0.8763339337441176,-0.1510071639118169,0.5291419676053847,9.88129064758896,0.019851519847021215,26,45,0.9670989552472623,False,0.0,False,0.3795744256661651,False,0.27407148,False,False,0,OK,val
2026-09-21 14:56:26.319936+00:00,-1.2725371735270925,0.8507942045738016,-0.7446011708804138,-0.5853446051782658,9.88662940593466,0.02971905486757978,30,45,2.8711082308217337,False,0.0,False,0.4226636833174857,False,0.5606091,False,False,0,OK,val
2026-09-21 15:01:27.792930+00:00,-1.269118790508783,0.843723431735943,-0.7067920247279795,1.206534361110132,9.87743099481976,0.01967796285752683,30,45,2.101957936690733,False,0.0,False,0.4047340018296312,False,0.18539068,False,False,0,OK,val
2026-09-21 15:06:29.767499+00:00,-1.2857587631831011,0.852859437602122,-0.8761804857127241,0.1275170567822265,9.880337818183998,0.021870832936432112,30,45,1.5399835364799395,False,0.0,False,0.3913847846262108,False,0.20617515,False,False,0,OK,val
2026-09-21 15:11:31.645833+00:00,-1.2940308728255123,0.8476076477548211,0.45931225172967965,-0.41611101562395414,9.880124282982594,0.02570188192903139,28,45,2.144197486187285,False,0.0,False,0.40100379897965416,False,0.38399208,False,False,0,OK,val
2026-09-21 15:16:23.584604+00:00,-1.2649095212738692,0.8473124335985053,0.7104751504522506,0.753665057598372,9.883289411142174,0.023795602067704764,29,45,1.938383102487179,False,0.0,False,0.39793726955054765,False,0.45386437,False,False,0,OK,val
2026-09-21 15:21:25.466616+00:00,-1.2763116411322097,0.8709513433782077,0.7133025382107394,1.1323973482731668,9.876583137554796,0.018834808201837153,20,45,1.960114083550833,False,0.0,False,0.40491211507143193,False,0.27091965,False,False,0,OK,val
2026-09-21 15:26:27.126993+00:00,-1.2578996500413666,0.8452011464129308,-1.559862952253515,1.7255309173370974,9.88618812912454,0.021197484127446216,30,45,3.4130272077950368,False,0.0,False,0.4588033208819836,False,0.20366132,False,False,0,OK,val
2026-09-21 15:31:28.721773+00:00,-1.2921905197952726,0.8586748362929109,0.014093213594923075,-0.06369201680330304,9.878393392271954,0.02844097201026866,30,45,2.438175301423879,False,0.0,False,0.41153151662298665,False,0.45864308,False,False,0,OK,val
2026-09-21 15:36:30.774999+00:00,-1.269386454777081,0.8325108778635074,-0.13393606391779528,0.42952675383163835,9.883099669110461,0.024073960113690198,30,45,1.5201065419789528,False,0.0,False,0.3959043856071842,False,0.26509416,False,False,0,OK,val
2026-09-21 15:41:33.104772+00:00,-1.3101119830549255,0.8691677082356514,0.4218614735853336,-0.12741103879133941,9.877491188210497,0.01510958779324564,29,45,1.492446838443689,False,0.0,False,0.39865204886128025,False,0.12911652,False,False,0,OK,val
2026-09-21 15:46:25.864302+00:00,-1.2885509789409555,0.8817099489982976,-0.7535249787144606,-0.9539228769220701,9.874646868484376,0.016401219466856513,30,45,2.049093244254692,False,0.0,False,0.4133506689010263,False,0.17385127,False,False,0,OK,val
2026-09-21 15:51:26.920652+00:00,-1.278367188210708,0.8839523233230093,0.5950214139625205,0.2900958820290954,9.880533480477705,0.021847959477565033,30,45,1.3895145074346176,False,0.0,False,0.39964925872110735,False,0.23237266,False,False,0,OK,val
2026-09-21 15:56:28.578477+00:00,-1.3125090678683917,0.8502728094908333,0.3248663883689874,-0.23805441079874062,9.879612457383384,0.023668630751115353,28,45,1.6607019109326586,False,0.0,False,0.40376556246208584,False,0.3757233,False,False,0,OK,val
2026-09-21 16:01:32.070690+00:00,-1.273744383534817,0.8497436040420554,1.3146171541992957,0.011565555370444455,9.886708274344398,0.023764469276632155,20,45,2.390573805850856,False,0.0,False,0.4272862057433656,False,0.3478327,False,False,0,OK,val
2026-09-21 16:06:31.932454+00:00,-1.2639719944009882,0.8552845600486706,1.3630212394959647,-0.05514345654650615,9.877831979087158,0.018993898377715278,27,45,2.0523092504392237,False,0.0,False,0.4142526261732558,False,0.22479293,False,False,0,OK,val
2026-09-21 16:11:34.622260+00:00,-1.3074942926626887,0.8545634851057943,0.5439852264022468,-0.5080459134251578,9.877322955604376,0.01974234028680481,25,45,1.427931591739059,False,0.0,False,0.3992499184617321,False,0.22046417,False,False,0,OK,val
2026-09-21 16:16:28.313303+00:00,-1.3131156808275515,0.8533316269304267,0.09309431852165279,0.08720144578955852,9.881747623745158,0.020438969623978672,26,45,0.839809956412643,False,0.0,False,0.3893747652180328,False,0.25399035,False,False,0,OK,val
2026-09-21 16:21:30.289674+00:00,-1.2748031028111377,0.8441863220090006,0.2127522336897568,0.007702359471558743,9.881427179339951,0.018598880808987667,28,45,0.7210481484183356,False,0.0,False,0.38838504743168556,False,0.25599498,False,False,0,OK,val
2026-09-21 16:26:33.602713+00:00,-1.2944723540898389,0.8482905537961156,-0.05097471724002892,-1.1604138191937794,9.872689439554795,0.015540046832476326,24,45,2.122392920345574,False,0.012843913357556302,False,0.42448887685730685,False,0.14735112,False,False,0,OK,val
2026-09-21 16:31:24.217065+00:00,-1.2744050074171736,0.8385510501024109,0.7417006465062628,-0.0014328827259807145,9.887330913742062,0.022474475317931612,28,45,1.6333188965409478,False,0.040249669026313994,False,0.4093470225874371,False,0.22270674,False,False,0,OK,val
2026-09-21 16:36:26.622328+00:00,-1.301452085206985,0.8388707530529749,0.16983812609915483,-0.09407174994729675,9.876954364950425,0.023064292558429716,27,45,1.545945165831909,False,0.08312848995624722,False,0.40372933571815767,False,0.28677115,False,False,0,OK,val
2026-09-21 16:41:27.982199+00:00,-1.2733805953128638,0.836553418028549,-0.2640584379847091,-0.24361661077696822,9.880884830242627,0.024184476196289162,30,45,1.7747430810565228,False,0.14052335328289123,False,0.40994795073592566,False,0.42375788,False,False,0,OK,val
2026-09-21 16:46:27.191509+00:00,-1.297473579634437,0.8347271244958844,-0.3939543969580103,-0.19589372815167758,9.880784519480942,0.023296995514443322,20,45,1.6333704327450336,False,0.21342313427650417,False,0.40664624399738525,False,0.2843283,False,False,0,OK,val
2026-09-21 16:51:28.551786+00:00,-1.2719460463614871,0.875666272917087,0.12548820344586872,0.4549271626395278,9.878884089692272,0.02290317784840235,30,45,1.5518791714683098,False,0.3009565773265932,False,0.4096083696260599,False,0.3297571,False,False,0,OK,val
2026-09-21 16:56:30.139689+00:00,-1.2942831397117012,0.8353900603634542,-0.5166272976459468,-1.3328061838524072,9.880097111258468,0.017641491496531946,30,45,2.2696896506248927,False,0.4040199237225731,False,0.4284801314371311,False,0.17822054,False,False,0,OK,val
2026-09-21 17:01:31.768114+00:00,-1.284979777962288,0.8465190714796011,0.36142643481387254,0.36447418430620615,9.878042313799869,0.023541109010475045,27,45,1.7598139621624134,False,0.5220548547283796,False,0.4180573223199218,False,0.25000823,False,False,0,OK,val
2026-09-21 17:06:23.537965+00:00,-1.2613994643422053,0.8310399620432682,-0.0828932252395661,-0.4210876898540191,9.886648116931108,0.021522597943143696,30,45,1.3500289038998543,False,0.654811941831952,False,0.40692123491604787,False,0.25123608,False,False,0,OK,val
2026-09-21 17:11:25.593425+00:00,-1.2466023504811645,0.8488875998934254,-0.0733882040082698,-0.7684393210360374,9.884418116747593,0.025449295995501695,30,45,2.3875154041464346,False,0.802454347247294,False,0.4309986864662913,False,0.4366454,False,False,0,OK,val
2026-09-21 17:16:27.094157+00:00,-1.2666650359158957,0.8091005929153194,0.9225059822088015,0.9688473224403265,9.880828595128428,0.025649344804280733,30,45,2.746419677513298,False,0.9656127357373079,False,0.4578500407855581,False,0.45406082,False,False,0,OK,val
2026-09-21 17:21:28.948778+00:00,-1.3109662261264197,0.844241845978958,-0.675416605477249,0.5983632743916851,9.87602501363131,0.020283367130831096,29,45,1.675614077289307,False,1.1447172041817337,False,0.41642853196053675,False,0.26543558,False,False,0,OK,test
2026-09-21 17:26:30.750336+00:00,-1.3034228698130124,0.8650405073870525,0.7246577438977738,-1.2117018159301116,9.872606388979898,0.018568831742662918,23,45,2.40960326719346,False,1.3388055785291102,False,0.4396123495402085,False,0.19380254,False,False,0,OK,test
2026-09-21 17:32:02.819081+00:00,-1.3091519641984417,0.8205659702012297,-0.39388316204201657,0.7263048641596039,9.875748930132984,0.015331639559995825,26,45,1.9321953625310562,False,1.5511093545571435,False,0.42626494110565216,False,0.09186507,False,False,0,OK,test
2026-09-21 17:36:24.653492+00:00,-1.2803320524853463,0.8534467115069774,0.2610807356343272,-0.7481435572594874,9.874901261792795,0.014379528272281153,24,45,2.001801207785716,False,1.7749359666932483,False,0.4408464152460881,False,0.1584252,False,False,0,OK,test
2026-09-21 17:41:26.230874+00:00,-1.3014559225926186,0.8159103988900694,0.5478272653245374,0.016443990714902924,9.8789947661938,0.018296174463531597,20,45,1.295893644296271,False,2.0141701455969074,False,0.4139206036984918,False,0.16656423,False,False,0,OK,test
2026-09-21 18:16:30.274595+00:00,-1.2933963186779365,0.8339062565203847,0.4751513629764982,-0.08721535369551764,9.882490726663118,0.022495870938344768,29,45,1.8627367393747685,False,2.3567037743094073,False,0.4371976607955966,False,0.30682495,False,False,0,OK,test
2026-09-21 18:21:32.456505+00:00,-1.2895959909158814,0.8377047309315564,0.5143609278794266,0.3551926225461879,9.882802524479404,0.02187414003745307,29,45,1.8342260181190821,False,2.7136168318709526,False,0.4422425932862736,False,0.29794168,False,False,0,OK,test
2026-09-21 18:26:26.632619+00:00,-1.306549628134951,0.8540945452645657,0.5802824482735724,0.533943402243632,9.883339121524594,0.018465544437165457,26,45,1.732352467390542,False,3.0851839622894115,False,0.43741176176231805,False,0.21877599,False,False,0,OK,test
2026-09-21 18:31:27.687957+00:00,-1.2987389839265675,0.8382403572837892,0.9135179651994992,0.03536710929784903,9.879239583138137,0.02028957039137743,30,45,1.9787774095309458,False,3.470844338185459,False,0.44627033674283617,False,0.24614917,False,False,0,OK,test
2026-09-21 18:36:29.593528+00:00,-1.3046759867554176,0.8033877742192573,-0.5302298988706974,-0.9048419278424087,9.882483116109439,0.020689640511371732,28,45,2.1543932313392626,False,3.8707314530545744,False,0.45370536829824387,False,0.24772948,False,False,0,OK,test
2026-09-21 18:41:24.612827+00:00,-1.2828839098050115,0.8384215855948831,-0.6287698431786548,0.1631061350500547,9.877708699194399,0.018174736487040218,29,45,1.672262910839185,False,4.284217011388864,False,0.43466252575725733,False,0.21020249,False,False,0,OK,test
2026-09-21 18:46:31.142751+00:00,-1.2562690117545225,0.8686657409059523,-0.16292143642607582,0.12440763720738506,9.877770086775884,0.017406109605687996,29,45,1.484873534680095,False,4.7110830571596285,False,0.42551230386689215,False,0.19080941,False,False,0,OK,test
2026-09-21 18:51:23.348085+00:00,-1.2888363189686158,0.8551179748969239,0.33822653868107927,-0.01771424849529589,9.87916619065427,0.022271057451319763,25,45,1.929560897820227,False,5.152270224438892,False,0.4406613596022375,False,0.25291207,False,False,0,OK,test
2026-09-21 19:01:27.002516+00:00,-1.2980173128892252,0.850924450868676,-0.2845085950141999,-0.062491164806039674,9.880339742098478,0.02472290885438483,30,45,2.3097997537654527,False,5.62064467951358,False,0.46460150241171694,False,0.38707128,False,False,0,OK,test
2026-09-21 19:06:27.649518+00:00,-1.3226922089138466,0.8498011544078151,-1.5344790520150833,0.7464093619177884,9.871245336256338,0.01614173335040417,30,45,3.0493055366904094,False,6.102747378231691,False,0.4973249617823238,False,0.10458576,False,False,0,OK,test
2026-09-21 19:11:40.117282+00:00,-1.2873009061159912,0.8316088812412274,-0.9038039274502414,-0.6490621546952693,9.877007410789732,0.022300704665355733,28,45,2.4912934528024513,False,6.597322365092474,False,0.48103220137871766,False,0.30423814,False,False,0,OK,test
2026-09-21 19:16:31.714479+00:00,-1.281064884928715,0.849784547435305,-0.5120579484424592,-0.48448357396409286,9.880671291965559,0.014049343991353743,29,45,2.383916526175051,False,7.104731687622763,False,0.4824133581016574,False,0.07927177,False,False,0,OK,test
2026-09-21 19:21:23.264081+00:00,-1.3182220939246467,0.8403329848071373,-0.5561609684622987,-0.8132611891574231,9.872985087936247,0.023380903889000028,30,45,2.6339745604438676,False,7.625590427736917,False,0.48052572515950603,False,0.46372876,False,False,0,OK,test
2026-09-21 19:26:25.142310+00:00,-1.2953084098616607,0.8514304997687697,0.19389079129143402,-0.03071384205591328,9.877663909749726,0.017349351572897104,30,45,1.7304536346756458,False,8.158624059969583,False,0.4458493586825034,False,0.17930044,False,False,0,OK,test
2026-09-21 19:31:36.938497+00:00,-1.300056287035234,0.8373729474018038,0.3637262344881437,-0.42901768046351935,9.876767327062755,0.018918436861165688,29,45,1.9160013522724264,False,8.704149204339425,False,0.44973587178902275,False,0.18291496,False,False,0,OK,test
2026-09-21 19:41:30.333169+00:00,-1.2996817492028796,0.8246192381075047,-0.26171372980027946,0.11494808072231266,9.87704466464589,0.015347819244294788,30,45,2.0863836952414756,False,9.273893315925898,False,0.45907183557044134,False,0.16064781,False,False,0,OK,test
2026-09-21 19:46:42.168152+00:00,-1.277157213819467,0.8180903547741827,1.0040599630456097,-0.1593799819054346,9.880398561771907,0.018724777273725034,27,45,2.3264607893727107,False,9.855036552922583,False,0.4763449506655626,False,0.24894518,False,False,0,OK,test
2026-09-21 19:51:23.784370+00:00,-1.310800868431042,0.8271002500048227,0.03514701595641049,-0.44005384720175517,9.876527777035538,0.017384539747206836,30,45,1.9395264137512405,False,10.448391433705915,False,0.4524231561731442,False,0.1884706,False,False,0,OK,test
2026-09-21 19:56:25.724817+00:00,-1.2920101610841541,0.8515414669613234,0.14493681228845595,-1.2634282052109747,9.88034043325067,0.02061243432929695,28,45,2.7469214879958392,False,11.05278788464772,False,0.4865247361448749,False,0.23344278,False,False,0,OK,test
2026-09-21 20:01:27.617414+00:00,-1.2800882787693273,0.8241753145030845,0.4416621186244851,0.6599695642099138,9.87549221581859,0.012398346997259604,22,45,3.167270993040225,False,11.668130007871373,False,0.5083682616188694,False,0.0813705,False,False,0,OK,test
2026-09-21 20:26:26.769790+00:00,-1.2933462613573106,0.8475830663683009,0.21697186237696692,0.2581301557671943,9.883745989252917,0.01640947388959585,24,45,2.300051573501822,False,12.33603075255255,False,0.46312873546195876,False,0.2072978,False,False,0,OK,test
2026-09-21 20:36:32.582436+00:00,-1.3118210452764052,0.8410362303994494,0.23908679036364927,-0.344488279876626,9.881894890300897,0.014998110236212654,21,45,2.4921756461558107,False,13.023470710627036,False,0.4824116380326544,False,0.09923988,False,False,0,OK,test
2026-09-21 20:41:34.552552+00:00,-1.3023032572227624,0.821159463351153,1.0756876680195648,0.2986477954908779,9.879540093004866,0.02095131203515652,27,45,2.806257784711794,False,13.719950655873248,False,0.5106994384469834,False,0.20282938,False,False,0,OK,test
2026-09-21 20:46:24.327195+00:00,-1.3116578820095461,0.8216998846518399,-0.22343400738234334,-0.780846412616918,9.878085237135085,0.016881943016133775,30,45,2.4557832540475113,False,14.425549473954767,False,0.4792013576494887,False,0.12882419,False,False,0,OK,test
2026-09-21 20:51:25.808687+00:00,-1.289055671976398,0.8351800913890901,-1.6497614912021257,-0.5217294979565916,9.878247112563432,0.019405039437103568,30,45,3.224231659225949,False,15.139416462844398,False,0.5281579347337336,False,0.21738812,False,False,0,OK,test
2026-09-21 20:56:28.398271+00:00,-1.303442309419866,0.7980644282715783,-1.29664333479556,-0.5481052786665982,9.876095478144851,0.015563490039904673,30,45,3.072467278856655,False,15.861951921480202,False,0.521763053644463,False,0.11329827,False,False,0,OK,test
2026-09-21 21:06:23.228674+00:00,-1.3038816898582253,0.8283059599061396,-0.5372802497414858,-0.9764779310258358,9.877265819687208,0.016829207415152092,30,45,2.750922055986677,False,16.600473428341395,False,0.49928787356118665,False,0.11988524,False,False,0,OK,test
2026-09-21 21:11:23.690021+00:00,-1.2870770353656646,0.8169181437459352,0.8955176275989735,0.3549590661502736,9.878897415841683,0.01667999467092887,30,45,2.7983537955251796,False,17.346252891075007,False,0.5010918148884297,False,0.09006733,False,False,0,OK,test
2026-09-21 21:16:25.812731+00:00,-1.2809087909792254,0.8258831354090345,-0.13680376635227573,-0.05088615568731118,9.875591961398952,0.018138357147216802,30,45,2.3323213883726805,False,18.09919566597226,False,0.48030964531544196,False,0.19894728,False,False,0,OK,test
2026-09-21 21:21:27.265052+00:00,-1.319145894897424,0.8410817649260801,0.01835276282495107,0.3632293455425014,9.878231328104246,0.017627089541789716,28,45,2.520813588665199,False,18.859818398225734,False,0.4864640091008767,False,0.11975559,False,False,0,OK,test
2026-09-21 21:26:30.684029+00:00,-1.3000250696877236,0.8250470432916006,0.28301255673273457,0.5062029890454003,9.873113908624632,0.015511401178793688,27,45,2.768856809147278,False,19.626781844257902,False,0.5001282768533596,False,0.11707473,False,False,0,OK,test
2026-09-21 21:31:31.531837+00:00,-1.29525082281253,0.8302085117656625,-0.49194558975297303,-0.4324931593755695,9.874863157358838,0.015347220923757975,22,45,2.745334741281556,False,20.400048932431883,False,0.504105055001639,False,0.10510585,False,False,0,OK,test
2026-09-21 21:36:23.580262+00:00,-1.305324332459787,0.8193990304416404,0.3654534574117242,0.5083154471938784,9.872220909273217,0.015471263684650644,25,45,2.8351043083691843,False,21.179588673325835,False,0.5040682639046146,False,0.12134385,False,False,0,OK,test
2026-09-21 21:41:25.050718+00:00,-1.3029985924445977,0.8154984786746816,-0.11374907053578168,0.03303857543373068,9.874171655094079,0.014225966444645402,29,45,2.9030324791099376,False,21.964871157150228,False,0.5129256310047914,False,0.10853373,False,False,0,OK,test
2026-09-21 21:51:31.232807+00:00,-1.302046575370134,0.8225102076830174,-0.0207585837724059,-0.6891768498926141,9.877204277918501,0.0158078742685055,30,45,2.8025488250296906,False,22.76078304943162,False,0.5104146877506719,False,0.13694206,False,False,0,OK,test
2026-09-21 21:56:30.255195+00:00,-1.310948852930857,0.8471412918918498,0.3541101404666295,-0.1837152006658542,9.876189980974175,0.019015970731391215,28,45,2.6203204953000045,False,23.561713594668568,False,0.5084772304319416,False,0.16668487,False,False,0,OK,test
2026-09-21 22:01:31.855631+00:00,-1.288504597530922,0.8279359749021764,0.18018498739011266,0.04512145141593541,9.87693724730937,0.01897221996276374,27,45,2.6060121383797474,False,24.36677782228319,False,0.5041556085558028,False,0.15560788,False,False,0,OK,test
2026-09-21 22:06:23.855073+00:00,-1.3122372605818853,0.8321860449417182,-0.1000432975781023,-0.0666390853668915,9.876455493624913,0.015596146829212558,28,45,2.8199938363271486,False,25.176499887106896,False,0.5160283248874091,False,0.10583438,False,False,0,OK,test
2026-09-21 22:11:26.187369+00:00,-1.306962379628608,0.8131312866480308,-0.03777896523899017,0.6341513263521861,9.876586864030386,0.017771221863749236,28,45,2.891996235717966,False,25.990033225912804,False,0.517207157098198,False,0.17411052,False,False,0,OK,test
2026-09-21 22:16:28.444677+00:00,-1.2995094258206668,0.8410699578596893,-0.23141034046972275,-0.16931026478668565,9.878137092232228,0.01496168576118069,28,45,2.9979190222385763,False,26.80701783693701,False,0.5246193012018476,False,0.090779684,False,False,0,OK,test
2026-09-21 22:21:30.434963+00:00,-1.294203603290226,0.8423888365747746,0.29541107058631894,-0.1496119917541026,9.875470832266778,0.019688939051854693,27,45,2.7155287514322013,False,27.62717075004796,False,0.51503023166779,False,0.21545725,False,False,0,OK,test
2026-09-22 11:08:15.667211+00:00,-10.844538942007116,-7.926415045556879,-1.4211386639247887,-2.3421878026417646,9.763649073808992,0.03171462083196374,38,47,6.615163307122386,False,27.246596342125386,False,0.5128879097959437,False,0.4645896,False,False,0,OK,test
2026-09-23 05:18:17.113262+00:00,-11.465787672629892,-7.2266029239327265,-12.043846079728068,-14.243430750971081,9.785616734077395,0.15384063512313367,27,48,29.55807577486921,True,27.542486753710826,False,0.6765203818211917,True,1.2101891,False,False,2,OK,test
2026-09-23 05:23:21.856146+00:00,-11.484606146609627,-7.906253491390473,0.9169526371456008,-6.294876242333089,9.773213079451887,0.033977372930845816,43,48,10.756703179020354,False,27.823586637356954,False,0.5579394407392875,False,0.1120573,False,False,0,OK,test
2026-09-23 05:28:25.067127+00:00,-11.421138104442928,-8.329962085428773,0.7875862479763363,-3.6102747115270986,9.75487273512265,0.06760555004565393,23,48,10.19650893138366,False,28.08841923808624,False,0.5832139973561955,False,2.9591894,False,False,0,OK,test
2026-09-23 05:33:20.598990+00:00,-10.871835432079937,-7.3716132451442355,6.876702059724893,13.768573876420264,9.768264272718907,0.08121664392652968,33,48,23.237353900357032,True,28.328168541255664,False,0.655030443616937,True,0.12609512,False,False,2,OK,test
2026-09-23 05:38:20.345845+00:00,-10.736528954625937,-7.124246659106179,0.3456593420441311,-0.35964342796842447,9.768178478614537,0.017026123718829528,30,48,2.4338482478214156,False,28.550406816177578,False,0.4120433497804042,False,0.10421339,False,False,0,OK,test
2026-09-23 05:43:32.342256+00:00,-10.803196078731322,-7.12584389156351,0.057937000955295026,0.4526420428720007,9.76704384001864,0.01743559577416271,30,48,2.411986678658717,False,28.758853697048963,False,0.40908601628291186,False,0.15549962,False,False,0,OK,test
2026-09-23 05:48:19.571406+00:00,-10.795570357792833,-7.135141813035273,0.2162423285310318,-0.548198731208921,9.767505501219945,0.017108972562627917,44,48,2.496331675131115,False,28.95220662574181,False,0.4107014914404778,False,0.24601465,False,False,0,OK,test
2026-09-23 05:53:21.657149+00:00,-10.827926254479145,-7.133313783163383,-0.7666384609089589,-1.064609672081538,9.773111158783006,0.013297230032251589,35,48,3.4794287705097977,False,29.131250488534224,False,0.469805105675203,False,0.10115597,False,False,0,OK,test
2026-09-23 05:58:23.641497+00:00,-10.810312759349948,-7.14112784235602,-0.43310843373090985,-0.6123692184846977,9.767569694389566,0.017237896093444647,36,48,2.561156601205647,False,29.295139735763296,False,0.41164470498441247,False,0.11779167,False,False,0,OK,test
2026-09-23 06:03:28.102838+00:00,-10.846341285079006,-7.14184655136259,0.5718882326995778,-0.07809767122974957,9.761152337172314,0.026765802122583646,35,48,3.3045124838305133,False,29.44492208741532,False,0.4392891743848442,False,0.56359315,False,False,0,OK,test
2026-09-23 06:08:26.676325+00:00,-10.841274072228215,-7.152233691663218,-1.02391525904754,0.03007518453260575,9.773474135386083,0.015880884684309916,39,48,2.820337965662828,False,29.57992762202726,False,0.42391080451407737,False,0.11253578,False,False,0,OK,test
2026-09-23 06:13:33.672494+00:00,-10.853150969642241,-7.148268309678453,-0.6567806702662781,0.28299436880689627,9.76837464403638,0.01369464320802691,34,48,3.0726679027239086,False,29.70055000231929,False,0.43693757645047204,False,0.09787314,False,False,0,OK,test
2026-09-23 06:18:18.861053+00:00,-10.82402337335702,-7.156474588165245,0.15692100661943098,-0.08877711003636714,9.769662234175915,0.018553104513122136,42,48,2.229635992752609,False,29.806134905478558,False,0.39835204339605346,False,0.2539903,False,False,0,OK,test
2026-09-23 06:23:26.371822+00:00,-10.834778433872133,-7.173809882207182,-0.28701081179988874,1.008731475651046,9.773003795696475,0.012450175047386521,27,48,3.61460987444806,False,29.897507435591752,False,0.4613282688957153,False,0.07261963,False,False,0,OK,test
2026-09-23 06:28:25.685978+00:00,-10.867181782989016,-7.150782880701225,-0.542986075667586,0.3989658594794444,9.768781488789436,0.015857643070456565,32,48,2.6273369832416282,False,29.97516760396431,False,0.40804842282563486,False,0.1198451,False,False,0,OK,test
2026-09-23 06:33:18.662349+00:00,-10.833921798690948,-7.209592184062984,-0.18875519674521293,-0.22946785013868362,9.7718870383414,0.016912538266543247,36,48,2.2727234838606156,False,30.038032751496694,False,0.39780807384090416,False,0.16004504,False,False,0,OK,test
2026-09-23 06:38:17.877314+00:00,-10.848520605988934,-7.171280562939665,0.4148254538639999,0.26693977731372387,9.765694489806876,0.015657025251848797,37,48,2.5250091102315744,False,30.08709360307054,False,0.4039025719797208,False,0.124254175,False,False,0,OK,test
2026-09-23 06:43:19.963782+00:00,-10.860697845675103,-7.184628136369908,0.04967702879155597,0.2932489183062425,9.768293963756406,0.017683280597740242,42,48,2.2606137738297774,False,30.122432243823432,False,0.39288789131251617,False,0.15542415,False,False,0,OK,test
2026-09-23 06:48:18.991832+00:00,-10.847977717652178,-7.204930871586436,-1.1056843280023274,0.5964385401680822,9.76010909859971,0.017309048922548184,42,48,2.9438340195178485,False,30.14372823136101,False,0.41680674157180136,False,0.1588408,False,False,0,OK,test
2026-09-23 06:53:17.370209+00:00,-10.854501505444903,-7.224204011445602,-0.4382117519145453,0.6225507847153637,9.762948861727667,0.019750082061021672,37,48,2.489865647453005,False,30.151471273227298,False,0.399084430901058,False,0.20793357,False,False,0,OK,test
2026-09-23 06:58:23.443851+00:00,-10.846784674048804,-7.219436911041503,-0.36529837173588164,-0.47726822060013874,9.766627718297947,0.021665875262532937,27,48,2.589417484352403,False,30.145548009725587,False,0.400677017284771,False,0.24376899,False,False,0,OK,test
2026-09-23 07:03:39.351220+00:00,-10.872804223269025,-7.209055102614963,0.664443653238512,0.837169554385389,9.766479533894678,0.017915356541247006,25,48,2.6578188557462346,False,30.126724923198722,False,0.4073193637195301,False,0.14528216,False,False,0,OK,test
2026-09-23 07:08:31.811442+00:00,-10.846774657241172,-7.213551884336838,0.2894026944555665,-1.1295203702322265,9.763408056248968,0.015409088227406512,25,48,3.06824728357514,False,30.09421316614034,False,0.4271062155643926,False,0.1292525,False,False,0,OK,test
2026-09-23 07:13:23.452227+00:00,-10.907879057510332,-7.22616015350552,-1.492643103249853,-0.12777960292383117,9.769206236957723,0.041321799114331696,29,48,5.3557754816689345,False,30.049763959837296,False,0.49341573390457666,False,0.2617756,False,False,0,OK,test
2026-09-23 07:18:17.538340+00:00,-12.119909101214262,-7.300362215440656,-4.737490685730305,0.8967679273170615,9.817768846574918,0.047576319454530176,45,48,8.383936936423686,False,30.01450069154118,False,0.5623952512669311,False,0.34820986,False,False,0,OK,test
2026-09-23 07:23:17.482952+00:00,-12.194146972617284,-7.258122013348744,0.621099073676609,-1.9348880109426188,9.822251156715362,0.0165998661306516,30,48,4.178984299472694,False,29.96788757169643,False,0.4405069394790378,False,0.13815802,False,False,0,OK,test
2026-09-23 07:28:17.116302+00:00,-12.182028459091383,-7.294684737678222,0.0359239776014401,0.31829464544429387,9.828012618454657,0.013540566412654532,35,48,3.7405254428213586,False,29.908535876195295,False,0.4257104235440755,False,0.10182077,False,False,0,OK,test
2026-09-23 07:33:20.618204+00:00,-12.18644316009686,-7.308093601825154,-0.3370856055495426,-0.9608266591510968,9.816634307439044,0.015212732206017853,46,48,3.4564739372022517,False,29.836935907929174,False,0.4126383094007099,False,0.16101329,False,False,0,OK,test
2026-09-23 07:38:17.581687+00:00,-12.199029884953895,-7.319575946465757,0.3695477757173815,-0.496617316503822,9.82238479065252,0.014043925160368596,34,48,3.536660142493304,False,29.753431625006503,False,0.41836014873275484,False,0.06486234,False,False,0,OK,test
2026-09-23 07:43:18.947903+00:00,-12.179475355005092,-7.325097101435875,0.5933719178557799,-0.49955194132004765,9.824198824997016,0.01767889285546904,34,48,3.009484650729483,False,29.657638871280945,False,0.395078643625409,False,0.18917754,False,False,0,OK,test
2026-09-23 07:48:22.058864+00:00,-12.18463962056749,-7.351828886404458,-0.10530909920645769,0.003916619715628853,9.82306956133966,0.013464776980628267,37,48,3.6039448279860364,False,29.550214287128007,False,0.4222985229942945,False,0.058873158,False,False,0,OK,test
2026-09-23 07:53:27.518914+00:00,-12.179204245272206,-7.273882625756106,-0.7068497602897735,0.268699004021233,9.816989098743537,0.01502981426380272,33,48,3.444150332794513,False,29.43117713402405,False,0.40142650892084963,False,0.13306302,False,False,0,OK,test
2026-09-23 07:58:26.018452+00:00,-12.192086903394296,-7.335747756499872,0.31224733033172875,0.25078928131539174,9.81820031184653,0.01678655108034139,39,48,2.9568232317165326,False,29.301078589438333,False,0.38758887294072464,False,0.15154631,False,False,0,OK,test
2026-09-23 08:03:24.206822+00:00,-12.18675223219931,-7.3049366899411075,0.053555796302004924,-0.05932249269442084,9.817321009314332,0.015805916285346142,34,48,3.052186463625904,False,29.159810093600054,False,0.3903252092086153,False,0.14659716,False,False,0,OK,test
2026-09-23 08:08:17.486721+00:00,-12.179481118258227,-7.342670212731349,0.21134104622195984,-1.11589883591021,9.818283892424354,0.013461538461538174,26,48,3.833965550419667,False,29.007564744646963,False,0.4427662732972633,False,0.08039611,False,False,0,OK,test
2026-09-23 08:13:19.971812+00:00,-12.20448585209987,-7.33963173315833,-0.21786095721787377,0.5204287200920101,9.817899812880958,0.0164297748006474,40,48,3.085264193285618,False,28.845163624872544,False,0.3870529322499884,False,0.15752745,False,False,0,OK,test
2026-09-23 08:18:22.068281+00:00,-12.217015317916607,-7.334357998770758,-0.30248833577289436,0.6748248910932355,9.825668549490727,0.014832048726372567,44,48,3.5026668781019867,False,28.672618188427077,False,0.39933177075668486,False,0.13561362,False,False,0,OK,test
2026-09-23 08:23:22.293839+00:00,-12.202685536676235,-7.343506563202046,-0.27939196971848895,-0.09032341299847824,9.821677677598672,0.015459837455216122,37,48,3.124766770884244,False,28.489682970865676,False,0.39233814087832675,False,0.135272,False,False,0,OK,test
2026-09-23 08:28:26.021938+00:00,-12.175839765794295,-7.365026887855432,-0.4954682585422779,-0.4465993676166189,9.817019061879336,0.013340134319918583,35,48,3.664276352866515,False,28.29637844253557,False,0.42401968086473973,False,0.09609962,False,False,0,OK,test
2026-09-23 08:33:17.857886+00:00,-12.199620739417135,-7.3636143387396125,-0.11826089201838687,-1.3002172149637496,9.821609023943767,0.016090637425371365,39,48,3.480250265176754,False,28.093879267774124,False,0.4098953344944045,False,0.12920955,False,False,0,OK,test
2026-09-23 08:38:21.583278+00:00,-12.187646175647759,-7.332998742031103,-0.47042290813277293,0.7614511440841176,9.817304350595963,0.014663822858689194,38,48,3.5700048892100518,False,27.881792133929405,False,0.4040629500223717,False,0.11688039,False,False,0,OK,test
2026-09-23 08:43:21.629673+00:00,-12.184464827671963,-7.362274551575036,0.4771833358179911,0.5899067350551174,9.822903903954574,0.009955000794391057,35,48,5.007143800056348,False,27.660539182397105,False,0.4332974128067872,False,0.06143623,False,False,0,OK,test
2026-09-23 08:48:18.069576+00:00,-12.199750583875474,-7.3615694032783034,-0.7494389181493215,0.7729643323554282,9.81696448463448,0.014827520302359757,39,48,3.6361432815899137,False,27.430722999191506,False,0.41133185705648273,False,0.099355385,False,False,0,OK,test
2026-09-23 08:53:27.027698+00:00,-12.200896133347662,-7.386626302642587,0.5351721911061693,-0.9796953658737645,9.818697156874041,0.013529227620229923,25,48,3.7912305799275035,False,27.192356773727397,False,0.4318416897529513,False,0.10509431,False,False,0,OK,test
2026-09-23 08:58:23.788466+00:00,-12.199647619245322,-7.3490009052393575,0.12158703774265091,1.1118335260327872,9.826882918922893,0.017631898843567653,37,48,3.2448649382275683,False,26.945671609124908,False,0.3973731243442027,False,0.2072715,False,False,0,OK,test
2026-09-23 09:03:25.242710+00:00,-12.194124741360568,-7.359548806667358,0.1600513703032522,0.109928752007237,9.818208430935742,0.013835955710909788,41,48,3.445304000000639,False,26.69086832684417,False,0.40979108069929315,False,0.11558064,False,False,0,OK,test
2026-09-23 09:08:26.302110+00:00,-12.185815436248404,-7.357459285899324,-0.7119323400427381,-0.5282403569750296,9.821005555664946,0.014032589933683132,36,48,3.599403754017181,False,26.428178651641,False,0.42326815075106555,False,0.12265281,False,False,0,OK,test
2026-09-23 09:13:26.340796+00:00,-12.185241005406672,-7.383781124156744,-0.6173217308866575,0.9803343620185059,9.81872042020302,0.015811388300841556,36,48,3.5008298261279918,False,26.158029526381043,False,0.4076101920844113,False,0.16463788,False,False,0,OK,test
2026-09-23 09:18:23.327689+00:00,-12.198783184327574,-7.367147560274275,0.46354025273501004,0.23313106495454544,9.821198210042883,0.015343681808111274,35,48,3.180181317289206,False,25.880967616506847,False,0.3899857237813944,False,0.1308,False,False,0,OK,test
2026-09-23 09:23:20.177431+00:00,-12.19752208503477,-7.349593931585751,-0.177341804460654,-0.11320356001702297,9.818223984198596,0.015745418014734266,37,48,3.0666296222349243,False,25.597016518474184,False,0.3905663517518805,False,0.103961945,False,False,0,OK,test
2026-09-23 09:28:17.539169+00:00,-12.202031157629145,-7.368007950568206,0.049143127193423966,0.27321885047980765,9.813670593240147,0.016413036132965454,42,48,2.9944934796080664,False,25.30657762914699,False,0.38850948318965606,False,0.19328119,False,False,0,OK,test
2026-09-23 09:33:19.412545+00:00,-12.18325631651692,-7.377108596741355,-0.19082543092239448,0.3914167387439045,9.818490885185966,0.013707144212750077,36,48,3.552253648082757,False,25.00952655284129,False,0.41389523135006345,False,0.11325541,False,False,0,OK,test
2026-09-23 09:38:23.543847+00:00,-12.173075935914982,-7.372716337568674,-0.7960660508784356,0.5081904716800862,9.818221057425252,0.014122722936990828,27,48,3.6833774996267885,False,24.706322212881815,False,0.4259582543689734,False,0.038734883,False,False,0,OK,test
2026-09-23 09:43:18.041717+00:00,-12.200910846382241,-7.376761402839044,-0.2744301308260597,-0.8265857828233742,9.815966334714053,0.015375570339512482,35,48,3.3748725076343353,False,24.397961968923745,False,0.40608282487547187,False,0.12043789,False,False,0,OK,test
2026-09-23 09:48:18.077176+00:00,-12.197371058991987,-7.373944027469778,-0.35338687977936245,-0.14419060008293733,9.819249110026133,0.016184653969275403,37,48,3.0500259289878433,False,24.0841826552783,False,0.39064780253511566,False,0.12929443,False,False,0,OK,test
2026-09-23 09:53:22.016367+00:00,-12.183054584141301,-7.338639903576986,0.08853383305079765,-0.37441105049792045,9.813065571872606,0.014276107928450325,41,48,3.4188954964163507,False,23.765098634336162,False,0.4134625017729796,False,0.09987688,False,False,0,OK,test
2026-09-23 09:58:21.640448+00:00,-12.207010552193116,-7.350893564625525,0.30540934090775035,-0.035757673619212824,9.811402066615026,0.014526502805098946,33,48,3.3683452773135665,False,23.441719591438964,False,0.40927931600172507,False,0.13086729,False,False,0,OK,test
2026-09-23 10:03:28.229160+00:00,-12.204737416449817,-7.394881042096128,-0.19501843912017122,-0.6086940621049173,9.817759902894128,0.014696938456699072,40,48,3.3975604659473975,False,23.113883235621223,False,0.40785711572528954,False,0.089905314,False,False,0,OK,test
2026-09-23 10:08:25.181888+00:00,-12.18465047757386,-7.378459467489035,0.2815203557673356,-0.23974952734314395,9.815388717357385,0.014907119849998282,36,48,3.2792009205243344,False,22.781582575263165,False,0.3994692232558094,False,0.13726112,False,False,0,OK,test
2026-09-23 10:13:19.206329+00:00,-12.198020543869195,-7.3683584256542645,-0.5742992222022296,0.10196932201848116,9.817190870292064,0.015269016246728113,35,48,3.3192544925957552,False,22.44574593658091,False,0.4000343564110436,False,0.103365876,False,False,0,OK,test
2026-09-23 10:18:18.126959+00:00,-12.196911580552449,-7.387039351153395,-0.2519019763865727,-0.13483879719783362,9.81661708500124,0.015548660927325852,41,48,3.183907439571466,False,22.10643078584231,False,0.3961853146250724,False,0.17200735,False,False,0,OK,test
2026-09-23 10:23:21.232892+00:00,-12.19601476272536,-7.365266193097855,-0.7835386313632725,-0.15249223960085384,9.819579123493856,0.012489995996796796,30,48,4.050479930867025,False,21.763963682988024,False,0.44473814592377464,False,0.057240248,False,False,0,OK,test
2026-09-23 10:28:22.566281+00:00,-12.203172864710757,-7.381053747272596,-0.745648763794818,0.30164156050858576,9.812137432826114,0.013747324091167048,38,48,3.7717394264306017,False,21.418815455306863,False,0.4354687148479445,False,0.120377965,False,False,0,OK,test
2026-09-23 10:33:19.216862+00:00,-12.18776782078276,-7.370186684441651,0.039814954171873265,1.0004401065950461,9.818864998132973,0.013331079672526986,43,48,3.9433911296513475,False,21.07090087701437,False,0.43875097720691786,False,0.10034631,False,False,0,OK,test
2026-09-23 10:38:29.282933+00:00,-12.203593280027478,-7.384334485335021,0.6339482104569069,1.112563564502805,9.818227743068253,0.015212162077573149,41,48,3.7009115593610415,False,20.721115200026766,False,0.42180892241612017,False,0.15150474,False,False,0,OK,test
2026-09-23 10:43:23.991082+00:00,-12.200954728681811,-7.394227471672887,-0.12395222824292221,-1.3825801851644932,9.815794138127137,0.019679163662384355,41,48,3.681905302452197,False,20.369450032700026,False,0.42145492164294934,False,0.21021727,False,False,0,OK,test
2026-09-23 10:48:23.441257+00:00,-12.18287083915184,-7.399999246882383,-0.42125946143989706,-0.5609067213832677,9.819224264330098,0.019952410560851126,47,48,3.1092951143427645,False,20.015952808938234,False,0.39799845437285913,False,0.51177,False,False,0,OK,test
2026-09-23 10:53:17.511399+00:00,-12.209096208023302,-7.414632830072651,0.3018504794478076,0.10160415969719429,9.81750919887538,0.01228696582097737,38,48,3.9507868928370433,False,19.661759489423822,False,0.44138392359094325,False,0.08200018,False,False,0,OK,test
2026-09-23 10:58:17.647036+00:00,-12.206071461035439,-7.428025814424911,0.1330999396004484,-0.9452322469711258,9.817043189642261,0.013375782766845845,42,48,3.8901499276200653,False,19.3066674707224,False,0.44635833330068203,False,0.06676101,False,False,0,OK,test
2026-09-23 11:03:28.435993+00:00,-12.198117882731642,-7.392221344087143,-0.4121399496397015,0.3722543601019462,9.813526944912937,0.01724838906123536,38,48,3.192401761504943,False,18.950917311392004,False,0.39958662895546787,False,0.16843279,False,False,0,OK,test
2026-09-23 11:08:18.539501+00:00,-12.212769618588204,-7.366993567229711,0.18233861527642198,1.9224322893150207,9.813336175645516,0.01646788194438107,38,48,4.212526239239318,False,18.595251063792922,False,0.4423361775817739,False,0.08438137,False,False,0,OK,test
2026-09-23 11:13:21.140993+00:00,-12.208128191121297,-7.38226990260506,-0.5827470936035021,0.5570097071106757,9.814958049446187,0.013228756555322673,32,48,3.95541099559452,False,18.23964812018683,False,0.4433500363328015,False,0.1420546,False,False,0,OK,test
2026-09-23 11:18:21.371333+00:00,-12.209783703675871,-7.358438797887723,0.10530460119813899,-0.5888726651710252,9.817628416146931,0.015037745404417263,42,48,3.5027538944356045,False,17.884553661360748,False,0.4118170641884269,False,0.098115645,False,False,0,OK,test
2026-09-23 11:23:18.026208+00:00,-12.211672997935262,-7.361404099588642,-0.17727821069140776,0.4299618944378913,9.819450241213204,0.014990763545921906,38,48,3.4493048192668834,False,17.53030226276068,False,0.40897707289143076,False,0.11755456,False,False,0,OK,test
2026-09-23 11:28:24.716654+00:00,-12.220199130158637,-7.389520346415641,-0.11624606833739462,-0.4766603553407314,9.819168986378795,0.01618243744847866,43,48,3.3287610295022105,False,17.177344680348174,False,0.4044687051187682,False,0.15114889,False,False,0,OK,test
2026-09-23 11:33:24.751456+00:00,-12.192057755087733,-7.401804470330594,-0.6198392257172854,0.4060733455624219,9.807890870948004,0.04002065582373635,44,48,5.304218998542623,False,16.8253427877318,False,0.4614619535422035,False,0.79970706,False,False,0,OK,test
2026-09-23 11:38:17.232592+00:00,-12.227401523132057,-7.3168978424023985,0.5961115991310226,0.37368296762997777,9.822717902696903,0.03206136251125544,71,48,4.281617327333103,False,16.475781003762684,False,0.4365029042436944,False,0.65820694,False,False,0,OK,test
2026-09-23 11:43:18.179923+00:00,-12.223509562970865,-7.280121429833273,0.14960680555610845,1.9215701453939718,9.816948502600269,0.024759105214318095,71,48,4.278966370236752,False,16.128272894675558,False,0.45147422798044595,False,0.46533605,False,False,0,OK,test
2026-09-23 11:48:20.253415+00:00,-12.22544540358597,-7.326689486534976,0.23841236577270894,0.2512201373015972,9.81731186716502,0.019109646030959233,56,48,3.2057356689146417,False,15.783251381309743,False,0.39864319335549736,False,0.2182009,False,False,0,OK,test
2026-09-23 11:53:20.918041+00:00,-12.235075913794656,-7.343739050469784,0.15146198656477525,-0.23603933938842056,9.817144315964104,0.013909752449941316,47,48,3.7026656918676704,False,15.441182203485681,False,0.42970295107346157,False,0.15347248,False,False,0,OK,test
2026-09-23 11:58:21.344604+00:00,-12.236295150772117,-7.330807301831437,0.15227312986121253,0.03338779033024094,9.819619683477068,0.013964240043768644,40,48,3.6667979972628064,False,15.102236576265895,False,0.42912557524327427,False,0.08601213,False,False,0,OK,test
2026-09-23 12:03:20.680689+00:00,-12.234443895701363,-7.3556132136729255,0.3141685155341605,-0.12445998550476674,9.815440625419916,0.012464785732162266,57,48,4.053339293882158,False,14.766681465687121,False,0.44521470832130927,False,0.05792529,False,False,0,OK,test
2026-09-23 12:08:25.407086+00:00,-12.241859956476349,-7.336855287024139,0.06810206905041355,0.7394196407144429,9.821754865344392,0.0183561092163379,65,48,3.332148740168676,False,14.435006813515844,False,0.4003198700604816,False,0.21933135,False,False,0,OK,test
2026-09-23 12:13:17.664328+00:00,-12.115663340930702,-7.298477664716161,4.216841525270929,1.03821827910446,9.819380492817421,0.021817800897115186,68,48,6.874552178073913,False,14.105099698664498,False,0.49186302659648085,False,0.15265864,False,False,0,OK,test
2026-09-23 12:18:18.102811+00:00,-11.922799507179624,-7.255562825585774,-0.17866244369194503,1.4299143494260085,9.819212184967373,0.014134196482434837,70,48,4.116613999734902,False,13.776063983993286,False,0.4506998042012027,False,0.18039447,False,False,0,OK,test
2026-09-23 12:23:24.076952+00:00,-11.950300844873244,-7.219173321669315,0.7337651450029435,0.028392379123536052,9.817342828260259,0.017429059423357346,62,48,3.399408567451711,False,13.45222677070553,False,0.4072633190334598,False,0.24635765,False,False,0,OK,test
2026-09-23 12:28:22.063262+00:00,-11.916126949373224,-7.23775991285221,0.30589419355204855,-0.37649704422058194,9.821180543735478,0.013674529018801788,61,48,3.706559285440152,False,13.132778477284687,False,0.4359204593902727,False,0.107431024,False,False,0,OK,test
2026-09-23 12:33:20.282117+00:00,-11.924481554173541,-7.283571795636768,0.9553112243695139,-0.7275642810083518,9.810163845506729,0.015479839982949776,58,48,3.927051046885228,False,12.818804129705752,False,0.4291765487782701,False,0.15679447,False,False,0,OK,test
2026-09-23 12:38:18.976578+00:00,-11.962490940171111,-7.2607200825555145,0.19982100044407927,0.07582074933065497,9.815235638348426,0.01796382129360401,49,48,3.311916831860569,False,12.511151859481837,False,0.4001480651129544,False,0.14146568,False,False,0,OK,test
2026-09-23 12:43:38.967855+00:00,-11.941110217463995,-7.261174431036545,0.23985780145115318,0.8796301519122183,9.815811159940914,0.015724579380517762,44,48,3.6158262425764063,False,12.209046087451357,False,0.4173146961756955,False,0.14200276,False,False,0,OK,test
2026-09-23 12:48:23.864675+00:00,-11.975592211212005,-7.315376603543131,-0.4944920857511696,0.14228028964101197,9.817361855760948,0.019566908425334945,65,48,3.3635008465635887,False,11.913806546689663,False,0.40329378768113844,False,0.1440896,False,False,0,OK,test
2026-09-23 12:53:25.933247+00:00,-11.990980165251155,-7.332832905646147,-0.20909368806760628,-0.33743839952280413,9.82238056194316,0.018344152651674106,42,48,3.3164544948908974,False,11.625385439587932,False,0.4005914637168282,False,0.2663549,False,False,0,OK,test
