,dev_u,dev_v,slope_u,slope_v,norm,acc_std_max,n,session,maha,flag_maha,cusum,flag_cusum,iso,flag_iso,lstm,flag_lstm,flag_sensor,votes,status,split
2026-09-11 04:52:30.773353+00:00,-24.322355702019202,-73.66301396189768,4.2528204901636375,-0.0019474589218860864,9.784379511465804,0.020464289827527925,29,0,103.46862249960236,True,76.89899122618834,True,0.7638101844092404,True,11.37344,True,False,4,ALARM,train
2026-09-11 05:02:34.608668+00:00,-22.80142685979458,-73.41713531199818,23.72814603048057,4.432448141576687,9.78521784332418,0.03157762268536026,29,0,119.23880046686803,True,153.5448267729015,True,0.8265177993964651,True,40.614502,True,False,4,ALARM,train
2026-09-11 05:07:36.894941+00:00,-22.33069021221502,-73.32487904611425,-1.043385209004192,-0.47847316787574706,9.78329624443407,0.01818424226264789,30,0,104.76002953304727,True,230.0984871059131,True,0.7220084973965742,True,3.4147508,False,False,3,ALARM,train
2026-09-11 10:50:03.472409+00:00,0.007807880251605258,0.0904256770885846,-0.7742276132005346,-0.37703868126680934,9.486126187756629,0.013879481258317955,25,4,4.21025626056998,False,228.9505886727975,True,0.5441301711615475,False,0.9885206,False,False,1,WATCH,train
2026-09-11 11:00:05.988121+00:00,-0.039350925475007466,0.1392520250027011,0.20241436422267628,1.0970846176121547,9.48350981607327,0.013997084244475284,28,4,4.242743568663361,False,227.8204710604225,True,0.5367946206664366,False,0.72336787,False,False,1,WATCH,train
2026-09-11 11:05:10.790798+00:00,-0.04597448672402932,0.19407984452876317,0.3639645421278329,0.06474649240889216,9.485584744035412,0.011371040722279947,23,4,4.6913163453685565,False,226.6660593147428,True,0.5650502590983727,False,0.5122704,False,False,1,WATCH,train
2026-09-11 11:10:11.687854+00:00,-0.05735719479114852,0.20914403244843893,0.47627588523408293,0.11859617233576689,9.491631729138064,0.014664242223858655,25,4,3.8358812632978707,False,225.53027317745315,True,0.5190140820453376,False,0.6405415,False,False,1,WATCH,train
2026-09-11 11:15:04.438879+00:00,-0.04387084421077029,0.2770646478464562,-0.15174371904718242,-0.7659439521113438,9.495593592274501,0.01657788855339811,24,4,3.6105690559651995,False,224.355643908583,True,0.5178459681143963,False,1.6102922,False,False,1,WATCH,train
2026-09-11 11:20:05.605558+00:00,-0.02786110285608163,0.3012773100469574,0.211019418547787,-0.44036550979562294,9.496615361783922,0.013266499161421594,25,4,3.755958895993227,False,223.18933250993013,True,0.513933489541756,False,0.8064653,False,False,1,WATCH,train
2026-09-11 11:25:09.021138+00:00,0.00779963031197074,0.33415159460124777,-0.04594744636227815,0.3703569106195563,9.509657482063632,0.0171300904842911,25,4,3.0252674683979297,False,222.02173091591118,True,0.481341917190558,False,0.9629378,False,False,1,WATCH,train
2026-09-11 11:30:09.667791+00:00,0.0038648792768906886,0.34318263795934967,-0.9348518263451133,-1.505976047058626,9.511059516092642,0.01939071942966532,25,4,4.205028454137437,False,220.87844006042315,True,0.5531974198271679,False,1.0147252,False,False,1,WATCH,train
2026-09-11 11:35:11.848598+00:00,-0.023742675794648036,0.3580925179551792,0.42664947978773077,0.80558329272236,9.519177581238365,0.016354070481130245,26,4,2.9988243708187152,False,219.75283499695476,True,0.47544436090672704,False,0.9345825,False,False,1,WATCH,train
2026-09-11 11:45:04.353323+00:00,-0.07058658845595031,0.3953989941246985,0.5738944296943171,1.8610091852658672,9.528959483233914,0.013451854182690999,21,4,3.7642840647128284,False,218.65366165128555,True,0.5211981346561687,False,0.7643539,False,False,1,WATCH,train
2026-09-11 11:50:03.563039+00:00,-0.041565290387531505,0.4362484282271192,-0.3416246132301593,0.09925602187357016,9.530582604624259,0.01642190468936644,29,4,2.4622567911584423,False,217.54320517073398,True,0.44933143460658515,False,0.7224252,False,False,1,WATCH,train
2026-09-11 11:55:10.369582+00:00,-0.07457806662675634,0.4769934619915053,-0.5644030775652791,0.557593641244285,9.534016519856072,0.0185891811534191,23,4,2.9531861452711183,False,216.42126098084572,True,0.46362954390719435,False,0.71169114,False,False,1,WATCH,train
2026-09-11 12:00:11.826942+00:00,-0.0855714892180305,0.4792657796311996,-1.3276883246263675,2.1167490584316817,9.531469611872788,0.01666391161802121,22,4,4.409204692281366,False,215.32918849137934,True,0.573153367368398,False,1.1559819,False,False,1,WATCH,train
2026-09-11 12:05:04.224229+00:00,-0.09624183978598422,0.49404634613348297,-0.32307020069454495,0.12776015085073936,9.537787854724344,0.01673647930028891,27,4,2.4588938559594027,False,214.25308393225262,True,0.4310128906856873,False,0.8350099,False,False,1,WATCH,train
2026-09-11 12:10:05.068414+00:00,-0.09971476906585806,0.5307947059154443,-0.16035157709788947,-0.6248513752594338,9.534279797863762,0.013590212564600333,28,4,2.92711289478836,False,213.16877705389444,True,0.4502020180193117,False,0.6214586,False,False,1,WATCH,train
2026-09-11 12:15:03.567429+00:00,-0.09486152698018174,0.5621682537986966,0.01094756934009169,-0.09066987781347707,9.53835274059752,0.015470424268750723,31,4,2.420386382075168,False,212.08171358692158,True,0.42196443830710995,False,0.82316947,False,False,1,WATCH,train
2026-09-11 12:25:11.600212+00:00,-0.0907336497053631,0.3693027886186962,-0.552284597694998,-0.05727322466285616,9.554393702125491,0.015459663290662012,29,4,1.9742682982080408,False,211.2649468027284,True,0.40780839889054604,False,0.8389379,False,False,1,WATCH,train
2026-09-11 12:30:03.748284+00:00,-0.11888625407539254,0.3337337296660175,-0.7568670755726755,-1.06532669590529,9.554500917994472,0.01845414738088855,30,4,2.8506722234762023,False,210.5167435310274,True,0.450351100866427,False,0.81792045,False,False,1,WATCH,train
2026-09-11 12:35:13.229237+00:00,-0.12406859705100014,0.29515373538642753,0.002478267851216606,-1.30495607395392,9.553436534824263,0.014967265113249082,29,4,2.258716644154343,False,209.83992945540862,True,0.42579056929758113,False,0.96153426,False,False,1,WATCH,train
2026-09-11 12:40:08.117706+00:00,-0.10924555339580488,0.31146068018185913,0.8360939798964986,0.15638977264315443,9.554048296529237,0.01954293422800656,29,4,2.9330425239356526,False,209.17457257376788,True,0.4634962128257632,False,1.0752856,False,False,1,WATCH,train
2026-09-11 12:45:10.102592+00:00,-0.10718103614349887,0.26767549534436214,0.8304121041637081,0.6081411349257239,9.558834835454727,0.017065234314893776,30,4,2.4793977634839135,False,208.5853292026648,True,0.4375438593869083,False,1.0676856,False,False,1,WATCH,train
2026-09-11 12:50:12.117329+00:00,-0.1051268723714139,0.22486505600595824,0.05722091694258686,-0.4097355544746064,9.552889915454667,0.018842863575606158,29,4,2.029382037356612,False,208.07066418057065,True,0.4129468730648588,False,0.9749516,False,False,1,WATCH,train
2026-09-11 12:55:06.792906+00:00,-0.10426819209210413,0.2560374523091845,-0.5111227811960449,0.41804215053516536,9.557443767184365,0.01863345667049143,29,4,2.113401585020592,False,207.54991046693618,True,0.4145016063508892,False,1.015092,False,False,1,WATCH,train
2026-09-11 13:00:14.008510+00:00,-0.10690341201327863,0.18144036286745377,0.2149513819127459,-0.6444611433169664,9.54970338553284,0.015832456116050525,30,4,1.755115082474455,False,207.1371844400642,True,0.4038369817580848,False,0.9623548,False,False,1,WATCH,train
2026-09-11 13:05:09.323845+00:00,-0.09649659081333664,0.1854366809346672,0.7312639146543587,0.23867311201497157,9.554417141101606,0.011169153951844271,20,4,3.4324694590948672,False,206.74679648825003,True,0.47906447805784225,False,0.61635655,False,False,1,WATCH,train
2026-09-11 13:10:10.913290+00:00,-0.059286886053244954,0.13710998808236288,-0.8252795853998275,-1.2958530904163563,9.558873263592881,0.014621063921756198,28,4,2.593235865014898,False,206.43491770728804,True,0.4518115280171938,False,0.8676135,False,False,1,WATCH,train
2026-09-11 13:15:04.188617+00:00,-0.09227735876924309,0.1437461047161008,-0.2434073417074047,-0.759494823885982,9.558274135868027,0.014259360778024338,29,4,1.7194000123689224,False,206.14144170107798,True,0.40045510647840465,False,0.7775844,False,False,1,WATCH,train
2026-09-11 13:20:05.228591+00:00,-0.08505201082443838,0.13867702694652434,0.4213759627859464,0.02009583168186069,9.550763254811477,0.01539028524442852,29,4,1.7442396127725888,False,205.8784976400522,True,0.39559781616443807,False,0.68656623,False,False,1,WATCH,train
2026-09-11 13:25:07.342956+00:00,-0.0846730428802934,0.14748736403718454,-0.32347177484067274,-0.11297967202763076,9.554339727319329,0.015070188540284217,29,4,1.483063558423322,False,205.63047687770094,True,0.38784146112791473,False,0.7449025,False,False,1,WATCH,train
2026-09-11 13:30:09.602608+00:00,-0.06025255482912448,0.1329665448327052,0.1702369309425756,-0.9331324942497601,9.555259818065334,0.014313940369056288,30,4,1.8108483819773602,False,205.42208401132208,True,0.40661367013162564,False,0.8262558,False,False,1,WATCH,train
2026-09-11 13:35:12.207834+00:00,-0.06370491051938952,0.11436330298214767,-0.13177492741124075,0.033841666693604326,9.554233798864026,0.018498963560002267,29,4,1.779161912242342,False,205.2571525205603,True,0.3981433893011267,False,0.9850428,False,False,1,WATCH,train
2026-09-11 13:40:04.962278+00:00,-0.04796955659481623,0.1397255631841261,0.06119160900118765,-0.06935399660960055,9.553170188804401,0.012846852420825592,29,4,2.0536194789596545,False,205.087435524044,True,0.41105020737858566,False,0.66958743,False,False,1,WATCH,train
2026-09-11 13:45:06.432732+00:00,-0.08707605061368688,0.1387482077477002,0.23382369381927745,-0.8226897005416214,9.55290266902639,0.014034793383973338,23,4,1.9713119134214963,False,204.94086460489385,True,0.40764802079802404,False,0.71836257,False,False,1,WATCH,train
2026-09-11 13:50:58.688491+00:00,-0.05400746159931099,0.1472019154784281,0.6891695831589709,0.7976066995657431,9.551471633683509,0.014288414543612998,23,4,2.450764994870007,False,204.8065963467636,True,0.4315729641630411,False,0.7450961,False,False,1,WATCH,train
2026-09-11 13:55:10.509056+00:00,-0.04819848235431887,0.12427249072596264,0.004271962683663121,1.2712571026337391,9.552230382115196,0.016397831834998426,30,4,2.0440506575577793,False,204.71800723632376,True,0.41391695407770485,False,0.8697832,False,False,1,WATCH,train
2026-09-11 14:00:13.083157+00:00,-0.03938004766940656,0.0764318566844963,-0.5422993387662629,-0.48778748082132195,9.55573390873906,0.013220889319090205,29,4,2.2176581268391486,False,204.70145025851815,True,0.4195072138240095,False,0.7346129,False,False,1,WATCH,train
2026-09-11 14:05:05.441455+00:00,-0.05103414487064022,0.11350808609738583,0.3526458611891444,0.35344623192309904,9.553846420405332,0.016683325008322907,30,4,1.7102890698629045,False,204.66424871358217,True,0.3916068801048676,False,1.1640668,False,False,1,WATCH,train
2026-09-11 14:10:12.968216+00:00,-0.028660210227268768,0.0972560523406334,-0.6729304733158019,-0.2029345951401615,9.550556532065569,0.019006225902787114,29,4,2.4371079750866946,False,204.663532085349,True,0.42747197669971765,False,1.1349323,False,False,1,WATCH,train
2026-09-11 14:15:09.402438+00:00,-0.02154042790775863,0.09552996174973447,-0.444425053047506,-0.4374617482627911,9.550784069869916,0.014811743823805897,28,4,1.8002161377801178,False,204.68288764620036,True,0.4048094919154054,False,0.9117137,False,False,1,WATCH,train
2026-09-11 14:20:11.689059+00:00,-0.050664234280252664,0.11247238815517191,-0.03196326309017013,0.6202184501364518,9.549071317128208,0.013793103448275845,29,4,1.9891241978140732,False,204.7014047211188,True,0.4042806773964594,False,0.6689516,False,False,1,WATCH,train
2026-09-11 14:25:05.188881+00:00,-0.04980532294306214,0.0797320760505092,-0.5711750293888147,0.016917859658095825,9.552849138270933,0.014839610200931032,29,4,1.8629846290766459,False,204.77223617412176,True,0.39883574830939506,False,0.8510926,False,False,1,WATCH,train
2026-09-11 14:35:04.121480+00:00,-0.03447154453188838,0.07772933968152136,0.12658765821426163,0.35541924894321686,9.548377323798418,0.017387735140993676,30,4,1.8331569647957289,False,204.87680989277186,True,0.39685250582678055,False,0.7075212,False,False,1,WATCH,train
2026-09-11 14:40:13.470072+00:00,-0.01578234821439558,0.06988258125219204,0.39290859237364584,0.712411254051451,9.556586542155848,0.017744386662439517,29,4,2.096478665405854,False,205.00461010254378,True,0.40858094427182184,False,0.9717547,False,False,1,WATCH,train
2026-09-11 14:45:04.405253+00:00,-0.033322060234467994,0.05031551446752837,-0.16302144416948064,-0.6072450914991908,9.545798386327064,0.014155657987576476,28,4,1.9970195510979247,False,205.16761994543307,True,0.4079693755866889,False,0.7330339,False,False,1,WATCH,train
2026-09-11 14:50:04.734559+00:00,-0.03952686226811225,0.057055033690618984,-0.42827136101720736,-0.8215220185603853,9.555381911953097,0.016130842558051736,28,4,1.8528712144740547,False,205.33660636221538,True,0.40780173321304364,False,0.8667764,False,False,1,WATCH,train
2026-09-11 14:55:07.133697+00:00,-0.05022444891698689,0.05841324283180193,-0.042804086353891574,0.09197640095481428,9.55148852804669,0.012297244497131158,30,4,2.469772517243423,False,205.51666997121427,True,0.4302238873859693,False,0.6218033,False,False,1,WATCH,train
2026-09-11 15:00:10.662027+00:00,-0.02314498073242173,0.08103144093734554,0.34512736496337465,-0.13670991997319004,9.550212907401232,0.01513274595042185,30,4,1.7754638998413603,False,205.68403438926669,True,0.3921659845057456,False,0.8101771,False,False,1,WATCH,train
2026-09-11 15:05:15.088823+00:00,-0.02839278847232193,0.03732174896449646,-0.4443475983126631,-0.018025442922750396,9.550195137752551,0.014710847591518313,29,4,1.8571591897867916,False,205.9098361126537,True,0.39838506246917654,False,0.96665615,False,False,1,WATCH,train
2026-09-11 15:10:13.388716+00:00,-0.033781263287625804,0.0866967452523163,-0.12870680160221268,0.11267416794206295,9.551350228518352,0.015511401178794005,27,4,1.5104764390521734,False,206.09245183751807,True,0.38423383278944906,False,0.79420453,False,False,1,WATCH,train
2026-09-11 15:16:26.728306+00:00,-0.014566271860578439,0.039165177386320645,-0.3813709963436132,-0.3507284860504883,9.54855136497327,0.018586407545692046,22,4,2.1906823728944897,False,206.33796878211606,True,0.4163553000287894,False,1.3021861,False,False,1,WATCH,train
2026-09-11 15:20:13.033192+00:00,-0.027560663866371682,0.039602759478232434,-0.08419579467782752,-0.08386148537170456,9.546940660123838,0.015475986974649025,27,4,1.6752671336549905,False,206.5899997111801,True,0.38914452632794416,False,0.6631425,False,False,1,WATCH,train
2026-09-11 15:25:10.632289+00:00,-0.026990456617053956,0.02855290220934265,0.49993428926432754,-1.2661096779381045,9.54623347990196,0.015459663290662314,29,4,2.4941958333336003,False,206.86205486090677,True,0.4332208655254014,False,1.0023717,False,False,1,WATCH,train
2026-09-11 15:30:06.058604+00:00,-0.033932556577978445,0.05023495326368441,0.1811207769395124,-0.8232499501640377,9.551752773673494,0.01584999123729164,30,4,1.833969954910591,False,207.1178974107819,True,0.39811284692394744,False,0.7724693,False,False,1,WATCH,train
2026-09-11 15:35:05.489935+00:00,-0.006332351779445344,0.0027199038384922536,-0.27958348907798536,0.6452104605832428,9.550322058694805,0.017220788470785984,30,4,1.9623320065768364,False,207.43174697797988,True,0.4023187919634883,False,1.1920881,False,False,1,WATCH,train
2026-09-11 15:40:04.592316+00:00,-0.009145133702756672,0.04812023307103287,0.10260613087491416,-1.4059653779271666,9.545616053754795,0.01577020201494234,31,4,2.32437767709128,False,207.70213967945674,True,0.42636037443205604,False,0.7974802,False,False,1,WATCH,train
2026-09-11 15:45:11.983027+00:00,-0.025179496602948732,0.03225971217085777,0.7716595290968633,-0.17722390576758762,9.547951807027241,0.012345990012459729,28,4,3.0865813451061324,False,207.9946888273134,True,0.4620092301681854,False,0.6346481,False,False,1,WATCH,train
2026-09-11 15:50:03.947898+00:00,-0.011381518176731647,0.054788308007369224,0.7573986795404326,-1.0862356844955336,9.547968147055666,0.01476731938300955,29,4,2.6940150590093572,False,208.2670152495556,True,0.44087577633360864,False,0.6457254,False,False,1,WATCH,train
2026-09-11 15:55:03.928704+00:00,0.005615526122253793,0.017018230322438148,-1.0286093978483768,-1.764981911382098,9.54739530267464,0.01681517172080023,20,4,3.4036164399615245,False,208.5836851931934,True,0.49394145415714596,False,0.80318177,False,False,1,WATCH,train
2026-09-11 16:00:08.609614+00:00,-0.019344821246284893,0.06286842464793241,0.6347203947777604,-1.071238368014851,9.548564458786718,0.014015449264070352,29,4,2.629460024435675,False,208.85329911384318,True,0.4381258523005305,False,0.67207,False,False,1,WATCH,train
2026-09-11 16:05:10.589594+00:00,-0.010872931315796596,0.040070979742087134,-1.729588726543521,0.613768675973417,9.548488071834843,0.016327504278278223,29,4,3.987699705682878,False,209.1494681100389,True,0.4769701163890131,False,0.9558984,False,False,1,WATCH,train
2026-09-11 16:10:10.010253+00:00,0.012683122797640512,0.010367776543430521,-0.32934168408412107,-0.459491078814146,9.552918883774918,0.017916128329552333,27,4,1.9527861375609985,False,209.47889306423423,True,0.4070602726128108,False,1.0825806,False,False,1,WATCH,train
2026-09-11 16:15:09.328056+00:00,-0.0020524528396935198,0.023656429228721663,-0.7110097976427628,-0.5863078049019144,9.553164940367575,0.014015297764534989,28,4,2.35728846699443,False,209.79420058194594,True,0.4184445384280083,False,0.90440965,False,False,1,WATCH,train
2026-09-11 16:20:12.738097+00:00,0.010281336047233086,-0.015473181000633721,-1.0198561746387358,0.33831100581012435,9.550793770110172,0.015129074290546971,30,4,2.6530393684634865,False,210.15141255320597,True,0.4299400926943803,False,0.8781055,False,False,1,WATCH,train
2026-09-11 16:25:12.288842+00:00,-0.012137504498686424,-0.0025516978466607336,0.10718612065488424,0.5910888873720223,9.546280394302888,0.01522717390746182,29,4,1.912280154404715,False,210.49333824096033,True,0.3972697571650801,False,0.9683631,False,False,1,WATCH,train
2026-09-11 16:30:08.829539+00:00,0.004576992918187551,-0.010265832464494645,0.5065247973317901,-0.9663218495382024,9.546880813999284,0.016019758208575992,28,4,2.316922575168973,False,210.84155770685007,True,0.41515258437635183,False,0.8772938,False,False,1,WATCH,train
2026-09-11 16:35:10.919450+00:00,0.009529884229741681,0.014323011256309363,-0.09832467434781704,0.5701863792817711,9.550569752832626,0.014871626657136436,29,4,1.755521382910162,False,211.160282731252,True,0.3920870194717689,False,0.65200335,False,False,1,WATCH,train
2026-09-11 16:45:12.827361+00:00,-0.01051578952508318,0.006417163401363928,0.08047467595452665,-0.16676065114499342,9.550032720309169,0.01569400443315658,26,4,1.5957812840773553,False,211.479540797053,True,0.3867827429525044,False,0.9971553,False,False,1,WATCH,train
2026-09-11 16:50:08.148066+00:00,0.00012270293673344695,-0.024246913614034384,0.3748430231379848,-1.5234987607282953,9.54857835559978,0.016414662393671595,29,4,2.5271704752216633,False,211.82684634281904,True,0.436990838887267,False,0.9106553,False,False,1,WATCH,train
2026-09-11 16:55:10.024910+00:00,0.009097910565970115,-0.03819080097752155,-1.0804452202083694,-0.8280994163765908,9.546838465487456,0.016675167899898227,28,4,2.9475476385765744,False,212.18330577719908,True,0.45427159195677635,False,0.9669579,False,False,1,WATCH,train
2026-09-11 17:00:11.808552+00:00,0.01584045340043474,-0.006550770994352736,0.3917572461137565,-0.15020485363963904,9.54780846338438,0.012779421327566282,26,4,2.4883990646996454,False,212.4987488815912,True,0.42507753741918,False,0.73317343,False,False,1,WATCH,train
2026-09-11 17:05:04.568720+00:00,-0.0005402740000094904,-0.032041357439679986,0.7389103814851784,-0.9740172514517313,9.54240838770106,0.016072751268321604,24,4,2.681666207682427,False,212.8343198132682,True,0.44431359624015954,False,1.1503633,False,False,1,WATCH,train
2026-09-11 17:10:10.023588+00:00,0.008472597647757726,-0.04576871667326017,-0.5042614619181011,-0.7165195469824778,9.545381638606132,0.014234322372793318,29,4,2.2628561337566913,False,213.17650641898774,True,0.41707659445699324,False,0.79219913,False,False,1,WATCH,train
2026-09-11 17:15:09.743194+00:00,-0.0265645729642089,-0.02840186070792599,0.3681734530622417,0.1927871501098313,9.547681242453189,0.014915649060254488,31,4,1.9627075130130172,False,213.49085159206098,True,0.40324091373784365,False,0.91669464,False,False,1,WATCH,train
2026-09-11 17:20:10.505077+00:00,0.014024894371049357,-0.047250053737142764,0.9243419946994945,-0.37507859745105804,9.550023015199951,0.02051828452868345,20,4,3.3461206878035625,False,213.8158451976243,True,0.48345701243369293,False,1.2034535,False,False,1,WATCH,train
2026-09-11 17:25:13.197446+00:00,-0.007632398323648704,-0.05129149497771802,0.249366994884501,0.4486990917753612,9.54737944663248,0.019820624179302516,28,4,2.5144366615625855,False,214.13468971021538,True,0.43090925285958437,False,1.3553984,False,False,1,WATCH,train
2026-09-11 17:30:06.883358+00:00,0.011485275940154888,-0.03405957903997997,-1.0304080827683249,0.8261847937895601,9.547199945020312,0.01566143710662903,28,4,2.7668170170965602,False,214.42358479091428,True,0.440697805054211,False,1.0721024,False,False,1,WATCH,train
2026-09-11 17:35:09.478581+00:00,0.002177980676689139,-0.006934862786026372,-0.4530176143868467,0.23259480889965672,9.540964172748009,0.01790080884976975,27,4,2.1401538109998217,False,214.67106851392217,True,0.4161941346416753,False,0.89714855,False,False,1,WATCH,train
2026-09-11 17:40:06.568022+00:00,-0.011588222175535264,-0.03289515201625811,0.31617068167941215,-0.08898740769388636,9.539592309060394,0.01779200819344337,30,4,2.167392738647247,False,214.9339333733413,True,0.4160714478681364,False,0.93509007,False,False,1,WATCH,train
2026-09-11 17:45:04.743903+00:00,-0.01180803665737933,-0.013784719918367992,-0.3420682912703631,0.4166035558428895,9.545001210326058,0.016914400337449457,28,4,1.857578369469151,False,215.16260711282334,True,0.4037408913171627,False,0.775212,False,False,1,WATCH,train
2026-09-11 17:50:11.630524+00:00,0.003473446772021072,-0.04766186300895536,0.18834349013108886,1.0639128792507688,9.542344274682344,0.01690772179335309,27,4,2.2322314151824876,False,215.41378912734848,True,0.41116292382519526,False,1.04613,False,False,1,WATCH,train
2026-09-11 17:55:05.730640+00:00,-0.0004709884695387502,-0.059816266759420735,-0.7109780839924993,0.5592819417215691,9.546465235272931,0.015849991237291656,30,4,2.1944134931290193,False,215.66322241662044,True,0.41016239559599726,False,0.6048815,False,False,1,WATCH,train
2026-09-11 18:00:07.829095+00:00,0.024929461025541343,-0.06415086375357007,-1.2697058785797484,-0.9391094574591617,9.540090930416708,0.020134821334615798,31,4,3.7770090275127552,False,215.90172361298215,True,0.5096533061789322,False,1.0399578,False,False,1,WATCH,train
2026-09-11 18:10:04.809518+00:00,0.021537740113187074,-0.07515463421380089,0.07810827572197537,-0.9215047716289078,9.542570657223823,0.016003826073148632,28,4,1.9492489560014918,False,216.1187934215986,True,0.40229611821683037,False,0.8171618,False,False,1,WATCH,train
2026-09-11 18:15:08.947739+00:00,-0.003034711614193292,-0.018178441734261364,0.07451344411149803,1.7744735833371088,9.545140856356351,0.016823665304734114,28,4,2.6387196257569263,False,216.25640767911608,True,0.44712347817918763,False,0.64739025,False,False,1,WATCH,train
2026-09-11 18:20:07.438334+00:00,0.008961728556876046,-0.07048120310587173,-0.0035892352077747536,0.1829191113848663,9.539872264505515,0.013964452918149383,29,4,2.020342308788275,False,216.4323140426077,True,0.40674608513076416,False,0.75833374,False,False,1,WATCH,train
2026-09-11 18:25:05.647921+00:00,0.02502262481293134,-0.06027511122553002,0.3385812860102694,1.0723509360181234,9.542592334580373,0.013349989596333867,30,4,2.6030594412189734,False,216.57810342202237,True,0.43013203898492797,False,0.6069055,False,False,1,WATCH,train
2026-09-11 18:30:06.708143+00:00,0.019564118787740403,-0.04531857400249106,0.11997039703858671,0.7141838560847527,9.549347027545828,0.01743341332381316,29,4,1.8096267423503778,False,216.68796826528492,True,0.40065099662385617,False,0.8472071,False,False,1,WATCH,train
2026-09-11 18:35:10.141377+00:00,0.03290738378463872,-0.0648524376424101,-0.7464229123706816,-0.3396415110299826,9.543546206225544,0.017623471130679056,28,4,2.305389443034159,False,216.79863549272852,True,0.4192267564255287,False,0.78388524,False,False,1,WATCH,train
2026-09-11 18:40:13.848375+00:00,0.04196006554977204,-0.05393523737383332,0.0841980760096389,-0.233959155783299,9.546711853571498,0.014907119849998611,30,4,1.5335199414752825,False,216.87646501085402,True,0.38814303392229554,False,0.98160976,False,False,1,WATCH,train
2026-09-11 18:45:10.893074+00:00,0.016985180472511772,-0.06730653059437666,-0.7833027041041808,-0.511987570884257,9.545401157180128,0.019521690713603188,23,4,2.736935485307022,False,216.94714768063508,True,0.43997547050156616,False,0.779251,False,False,1,WATCH,train
2026-09-11 18:50:32.752799+00:00,0.0017339729940461122,-0.029304733015154998,-0.5945394582445229,-0.721587197658653,9.541392490172868,0.01907459042810619,25,4,2.59230072405604,False,216.95439061970526,True,0.43428003291041745,False,1.1069643,False,False,1,WATCH,train
2026-09-11 18:55:09.738092+00:00,0.040772995747018474,-0.0831814205731848,0.18506504373432742,0.255706179322002,9.54472530471975,0.015933891203622843,30,4,1.5674723965278616,False,216.9971524815883,True,0.38439407444871193,False,0.84505343,False,False,1,WATCH,train
2026-09-11 19:00:07.438316+00:00,0.018014464079135553,-0.01692655620195583,0.017346899017143536,0.6466567369368528,9.544567667288222,0.015040685563571722,30,4,1.7724550920929814,False,216.94464869564803,True,0.3903684566753419,False,0.8247795,False,False,1,WATCH,train
2026-09-11 19:05:09.488416+00:00,0.017770920663579697,-0.04839089961576912,0.045222262962789445,-0.32959559884596995,9.538168822340287,0.01696073897761142,30,4,1.8212355576386003,False,216.90218952611116,True,0.39933799201027176,False,1.075556,False,False,1,WATCH,train
2026-09-11 19:10:14.652903+00:00,0.04234192066510826,-0.04568566237922111,0.3971820976441987,-0.45807947172379204,9.540195078376597,0.013558347069887943,29,4,2.2742315351829596,False,216.83216953274064,True,0.4130237406672395,False,0.68861026,False,False,1,WATCH,train
2026-09-11 19:15:10.895686+00:00,0.024400019407402943,-0.03673529430509974,-0.5571691611817023,0.16281218261992736,9.538562182657147,0.014935453674281198,29,4,2.092616584285749,False,216.72725656966512,True,0.4071902763060177,False,0.9029952,False,False,1,WATCH,train
2026-09-11 19:20:03.975671+00:00,0.013982931917605352,-0.10203498404855936,-0.617042735580547,-0.005545088914307154,9.54082434414833,0.02035359250120513,29,4,2.7384378933933853,False,216.66736267364067,True,0.44252661990015524,False,1.2512451,False,False,1,WATCH,train
2026-09-11 19:25:05.244938+00:00,0.039856266476822416,-0.08661214822542804,-0.5815952496656184,0.4551067077274634,9.543355490373688,0.014910846164230041,30,4,2.000433221277058,False,216.56446920136497,True,0.4024638021397873,False,0.7804873,False,False,1,WATCH,train
2026-09-11 19:35:09.509651+00:00,0.021984467556784692,-0.0724786262728268,0.34255373653402915,0.41344883008359573,9.53814562934005,0.01552417469626004,30,4,1.9755916583249025,False,216.39211747185064,True,0.39983615101804476,False,0.758676,False,False,1,WATCH,train
2026-09-11 19:40:12.419939+00:00,0.07062413500702276,-0.0889223832706465,-0.3244267020171877,-0.39416324449759627,9.544698718000266,0.014863322890489165,28,4,1.6216871309454564,False,216.2097556163468,True,0.3915702247830938,False,0.6712129,False,False,1,WATCH,train
2026-09-11 19:45:04.254928+00:00,0.025263694327025566,-0.08598985882800826,0.2370892265722626,1.1518156127595198,9.54217067432904,0.02023053812947951,29,4,2.8141168245474373,False,215.99589710278627,True,0.44508452491670875,False,0.94162107,False,False,1,WATCH,train
2026-09-11 19:50:07.255014+00:00,0.041468239376216534,-0.09253550603287987,-0.14683817684311898,-0.15347929438431088,9.543069910978256,0.01669045920792562,28,4,1.5496132041143675,False,215.76033828890016,True,0.38628909743208173,False,0.9305303,False,False,1,WATCH,train
2026-09-11 19:55:09.233822+00:00,0.029397093452430904,-0.10453430560298166,-0.2219771400603962,0.24132131670964405,9.541879684586814,0.017095938284469724,29,4,1.7033201494758206,False,215.50852734550872,True,0.39125661275337886,False,1.1358937,False,False,1,WATCH,train
2026-09-11 20:00:10.506222+00:00,0.053728027910045,-0.09393799787083676,0.07924860173036963,1.5753836033201745,9.546439811107302,0.017213259316477426,27,4,2.345980867387411,False,215.21553062303536,True,0.4279960141677526,False,0.6574885,False,False,1,WATCH,train
2026-09-11 20:05:12.784906+00:00,0.057312596105671444,-0.08845512101479577,-0.2197952197102404,1.141420385607604,9.543251159896117,0.013879042618964225,29,4,2.2595907002999835,False,214.88645619870744,True,0.42088565250880156,False,0.7731592,False,False,1,WATCH,train
2026-09-11 20:10:05.035141+00:00,0.022464627870890166,-0.1030196502081563,-0.8909271214688104,0.7571460339072817,9.54620965733519,0.01812187536829193,26,4,2.6587667560261936,False,214.54261035933692,True,0.4355924705998277,False,1.0079023,False,False,1,WATCH,train
2026-09-11 20:16:07.444454+00:00,0.03476989258001296,-0.10018753545392872,0.15917765710953322,-0.43697154716692455,9.530864749713901,0.01847953071794725,24,4,2.320163108366585,False,214.15849691528143,True,0.41945045648070556,False,1.4862504,False,False,1,WATCH,train
2026-09-11 20:20:09.609673+00:00,0.04432384274750915,-0.12454442899312686,0.11236907397009309,-0.4155693873936397,9.537801165783241,0.015849991237291666,30,4,1.7592252041993215,False,213.77566896280987,True,0.39184132234910446,False,0.86442244,False,False,1,WATCH,train
2026-09-11 20:25:11.999127+00:00,0.04943814366823513,-0.12096249783425551,-1.245075453335524,-0.9137909944134981,9.544713730362789,0.020981817995362865,26,4,3.8240181329080425,False,213.35723546458036,True,0.5038071563763615,False,1.1677148,False,False,1,WATCH,train
2026-09-11 20:30:04.365257+00:00,0.06989142386984114,-0.13395598253546198,0.42584453837171066,1.1805163219109902,9.542849026546017,0.018023633579823437,29,4,2.4261763965964005,False,212.92079942752082,True,0.4253267362803535,False,0.8716476,False,False,1,WATCH,train
2026-09-11 20:35:06.850625+00:00,0.024192314603589463,-0.12052204044126857,-0.014076101916398812,0.07006215127225414,9.537899985676294,0.01565247584249854,30,4,1.8024186610887685,False,212.43737718521575,True,0.38683633952061575,False,0.7067198,False,False,1,WATCH,train
2026-09-11 20:40:08.528506+00:00,0.029290266381188076,-0.1539226022572996,0.34428174671386,0.6415253498040399,9.53609115285374,0.017499206331208928,30,4,2.2223932151849244,False,211.9573940553282,True,0.41233283141812144,False,0.9501035,False,False,1,WATCH,train
2026-09-11 20:45:10.505919+00:00,0.03443509830066687,-0.14453617375295202,0.13730819812374845,-0.2339089055588714,9.538655747936474,0.012631956559876721,28,4,2.557049233036124,False,211.43416862713875,True,0.4226891094424638,False,0.62747777,False,False,1,WATCH,train
2026-09-11 20:50:13.304982+00:00,0.03952771248294824,-0.1465490331545526,-1.0623577110408402,-0.056649003088611864,9.538081852707235,0.015741672014501155,29,4,2.834716796375463,False,210.87975660037716,True,0.439446083693496,False,0.9327418,False,False,1,WATCH,train
2026-09-11 21:00:07.942821+00:00,0.024126151859742546,-0.15002624385891788,0.18519795017851287,-0.41473284099162055,9.541908125308158,0.01400568177865856,27,4,2.138309464740594,False,210.2615476836074,True,0.40124278304276445,False,0.6456104,False,False,1,WATCH,train
2026-09-11 21:05:09.618845+00:00,0.038938283806107525,-0.14739581002797333,0.10166175852216933,0.26179496437693983,9.54016874226797,0.014839610200931058,29,4,1.8888058346161858,False,209.60632313668134,True,0.39406681803222676,False,0.6691611,False,False,1,WATCH,train
2026-09-11 21:10:11.292988+00:00,0.05066858828850861,-0.1542389704144995,-1.0748623622390068,-0.5144135093945497,9.5413416814347,0.011700421480689874,27,4,3.8092004625432327,False,208.92411609507624,True,0.5021034062064319,False,0.5946545,False,False,1,WATCH,train
2026-09-11 21:15:13.380030+00:00,0.04287789405103067,-0.14723327365451194,0.12132416650363571,-0.07189744821571213,9.541950191623142,0.015789412767913697,24,4,1.7756444678017282,False,208.19970165415808,True,0.3873859027214521,False,1.0635284,False,False,1,WATCH,train
2026-09-11 21:20:05.529622+00:00,0.06222559554873637,-0.11774794049372271,-0.28669190426793334,-0.26321687648385944,9.54166244133195,0.01840585532389305,28,4,2.159556678837704,False,207.40851825646652,True,0.4087129583724005,False,0.8489682,False,False,1,WATCH,train
2026-09-11 21:25:08.943367+00:00,0.05791403517432159,-0.16706650075378024,0.10808537322039417,-0.44136550898186,9.533706260592616,0.0181015653098473,30,4,2.228106213174062,False,206.63578131753064,True,0.4136937936837695,False,0.89380264,False,False,1,WATCH,train
2026-09-11 21:30:11.024423+00:00,0.050458966708526155,-0.16841584131058115,-0.592947646210852,-0.16605375059395291,9.535535526144562,0.013921813267714737,29,4,2.5455551038925126,False,205.8293395875533,True,0.4259605292154771,False,0.7544634,False,False,1,WATCH,train
2026-09-11 21:35:12.304682+00:00,0.06714828806724905,-0.16427087035570415,0.4408027092200095,0.1654618746923766,9.535604274035046,0.015164574777445925,29,4,2.172199775178919,False,204.98308837804396,True,0.4116422580907224,False,0.6770917,False,False,1,WATCH,train
2026-09-11 21:45:07.647982+00:00,0.05191982818012605,-0.1553616999176386,0.3319754711567219,0.42148731229557956,9.53967603456817,0.019652537297311586,30,4,2.6592262955607366,False,204.0561628553839,True,0.4291386446533656,False,1.1241621,False,False,1,WATCH,train
2026-09-11 21:50:10.342661+00:00,0.05926899539152885,-0.1801790983520839,0.06338192435985004,-0.0472015992392382,9.539064091822086,0.014531936210831374,29,4,2.0282740651652778,False,203.1204637150106,True,0.3990783459318919,False,0.78211457,False,False,1,WATCH,train
2026-09-11 21:55:11.000485+00:00,0.06197446118721763,-0.1724785997962444,0.22033343393495525,0.05959806204846937,9.542306786210156,0.01512907429054697,30,4,1.9546453446661463,False,202.14066854470764,True,0.3960409144022862,False,0.6088895,False,False,1,WATCH,train
2026-09-11 22:00:14.409613+00:00,0.08498698807760321,-0.1810650574886346,-0.15759339136355305,0.8299510151089119,9.53331539905191,0.018221287169748725,28,4,2.4242909678467908,False,201.13436149803456,True,0.4278499475307054,False,0.89692783,False,False,1,WATCH,train
2026-09-11 22:05:05.245076+00:00,0.044909912682002895,-0.15311596849144118,0.009570306801361268,0.7020850678715816,9.533730410639965,0.01680127960700668,29,4,2.3767244121297004,False,200.06190032045885,True,0.41609466886508034,False,0.8128132,False,False,1,WATCH,train
2026-09-11 22:10:12.460327+00:00,0.0634951326755089,-0.18064590881877685,0.06118828987686634,0.8435739749768439,9.537561565740647,0.015992786835609084,26,4,2.2391746499532146,False,198.98337551606966,True,0.41236670084985283,False,0.7530361,False,False,1,WATCH,train
2026-09-11 22:15:10.834915+00:00,0.056764641914995646,-0.1560720515938231,-0.192071166386696,-1.1349725715060512,9.540469401629288,0.019422386077225046,27,4,2.9445287557688755,False,197.8423077583118,True,0.45334783907630827,False,1.0701041,False,False,1,WATCH,train
2026-09-11 22:25:05.269345+00:00,0.05854034163027688,-0.1935643332026786,0.06985807984251535,-0.6754324479149931,9.538625141778725,0.021307112792576008,24,4,3.1912033441889425,False,196.6700695621332,True,0.4562499244277848,False,1.4549534,False,False,1,WATCH,train
2026-09-13 19:32:04.052218+00:00,0.48783412197108117,0.1422950258845374,-0.12506532684310984,-1.4982722500608778,9.552122484116605,0.01591992077715902,28,6,2.307539863895171,False,196.28142686126967,True,0.42674533914911983,False,0.8325257,False,False,1,WATCH,train
2026-09-13 19:37:11.311717+00:00,0.4806221304197472,0.1407310385909519,0.013453773878814426,-0.9075097287213331,9.555661187756849,0.014777731365377755,27,6,1.767125131042811,False,195.8669484207827,True,0.39964841998048534,False,0.6974714,False,False,1,WATCH,train
2026-09-13 19:42:07.061284+00:00,0.5083440655230277,0.12093247061887182,0.5614731230865442,0.03979617644958105,9.553871184374696,0.016900070006679757,29,6,2.3047911923770164,False,195.4458984167065,True,0.4097507731845051,False,0.90529686,False,False,1,WATCH,train
2026-09-13 19:47:05.426125+00:00,0.48148849966463214,0.12535247820314754,0.14341890218550643,0.7234792096755831,9.549899994086482,0.0153478192442951,30,6,1.8674572945097683,False,194.9915481132734,True,0.4007143383958867,False,0.6277383,False,False,1,WATCH,train
2026-09-13 19:52:07.341131+00:00,0.5052425217263788,0.09815464646645863,-0.22818596654612405,-0.22040703049233,9.548782955476913,0.013488004976281335,29,6,1.9873168243311434,False,194.53769195887733,True,0.4014085498797626,False,0.6374445,False,False,1,WATCH,train
2026-09-13 19:57:04.591754+00:00,0.5301925609551903,0.1406607798843001,0.6389058893279658,0.8347341208918826,9.55433611969515,0.01617646452520285,21,6,2.5409101412517674,False,194.00833631426335,True,0.42096299640406526,False,0.70770824,False,False,1,WATCH,train
2026-09-13 20:02:09.016772+00:00,0.5194337804183322,0.13061098725993942,0.7465634130204459,0.5381455798801767,9.55334141346681,0.014487116456005856,27,6,2.4727929096360173,False,193.45999391966362,True,0.42343502381946146,False,0.71232843,False,False,1,WATCH,train
2026-09-13 20:07:11.942393+00:00,0.4965250299908513,0.15079466276283623,0.4995162421970417,-0.5004187013580609,9.552424841088564,0.015431712643191611,28,6,1.8561464405316928,False,192.85947332571288,True,0.4014886369224465,False,0.78581506,False,False,1,WATCH,train
2026-09-13 20:12:12.502017+00:00,0.4998853566424006,0.11584622211534888,0.6227822061696535,-0.9080586618051603,9.553751952304447,0.01614269911427072,28,6,2.251061911361279,False,192.26610771946034,True,0.42030785214956057,False,0.86311954,False,False,1,WATCH,train
2026-09-13 20:17:10.307560+00:00,0.5248793343893785,0.16084449891389238,-0.4113687657739391,0.027439786844425294,9.547779424073541,0.013558347069887898,29,6,1.9727698782154468,False,191.5928607214827,True,0.40416004731800703,False,0.8683289,False,False,1,WATCH,train
2026-09-13 20:22:14.392052+00:00,0.47571159146586706,0.17615516734731607,-0.04741000730768536,-0.7441841857939658,9.555466345479086,0.015219363097044044,29,6,1.3601299295715694,False,190.87152087643645,True,0.39152794265801744,False,0.7208689,False,False,1,WATCH,train
2026-09-13 20:27:08.171955+00:00,0.4874547178337508,0.1213963104968267,-0.37688034405214965,0.772144146344785,9.54974255381719,0.013316656236958763,30,6,2.1171174774603325,False,190.1776533822265,True,0.41542434249083604,False,0.60576415,False,False,1,WATCH,train
2026-09-13 20:32:12.111618+00:00,0.5088520456811562,0.12660134974609769,0.0839830790126115,-0.06494575465885088,9.55176750849347,0.014640127503998476,30,6,1.4407277668500005,False,189.44592210351632,True,0.3842319436163048,False,0.70786434,False,False,1,WATCH,train
2026-09-13 20:37:12.946547+00:00,0.50466478239637,0.15193249844501813,-0.12825605605332224,-0.7286832044979764,9.548785851519078,0.016196707484341762,30,6,1.6306572505331767,False,188.65417823104787,True,0.3943040013935486,False,0.7649621,False,False,1,WATCH,train
2026-09-13 20:47:10.274312+00:00,0.49584874978625976,0.14295635468751444,-0.40905762452502986,-0.12222344652219481,9.550877854311544,0.015195906576917691,29,6,1.520271264323446,False,187.80608639771776,True,0.3921425633416701,False,0.7840576,False,False,1,WATCH,train
2026-09-13 20:52:10.182609+00:00,0.4896222679952288,0.13329811162637378,-0.19273249185207939,-0.4783549303038406,9.550178453585051,0.01390443574307627,30,6,1.5562102359578487,False,186.93497860672625,True,0.39679409085264983,False,0.60608315,False,False,1,WATCH,train
2026-09-13 20:57:16.063412+00:00,0.503866252950868,0.13102631298246967,-0.31419117825191933,0.6418641001023531,9.553500475674735,0.015891853900919246,28,6,1.6627320512445343,False,186.0325748351471,True,0.39091098633422355,False,0.7682154,False,False,1,WATCH,train
2026-09-13 21:02:05.783277+00:00,0.5161694378192215,0.10652204918851994,-0.25778797820258204,-0.5000577297918093,9.555507383542487,0.016548475483147262,28,6,1.643763853048184,False,185.1227089758954,True,0.39030925612548806,False,0.70766854,False,False,1,WATCH,train
2026-09-13 21:07:07.228017+00:00,0.5027076155421912,0.10902038013422798,0.3231996161984716,0.14391590024298367,9.55469891666706,0.016350747346085118,28,6,1.587694416515774,False,184.17587534945125,True,0.3883604582793816,False,0.5692117,False,False,1,WATCH,train
2026-09-13 21:12:09.154425+00:00,0.500024012297241,0.14115960921944934,0.2309715530130657,0.7865370123780749,9.554570144650608,0.01621190268758464,27,6,1.7322038241311897,False,183.15972546752104,True,0.39283037805964566,False,0.930153,False,False,1,WATCH,train
2026-09-13 21:17:12.953898+00:00,0.5246254520020042,0.161998649324985,-0.3048933205790047,0.011632860990670226,9.557957583712504,0.01679947089113884,30,6,1.612532794825078,False,182.0862948860811,True,0.39091602104360335,False,0.87007445,False,False,1,WATCH,train
2026-09-13 21:27:15.253032+00:00,0.50997919071287,0.10635877065843373,0.6369325213340061,-1.976373468689722,9.555975657778221,0.01676290243243046,28,6,2.9494539770349233,False,181.00320080023369,True,0.48140663755447655,False,0.6885861,False,False,1,WATCH,train
2026-09-13 21:32:04.838959+00:00,0.5130012781047918,0.11325858413822938,0.039676598435715825,-1.010984415864522,9.55489925465385,0.017272328544042138,30,6,1.9548642335964383,False,179.87740013455155,True,0.4034981450300068,False,0.96618056,False,False,1,WATCH,train
2026-09-13 21:37:13.593225+00:00,0.4878203322341842,0.13932525630262893,0.5240993005362428,-0.997278314858982,9.554463545401749,0.015959222710904986,29,6,1.9820844597358975,False,178.6879780521545,True,0.41381955468035075,False,0.84588903,False,False,1,WATCH,train
2026-09-13 21:42:08.797627+00:00,0.5173436768069285,0.14347116130892398,-0.029318254289074818,-0.4096471641957555,9.554475132487498,0.013627702877384903,28,6,1.6072219731840514,False,177.45856298530637,True,0.3957622439270536,False,0.5758233,False,False,1,WATCH,train
2026-09-13 21:47:10.393454+00:00,0.49805529779491026,0.1654312845117292,0.06588647266969054,-0.11205121043576977,9.5552621506953,0.01337442228538351,27,6,1.618688578319681,False,176.1697396779656,True,0.3954828146842841,False,0.61003345,False,False,1,WATCH,train
2026-09-13 21:52:04.797354+00:00,0.49198033669625374,0.1355263928741962,0.3621500981505413,0.40262442008345034,9.555522571480697,0.015155444566227642,32,6,1.5916157975801952,False,174.87762082305326,True,0.397930216411901,False,0.7951488,False,False,1,WATCH,train
2026-09-13 21:57:14.139596+00:00,0.5122703587227131,0.12053579492906452,-0.7582258643547697,1.5882285802986906,9.55597370047294,0.019273499009270625,27,6,3.3244270553844526,False,173.5659677380739,True,0.4830763851238945,False,0.91235185,False,False,1,WATCH,train
2026-09-13 22:02:04.953745+00:00,0.5294474757310548,0.14689233570516222,-0.025628247009508144,-1.0090906538747566,9.555293539872803,0.016189792308735743,32,6,1.8506325889558357,False,172.189913641279,True,0.4024583114723971,False,0.82257533,False,False,1,WATCH,train
2026-09-13 22:12:08.507037+00:00,0.5336498548428638,0.16620649185977657,0.1840244423693404,-0.13980939654122315,9.55661593792652,0.014227560205030028,28,6,1.594679137008007,False,170.7211426541153,True,0.3987659163989039,False,0.66072464,False,False,1,WATCH,train
2026-09-13 22:17:12.652151+00:00,0.5239902340697626,0.09469072042179966,0.8998265460801294,1.2637174306163963,9.556153267167918,0.012423096769055883,30,6,3.291839696506874,False,169.2939594083807,True,0.4963956283658221,False,0.6023832,False,False,1,WATCH,train
2026-09-13 22:22:09.912388+00:00,0.5026450825925047,0.13066806911886752,-0.03537069245754285,-0.2667982409516324,9.55159312011734,0.014761059883656327,30,6,1.5254382457018987,False,167.79188340364024,True,0.4014423677240735,False,0.67156297,False,False,1,WATCH,train
2026-09-14 18:07:57.429585+00:00,0.5763263386212543,0.17403257014515008,-0.970039423485157,1.5018615817131116,9.565062769303683,0.014976833963009487,24,7,3.774244649726304,False,167.74920822845934,True,0.47682530686194724,False,1.0349935,False,False,1,WATCH,train
2026-09-14 18:12:41.409776+00:00,0.5720830104397933,0.14603606715391834,-0.035819403731475755,-0.6267510095614199,9.569383598825961,0.01736401210330522,27,7,2.9294139389790668,False,167.71957241581256,True,0.4081307872084192,False,0.65157455,False,False,1,WATCH,train
2026-09-14 18:17:47.589463+00:00,0.576865447258801,0.13549690002321088,-0.031201283277532608,-0.13626467718121,9.562819603534933,0.015135419808668523,27,7,2.6521113933368325,False,167.68337510820507,True,0.39266011563824504,False,0.56127983,False,False,1,WATCH,train
2026-09-14 18:23:02.360016+00:00,0.5872841434858986,0.13745431979419365,-0.05660395718258189,-1.28819894302114,9.56862907642999,0.01414213562373092,27,7,2.969859135265116,False,167.62258853094332,True,0.42016622730466024,False,0.7450514,False,False,1,WATCH,train
2026-09-14 18:27:45.089689+00:00,0.5953966213081021,0.11636803842744037,0.7228986266816003,0.5143663986453313,9.569393678627668,0.012071042174211682,26,7,3.6605546657517105,False,167.56914283981268,True,0.46461382045180866,False,0.49500751,False,False,1,WATCH,train
2026-09-14 18:32:44.504372+00:00,0.5826122786517212,0.16090683078081935,-0.49071094634519685,0.49707805652145653,9.569997612121293,0.013316656236958756,30,7,2.9190498517386634,False,167.44745328762303,True,0.41548245267116557,False,0.47677973,False,False,1,WATCH,train
2026-09-14 18:37:46.384807+00:00,0.5638329758798366,0.15204545840490713,-0.9719711161309923,-0.05764769058839133,9.571916572163838,0.01481740718059521,30,7,3.1146769669380916,False,167.31474304192778,True,0.435829662702086,False,0.6926274,False,False,1,WATCH,train
2026-09-14 18:42:47.544178+00:00,0.5880231126026392,0.16588459360334948,-0.04822739310407576,-0.20800453123359527,9.56512817312745,0.013283696747764256,29,7,2.6017696708601075,False,167.145775207295,True,0.3994404002858793,False,0.59573,False,False,1,WATCH,train
2026-09-14 18:49:18.921907+00:00,0.5743872404714951,0.20181254875972687,0.006781253229011792,0.37802216269951955,9.565601167267594,0.016271140095272953,20,7,2.3877084977844274,False,166.9070582090705,True,0.3897234079660945,False,0.6891907,False,False,1,WATCH,train
2026-09-14 18:52:40.342484+00:00,0.5848860155260817,0.16248905509668443,0.2211678193612837,-0.4174754675977008,9.563407052898494,0.01328369674776401,29,7,2.5952548763118397,False,166.69738104295573,True,0.4028782863513694,False,0.6847787,False,False,1,WATCH,train
2026-09-14 18:57:42.347346+00:00,0.5799695666137583,0.17467584342910467,0.0278513748641202,0.2908435992695496,9.568855674039185,0.013238864703760286,29,7,2.5002989948552403,False,166.45138938498118,True,0.39899256777755315,False,0.56926274,False,False,1,WATCH,train
2026-09-14 19:02:44.816469+00:00,0.5642732835251139,0.16301627826993945,0.8775426682085469,-0.5240645129124083,9.566922753844224,0.019211570037495306,29,7,3.543316907620852,False,166.19433115978993,True,0.46030521497146654,False,0.99696606,False,False,1,WATCH,train
2026-09-14 19:07:49.251325+00:00,0.5784315022064269,0.1427377391996766,-0.3071903325996622,-1.4054565799006868,9.566068079521413,0.013628326100254795,29,7,2.835590016901532,False,165.93496374563315,True,0.4335848538379485,False,0.6959616,False,False,1,WATCH,train
2026-09-14 19:12:48.471632+00:00,0.5782314557243556,0.14077009489622727,0.4346649944820365,-0.34021997360684525,9.56570757542132,0.018096057604692285,29,7,2.864966558741998,False,165.6528723289494,True,0.41189722934468076,False,0.8735527,False,False,1,WATCH,train
2026-09-14 19:17:42.263361+00:00,0.5886041096523591,0.16146777598930478,0.44232873316216154,-0.05906947079549122,9.566569430319472,0.017558018785405086,26,7,2.7316171992523652,False,165.32293505399133,True,0.4059577433632153,False,0.92713207,False,False,1,WATCH,train
2026-09-14 19:22:41.373831+00:00,0.5908928653065402,0.15366267698766928,-0.5509525537638683,-1.189841509093275,9.569462936281548,0.018918436861165767,29,7,3.29938177800205,False,164.97549275524662,True,0.44130987309392666,False,1.1080881,False,False,1,WATCH,train
2026-09-14 19:32:15.131350+00:00,0.5838201082913034,0.15281855914591594,-0.7165810860150907,0.2781301458407087,9.565511663677992,0.013337499349161671,30,8,2.741155110027573,False,164.5754457594422,True,0.4237257766045732,False,0.60010505,False,False,1,WATCH,train
2026-09-14 19:37:16.492268+00:00,0.5787093846062014,0.15616839382247072,-0.05968891103375966,0.9370456410954273,9.566999232693416,0.01968925256749645,30,8,3.148548125168952,False,164.14423794225303,True,0.43202996417871836,False,0.92392707,False,False,1,WATCH,train
2026-09-14 19:42:29.237178+00:00,0.5689325634850277,0.14142317046377154,-0.09829923516932575,0.12925208497870136,9.564320899740933,0.012387246568588755,28,8,2.4622805421556246,False,163.70098227979454,True,0.4138199010319481,False,0.6016511,False,False,1,WATCH,train
2026-09-14 19:47:21.071939+00:00,0.5827511966604743,0.14257742812730329,0.14995205808555495,0.2280419298152077,9.56633532140474,0.013628326100254795,29,8,2.183627308494842,False,163.22796539315232,True,0.39680426230789795,False,0.6053782,False,False,1,WATCH,train
2026-09-14 19:52:22.747315+00:00,0.5837620595142531,0.1380321666224896,-0.07309048464966393,0.19149040811341617,9.567258931833313,0.015811388300841864,28,8,2.0378914080874626,False,162.7308941901527,True,0.3839364256816601,False,0.57013834,False,False,1,WATCH,train
2026-09-14 19:57:15.711579+00:00,0.5847378447755481,0.1643798264342664,-0.548730046173702,0.14851297949650302,9.5657620185491,0.01740865372421988,28,8,2.473876966239412,False,162.17583434564173,True,0.4031686382813851,False,0.8335957,False,False,1,WATCH,train
2026-09-14 20:02:15.746101+00:00,0.5785449915727986,0.125528823286977,0.36376875987252616,-0.3824519779776727,9.565284594937067,0.015475986974648994,27,8,2.0967110968910587,False,161.63299946410308,True,0.3883414461170681,False,0.8047037,False,False,1,WATCH,train
2026-09-14 20:07:19.465512+00:00,0.5642911070317351,0.1506574240202068,-0.29380181435676145,-0.9958739172622982,9.566765817741196,0.013488004976281309,29,8,2.244887966791625,False,161.03262759502064,True,0.409386503213288,False,0.68041223,False,False,1,WATCH,train
2026-09-14 20:12:20.836395+00:00,0.5899117425931215,0.10695632979157108,0.31325513701556235,-0.7700475614029981,9.56972979337099,0.011618950038622232,20,8,2.915326212587637,False,160.44889591603712,True,0.4485688579366414,False,0.48640972,False,False,1,WATCH,train
2026-09-14 20:17:22.616241+00:00,0.5629070019867171,0.18040574834506448,-0.46724014162287586,1.3989973555351858,9.565072956101842,0.0203594336815524,29,8,3.406635357962471,False,159.75445049996313,True,0.4620379806985554,False,1.0734545,False,False,1,WATCH,train
2026-09-14 20:22:24.798503+00:00,0.5798483776697354,0.12047934539803541,-0.34341403086519556,-0.44963557120412617,9.564734549078704,0.013157782088509574,29,8,2.208513006251437,False,159.09344623602036,True,0.40773667032215194,False,0.60900813,False,False,1,WATCH,train
2026-09-14 20:27:17.053317+00:00,0.5862037019628117,0.1468329213444883,0.5885175999097396,-0.692182415146517,9.569162670023273,0.014333178293735104,25,8,2.284136707435062,False,158.37201322695918,True,0.4127888585820396,False,0.71758217,False,False,1,WATCH,train
2026-09-14 20:32:16.390573+00:00,0.5912178765386054,0.15304379604665466,-0.5264663849084318,0.11788081290246008,9.57235106298778,0.01687287401573957,28,8,2.268797731225411,False,157.6116264150663,True,0.4025624776463994,False,0.8000643,False,False,1,WATCH,train
2026-09-14 20:37:18.555830+00:00,0.58468065743398,0.14171884858808964,0.17877523146175686,-1.0778650448338885,9.568728960052846,0.015795245991068532,28,8,2.1003568257647625,False,156.83095101860286,True,0.39583730642884546,False,0.7056889,False,False,1,WATCH,train
2026-09-14 20:42:23.908058+00:00,0.6016130002739005,0.10719701970540989,0.010888389361329562,-1.4018728339670372,9.566398054853545,0.012998461447417502,25,8,2.5807247324723064,False,156.05480261197133,True,0.43009921252088373,False,0.57932836,False,False,1,WATCH,train
2026-09-14 20:47:25.278110+00:00,0.6041260241932151,0.14951354593112445,0.03629941682946313,-0.2566388177736841,9.565590740520019,0.0151312286887963,28,8,1.7584273811134754,False,155.19960478666414,True,0.3817376118975719,False,0.6611929,False,False,1,WATCH,train
2026-09-14 20:52:19.582755+00:00,0.583672283455675,0.1501027219405736,-1.3109652517187094,-0.5287922513853232,9.568428776795804,0.015540046832476236,24,8,3.300573797549579,False,154.31028593217997,True,0.4693159404304785,False,1.2186464,False,False,1,WATCH,train
2026-09-14 20:57:35.506263+00:00,0.5828207902450456,0.13078374759021916,0.09374603251580779,0.0498547182975182,9.567419646436768,0.012432216214335778,25,8,2.204477390488829,False,153.40814502737825,True,0.40999758419757604,False,0.6333095,False,False,1,WATCH,train
2026-09-14 21:02:17.088512+00:00,0.5834439212587783,0.13955849762825687,-0.02910908231490943,0.39219573096425353,9.569110278592463,0.014539275516489042,26,8,1.7258694050842909,False,152.4624777512023,True,0.38931898342744276,False,0.60472065,False,False,1,WATCH,train
2026-09-14 21:07:15.287699+00:00,0.5681617078305687,0.1767901030840562,-0.1407974952892181,0.6298266706756093,9.56691919094139,0.012596565777534532,28,8,2.1990954570659,False,151.44220244985794,True,0.41497463352017994,False,0.60927737,False,False,1,WATCH,train
2026-09-14 21:12:30.590476+00:00,0.5763152431249029,0.14440699378452052,-0.4144373168638085,0.1166039845142849,9.572508705179517,0.011649647450214363,28,8,2.688604149025184,False,150.4225333951892,True,0.4420225847653727,False,0.65723044,False,False,1,WATCH,train
2026-09-14 21:17:24.464034+00:00,0.5950022011514359,0.16331009746255276,-0.12374741867375057,0.7186052396928506,9.566695532694153,0.012555432644432768,24,8,2.338522447501175,False,149.34768160463736,True,0.42309161219222574,False,0.8495917,False,False,1,WATCH,train
2026-09-14 21:22:19.995036+00:00,0.587934074429946,0.14314097898606107,-0.8328560698292153,-0.1806089945306359,9.570486654448713,0.016111062240914204,28,8,2.459593542176287,False,148.25979554747525,True,0.4203223393820438,False,0.70458597,False,False,1,WATCH,train
2026-09-14 21:27:23.747580+00:00,0.5704683047425922,0.17785588630091512,0.3782081235550196,0.01486192198060499,9.567732471936955,0.0137436854187255,24,8,1.8172943332762084,False,147.09922043182925,True,0.401743627097047,False,0.959892,False,False,1,WATCH,train
2026-09-14 21:32:17.723984+00:00,0.5890483545112877,0.16244232072941428,-0.14615652369601487,-0.2747675695034748,9.5698132561969,0.014570685188086399,33,8,1.6397051195803616,False,145.92011962213178,True,0.3883327983306244,False,0.52232885,False,False,1,WATCH,train
2026-09-14 21:42:19.529006+00:00,0.5797852006707144,0.144829412779987,-0.022438639262429432,-0.020620542558152852,9.569733943984218,0.016498839966095864,23,8,1.7158663740048499,False,144.68923262565744,True,0.38925742873985164,False,0.6684639,False,False,1,WATCH,train
2026-09-14 21:47:16.993839+00:00,0.5851156894085413,0.15597224979792948,-0.18846670659971362,0.5016138326604819,9.574149670935604,0.013790218719263796,23,8,1.9160048027742822,False,143.410660022054,True,0.4055158187563569,False,0.73715377,False,False,1,WATCH,train
2026-09-14 21:52:20.310754+00:00,0.5600480296085153,0.16489156889719025,0.34730412598391486,-0.9734553893338022,9.566217380269736,0.013879481258317946,25,8,2.0134204878019824,False,142.08671828788238,True,0.4130487279866076,False,0.50273585,False,False,1,WATCH,train
2026-09-14 21:57:24.955849+00:00,0.5988933977246879,0.12457450288749636,0.994563430632314,-0.5383119879158592,9.573304619061307,0.010718023747774157,22,8,3.7548754022552977,False,140.77068847736854,True,0.5099023864058022,False,0.4824342,False,False,1,WATCH,train
2026-09-14 22:17:21.097048+00:00,0.5770156343830984,0.14055344104641848,0.041501451952232316,-0.37146923460840964,9.566616222214193,0.015511401178793986,27,8,1.6766047167977312,False,139.2938040543007,True,0.3969311525299921,False,0.7793772,False,False,1,WATCH,train
2026-09-14 22:23:21.696346+00:00,0.5669036559527607,0.11131194085532546,-0.5802169470771616,1.0328753640535955,9.565935209896667,0.01499311136588238,22,8,2.4002196507128186,False,137.8055259260993,True,0.44102986284897105,False,0.6398654,False,False,1,WATCH,train
2026-09-14 22:27:16.535522+00:00,0.6081287504061906,0.15172275285363326,-0.12337879986926116,0.23627131543893964,9.566558465935474,0.014487116456005854,27,8,1.8610308524782189,False,136.24475506140996,True,0.4110063669436929,False,0.659178,False,False,1,WATCH,train
2026-09-14 22:32:22.933634+00:00,0.5888004866260315,0.18463320101749445,0.22193247622305498,0.10436161002454901,9.566877083711868,0.016495679374203653,22,8,1.9395323527950172,False,134.61248467561603,True,0.411726210291429,False,0.8654783,False,False,1,WATCH,train
2026-09-14 22:42:16.038249+00:00,0.5923213258606982,0.20410202019291973,0.021447402541486634,-0.8200109607121675,9.569339020829444,0.015523412362008101,26,8,2.0206512727239367,False,132.88764502662568,True,0.4161100215491296,False,0.6181843,False,False,1,WATCH,train
2026-09-14 22:52:21.789710+00:00,0.5640986070731449,0.2125323272389606,-0.4764549787019028,-1.026726570193916,9.568438789299055,0.014790199457749006,20,8,2.4073158076595655,False,131.0825761923326,True,0.43996648411552575,False,0.8778093,False,False,1,WATCH,train
2026-09-14 23:37:23.548965+00:00,0.5880004266769594,0.17175287324357313,0.06076382650745177,-1.307447795781408,9.569415321556194,0.015974276659457803,26,12,2.6305059618145124,False,129.0100566530732,True,0.45342277873439607,False,0.68003476,False,False,1,WATCH,train
2026-09-14 23:42:27.262127+00:00,0.5881296142887035,0.19674832563431233,0.8080126405909798,0.9543273353313955,9.570250108947992,0.01858640754569168,22,12,3.464970401848998,False,126.87698888275817,True,0.5004341553927578,False,0.9996857,False,False,1,WATCH,train
2026-09-15 00:31:33.166760+00:00,0.600123960288358,0.16628152202333382,0.7682623864935662,0.47142730916142145,9.571488851203615,0.013055824196677307,22,16,3.242274138244815,False,124.46690548484037,True,0.49608625092411984,False,0.5273841,False,False,1,WATCH,train
2026-09-15 00:36:37.514795+00:00,0.5804012479559627,0.1450649030232544,0.01847935521320002,-0.21814968069823154,9.567638633372972,0.016809521111560526,25,16,2.687699238482755,False,122.05032329706913,True,0.4472545506491383,False,0.8075093,False,False,1,WATCH,train
2026-09-15 00:41:39.286050+00:00,0.5785385197303561,0.16382970000251298,0.6963152694154213,-1.3327407828434732,9.56870169439354,0.016752313273097508,25,16,3.3852066021194216,False,119.58436879868681,True,0.5008393695874882,False,0.61842155,False,False,1,WATCH,train
2026-09-15 00:46:39.628090+00:00,0.5894359276847552,0.11637021051221925,-0.6551462374263903,-0.5939273786279354,9.566964170109395,0.01399527665303693,22,16,3.1167300632907615,False,117.14127682282306,True,0.48437259363735824,False,0.5066932,False,False,1,WATCH,train
2026-09-15 00:56:42.139160+00:00,0.5794180015371331,0.13188297708636648,0.3708633157839641,-0.829404070542952,9.568224953064846,0.0168762334730184,21,16,3.0285200776310273,False,114.62569359632671,True,0.45645752753219687,False,0.5743797,False,False,1,WATCH,train
2026-09-15 01:01:36.353902+00:00,0.5937030666576859,0.1380894392526092,-0.25130863997167846,-1.245526490184997,9.567133908301534,0.017419766814227685,29,16,3.326559487516052,False,112.07629987510704,True,0.48557315279276486,False,0.56864667,False,False,1,WATCH,train
2026-09-15 01:06:48.344300+00:00,0.6041176810364635,0.11844859163445137,-0.26703833583688247,1.5539722183416427,9.56856021213862,0.014889399412871972,22,16,3.3713479802580286,False,109.52162717426454,True,0.5066501328043839,False,0.53310704,False,False,1,WATCH,train
2026-09-15 01:21:34.534808+00:00,0.587151901342537,0.15021416454057732,0.4904731984304252,0.37724887717031574,9.573835433251164,0.021065374432940865,24,16,4.072238320749224,False,106.85609004523342,True,0.496230275757695,False,1.1812159,False,False,1,WATCH,train
2026-09-15 01:26:33.339102+00:00,0.5863965551621934,0.14367819447546618,0.297619228429671,-0.08549273020830411,9.566881995960626,0.012759698952380145,22,16,3.1493619484729933,False,104.17327982513594,True,0.48062543120043844,False,0.58587694,False,False,1,WATCH,train
2026-09-15 01:31:37.264747+00:00,0.5820742171418932,0.1431357014611938,0.17535260241085474,-0.04289148227640585,9.571025333885052,0.010999438818457366,27,16,3.7471015493864144,False,101.46728296049325,True,0.5118930966646368,False,0.45430258,False,False,1,WATCH,train
2026-09-15 01:36:39.257075+00:00,0.6157666086617621,0.11934993050336838,0.4299281675112413,-0.09891151261686719,9.568337991631173,0.011954545291189113,23,16,3.476943905248846,False,98.76388092331955,True,0.49854541579996586,False,0.52974427,False,False,1,WATCH,train
2026-09-15 01:46:43.097963+00:00,0.6102725934675899,0.15023926140571284,0.1561839839579686,-0.1120947746901545,9.573913183125402,0.01444818327679986,20,16,3.0495338481373953,False,95.98246335132332,True,0.46817816501105103,False,0.607278,False,False,1,WATCH,train
2026-09-15 02:01:38.468793+00:00,0.6133213453464785,0.13888762198989735,0.01839806222019315,-0.1841987993180957,9.572019646046096,0.01557659736552009,21,16,3.1228309435006993,False,93.15124891486079,True,0.47006799313139175,False,0.4954276,False,False,1,WATCH,train
2026-09-15 02:17:15.243691+00:00,0.598484960475417,0.13117564622978561,0.1670224634395541,-0.5154124768750314,9.571708200372305,0.012219065248845959,24,16,3.528964147585155,False,90.26865151466461,True,0.5073507965316157,False,0.6874969,False,False,1,WATCH,train
2026-09-15 02:21:35.601475+00:00,0.5985518905453402,0.11162581156878675,-0.4800307349728166,-0.7093577087607328,9.57295433865501,0.01099818166789378,25,16,4.168528317440992,False,92.44217691219772,True,0.5414831701300942,False,0.48933914,False,False,1,WATCH,train
2026-09-15 02:26:38.304433+00:00,0.6052721394961739,0.14242188580022008,0.2673167796952064,-0.3155305813698917,9.57466203572843,0.013169567191065644,24,16,3.381934549626396,False,94.84848114174684,True,0.49446919417749835,False,0.87405896,False,False,1,WATCH,train
2026-09-15 03:22:58.845779+00:00,0.5399005310025491,0.3346191461347228,0.45869643869058646,-0.18975161990418934,9.570403643446742,0.018421970541401315,27,21,4.00050621331507,False,97.27553037274754,True,0.5143240211481629,False,1.0242907,False,False,1,WATCH,train
2026-09-15 03:28:01.544820+00:00,0.5468860531758589,0.3312977255511951,0.10397875734845803,0.21102881086432054,9.57770388970927,0.019965676995471943,27,21,4.248433467968965,False,99.740032875446,True,0.5138858080824729,False,1.1080594,False,False,1,WATCH,train
2026-09-15 03:52:59.985749+00:00,0.5239665215894005,0.3215571706412517,-0.5095453209813544,-0.6770817446649865,9.57302509900168,0.015779733838059504,20,21,3.905252033863836,False,102.20871961843882,True,0.5228590512085393,False,0.94489765,False,False,1,WATCH,train
2026-09-15 06:13:27.984833+00:00,0.5525729341637168,0.37668510594626914,0.45319135133852995,-0.6801466524424986,9.575427819462588,0.015131228688796185,28,36,3.667663233594947,False,104.91164942618363,True,0.5265711267478598,False,0.8024409,False,False,1,WATCH,train
2026-09-15 06:18:41.008740+00:00,0.5475230965538093,0.3394427214466496,0.41958787963665534,0.6133060181707269,9.568598430646473,0.023038774359043942,22,36,5.017219598972136,False,107.59838689965598,True,0.567598213741024,False,1.4015331,False,False,1,WATCH,train
2026-09-15 07:45:15.628117+00:00,0.5083986425792741,0.3298210929854463,-1.0392030999010242,0.07696400721853315,9.581483470770475,0.02487971060924936,20,40,5.606058599942167,False,110.05102113572404,True,0.5718557003297164,False,1.6267321,False,False,1,WATCH,train
2026-09-15 07:50:12.924064+00:00,0.5554121152002789,0.32273814455662164,0.17356529718361238,1.217805660329882,9.570450753695459,0.014456832294800971,20,40,3.5827928702381002,False,112.62023382322462,True,0.5234217509766177,False,0.756842,False,False,1,WATCH,train
2026-09-15 09:28:57.308496+00:00,0.6360159361799484,0.4199716278295522,1.4952032820721735,2.5291085918550937,9.625202037094532,0.14022392805794598,20,47,18.74716424429346,True,115.08563053294195,True,0.7046255837099631,True,33.414345,True,False,4,WATCH,train
2026-09-15 09:48:56.449812+00:00,0.5537917264116035,0.3029544565095375,0.18587722960720288,0.3703179045470831,9.572126190078055,0.01840522651175368,23,47,3.6079430193611057,False,117.24230458918731,True,0.4657201542390864,False,0.89466697,False,False,1,WATCH,train
2026-09-15 09:53:58.834796+00:00,0.5672432122764373,0.3308286075098396,0.793816496170042,0.6278795163692567,9.572600261772903,0.013635890143294352,24,47,3.6646746419415748,False,119.41407632065065,True,0.504252046762654,False,1.0132322,False,False,1,WATCH,train
2026-09-15 10:03:51.133567+00:00,0.9455090443321765,0.9107783623385599,-1.1343674761473284,0.5380413187125562,9.572454769749664,0.018138357147217028,20,47,5.380138559953547,False,122.57632953295482,True,0.5648983103264539,False,0.87223303,False,False,1,WATCH,train
2026-09-15 11:18:22.962816+00:00,0.2929126463612582,0.43774522641326513,-0.713516304623356,-1.3850332997874966,9.57408459460084,0.014609235163625648,22,48,2.6814931523121377,False,123.59527020496719,True,0.4543548696147316,False,0.8181689,False,False,1,WATCH,train
2026-09-15 11:52:24.347054+00:00,0.3016536527358454,0.42656406967485716,-0.8292260780408116,1.4450458533661132,9.57469590140419,0.014552555085074668,22,49,2.888191969552718,False,124.46700519999861,True,0.461881552707027,False,0.6603313,False,False,1,WATCH,train
2026-09-15 11:57:16.266406+00:00,0.3157073853698059,0.4103994591395401,-0.5694145080768789,-0.11778443433044192,9.568897855063783,0.014352700094407018,20,49,2.0436623094011552,False,125.3519100066462,True,0.40811039118465814,False,0.6733261,False,False,1,WATCH,train
2026-09-15 12:02:06.502488+00:00,0.3155016693687051,0.3920846832357791,-0.16115617546452024,-0.23651269837976624,9.57859371951112,0.02182291615301421,22,49,3.300108652849999,False,126.2109871977407,True,0.4314100893830884,False,0.8404458,False,False,1,WATCH,train
2026-09-15 21:05:25.851596+00:00,0.3562683440475373,0.44101947918619055,0.9019215629275603,1.0360965655801158,9.577458206524218,0.02047610395884271,24,65,3.4160342152454706,False,126.44406000435785,True,0.48164924847630625,False,1.2657825,False,False,1,WATCH,train
2026-09-17 06:39:56.134317+00:00,-0.05631497259788927,-0.12091913456138037,0.34331604842137775,-2.189440303965678,9.599024835376731,0.016401219466856742,20,69,4.056766914666046,False,127.4631135160041,True,0.49915902343089913,False,0.5967593,False,False,1,WATCH,train
2026-09-17 08:13:08.369446+00:00,-0.06523891951896832,-0.09519619923177002,0.29438769148993266,1.449988135365816,9.599437473983008,0.012848321488792431,21,79,3.2003483111443503,False,128.27320319350312,True,0.46497362618210913,False,0.46265042,False,False,1,WATCH,train
2026-09-17 08:27:45.627092+00:00,-0.07058619731165575,-0.10673393353908409,0.3986148444875715,-0.9131762003348017,9.5999050418407,0.016983385238216214,21,79,2.599551201560505,False,129.02655377372983,True,0.4163879228642177,False,0.72358906,False,False,1,WATCH,train
2026-09-17 08:53:23.782985+00:00,-0.07284319910749906,-0.11592997544299505,0.06301147004721097,-0.5404405681419492,9.601504130445116,0.013867504905630742,26,80,2.123545227684665,False,129.68665010707764,True,0.40109622431696085,False,0.68521565,False,False,1,WATCH,train
2026-09-17 08:58:17.627496+00:00,-0.04938977641182193,-0.15640722780702443,0.0092250708727212,-1.52992001170653,9.604863519207717,0.01708402485731756,26,80,2.60614151745001,False,130.39290506586153,True,0.4203433946088162,False,1.0100074,False,False,1,WATCH,train
2026-09-17 09:03:33.289874+00:00,-0.08378415529219396,-0.13681441343689718,1.23408199339366,-1.3654460693280859,9.597549865695527,0.01678603089873642,24,80,3.5236075983222803,False,130.98670055721985,True,0.48719480547823,False,1.1149727,False,False,1,WATCH,train
2026-09-17 09:08:16.465788+00:00,-0.07596334309060405,-0.15452239722976102,-0.6514302350803619,1.0170780387071021,9.59998671379081,0.02092887363140431,26,80,3.347694756870811,False,131.5831367829937,True,0.46654452048223016,False,1.0802097,False,False,1,WATCH,train
2026-09-17 09:13:16.537147+00:00,-0.07013215121098516,-0.11009210724955966,-0.46834866433813827,-1.3394550968520356,9.599731955676907,0.015011023044897466,23,80,2.5235355361503196,False,132.1764062492219,True,0.4253514557627484,False,0.7290798,False,False,1,WATCH,train
2026-09-17 09:18:17.422953+00:00,-0.06822758873004478,-0.1261616334284262,-0.1040135342657603,-1.3867104558464178,9.601985014305955,0.018633899812498262,24,80,2.7072905029184526,False,132.75541211955962,True,0.4263033618836153,False,1.059178,False,False,1,WATCH,train
2026-09-17 09:28:25.006690+00:00,-0.07129916684279528,-0.10661436181197693,-0.8589284545012369,0.8739538896635206,9.598474050044391,0.015164388470556633,22,80,2.568760080478182,False,133.2860386227739,True,0.4451795754635107,False,0.5962975,False,False,1,WATCH,train
2026-09-17 09:43:22.286507+00:00,-0.06795262237458602,-0.12580989635956488,-0.2281085990038588,-0.2448950350108449,9.603750155835728,0.019306734576307837,20,80,2.2825892706824296,False,133.7634196403454,True,0.4104675383818086,False,0.8116219,False,False,1,WATCH,train
2026-09-17 09:48:25.080853+00:00,-0.0696807477274078,-0.09402393434999738,-0.21017407789810794,0.7332140430661862,9.600879191094545,0.01582445016866293,22,80,1.6347938387663796,False,134.21466430255717,True,0.39789247846999126,False,0.7280389,False,False,1,WATCH,train
2026-09-17 10:33:44.035672+00:00,-0.05334808766431433,-0.11497771124725069,-0.029521311831415386,1.2282183123980521,9.599036099142342,0.016733200530681527,20,81,1.776245649281502,False,134.50621329336505,True,0.4098091811568191,False,0.8054711,False,False,1,WATCH,train
2026-09-17 10:58:52.211994+00:00,-0.048801966638497264,-0.1294391903339594,-0.47935810878581714,0.25943792643210123,9.605335329838793,0.012884098726725137,20,81,1.9299393700632466,False,134.68947766866447,True,0.41261947867943316,False,0.560818,False,False,1,WATCH,train
2026-09-17 11:03:44.797124+00:00,-0.05557401749556653,-0.13359296712848068,-0.46497971130707544,-0.3216911218795493,9.602061109200648,0.013819269959813873,24,81,1.5213321289264015,False,134.8296282275451,True,0.4004914937148824,False,0.9708094,False,False,1,WATCH,train
2026-09-17 11:08:46.457748+00:00,-0.059957942035515265,-0.09130204998806271,0.9328343313243592,1.6491529469379929,9.607014235307863,0.02290742237791062,20,81,4.298617306384424,False,134.93307595525536,True,0.5297938971638353,False,1.1410003,False,False,1,WATCH,train
2026-09-17 11:13:59.697135+00:00,-0.03933201052020073,-0.08842699812911137,-0.05327948262553056,0.9065685648408478,9.603808661138421,0.014677176197545196,21,81,1.3598946683027393,False,135.0681224532448,True,0.3960163999795769,False,0.83371294,False,False,1,WATCH,train
2026-09-17 11:18:51.026490+00:00,-0.03940168774947411,-0.07627854698302643,-0.6667160950515382,-2.3558636006560274,9.607868719546424,0.02263462809256847,24,81,4.3878971920497065,False,135.17805966967754,True,0.5399298645080042,False,1.5641627,False,False,1,WATCH,train
2026-09-17 11:23:45.337948+00:00,-0.07251449358533092,-0.11442513507816746,-0.4246397987302821,0.2603521604994963,9.604375162113747,0.014032135491302744,22,81,1.3644301649345127,False,135.1724163477018,True,0.39518522981967524,False,0.7738004,False,False,1,WATCH,train
2026-09-17 11:43:48.219086+00:00,-0.08942633466591621,-0.08328537698518572,-0.01147736948445441,0.018653293377231147,9.600784253090014,0.016827350421923896,24,81,0.7855920527914737,False,135.01987267052445,True,0.3839458520638998,False,1.0791306,False,False,1,WATCH,train
2026-09-17 11:48:45.991183+00:00,-0.058430029455398144,-0.11976598512900423,0.1373836855250754,-0.06746392004887726,9.596053569595222,0.016093476939431094,20,81,0.6343089596647318,False,134.92685990532198,True,0.38333314647443195,False,0.7137687,False,False,1,WATCH,train
2026-09-17 11:53:51.771832+00:00,-0.08762929468352959,-0.08976703029969518,-0.15753917170306136,-1.1983181677151038,9.601818403996084,0.01626775952613022,25,81,1.5278876856364514,False,134.72870657584045,True,0.40163111421808534,False,0.8106588,False,False,1,WATCH,train
2026-09-17 12:08:57.093165+00:00,-0.051641009669427036,-0.11709857847531813,-0.13593909447927627,-1.814583330594032,9.604273975461785,0.016832508230603477,24,81,2.295040114756815,False,134.55322072849765,True,0.4414409060309189,False,0.93911576,False,False,1,WATCH,train
2026-09-17 12:18:49.679418+00:00,-0.07097496425015049,-0.15570981189128363,0.08228954424613646,0.23668693366474958,9.601283389756132,0.014624940645653553,24,81,0.8557166709213396,False,134.27448293458735,True,0.39015414897629547,False,0.9543012,False,False,1,WATCH,train
2026-09-17 12:28:53.959118+00:00,-0.05028876955070093,-0.1006101758983277,0.2736843661690774,0.8702712495553355,9.602076212208592,0.01822978721151013,23,81,1.9255738527649688,False,134.00219473126052,True,0.40859383762479873,False,0.90557903,False,False,1,WATCH,train
2026-09-17 12:34:06.492866+00:00,-0.07467086709239285,-0.11183903541945629,-0.651858014798986,-0.23604535693078238,9.60293007234363,0.019579581200832686,25,81,2.351624995717797,False,133.63328235506788,True,0.42881845579902084,False,0.7535076,False,False,1,WATCH,train
2026-09-17 12:43:41.163329+00:00,-0.029296954311755257,-0.11202614613549558,-0.6584208840110535,-1.1270777389028523,9.59909059605327,0.012439855304624742,20,81,2.632485323413361,False,133.34385500900694,True,0.45561286943957297,False,0.68977135,False,False,1,WATCH,train
2026-09-17 12:48:52.133586+00:00,-0.05149866658018916,-0.13875399119267484,-0.12412621668466689,1.796398086822272,9.599919699024511,0.018115362309564936,23,81,2.5605029832072264,False,132.96906326873318,True,0.4447719606633681,False,0.75012803,False,False,1,WATCH,train
2026-09-17 12:53:44.152456+00:00,-0.029174646888605965,-0.08931685990365612,-0.1364719534668101,-1.6027254958208854,9.60599992544663,0.013669238185149844,21,81,2.2369847205696356,False,132.6308305530102,True,0.43582607278381497,False,0.67593706,False,False,1,WATCH,train
2026-09-17 13:03:48.784308+00:00,-0.052192350670656515,-0.11033273342890207,0.5874103180102309,-0.4737366132488743,9.604651535142581,0.014761416201842698,26,81,1.703358492024605,False,132.1810583489753,True,0.4076074405605323,False,0.6986194,False,False,1,WATCH,train
2026-09-17 13:08:51.484444+00:00,-0.04174878040780501,-0.1283038586195375,-0.03592524787015141,-0.20598595998627395,9.606420977297228,0.01632607248305966,23,81,1.1324175301102852,False,131.73580430480018,True,0.3858549307007829,False,0.6351256,False,False,1,WATCH,train
2026-09-17 13:13:43.298465+00:00,-0.045958883450238436,-0.15024414238058664,0.21585157507611746,0.5963433761754073,9.6018044502072,0.013652639225553773,21,81,1.6564308733292445,False,131.25516035731727,True,0.4025459317449269,False,0.4908601,False,False,1,WATCH,train
2026-09-17 13:18:44.977883+00:00,-0.04335246136017885,-0.1696208625820771,0.14394880858324363,-1.468396937441863,9.604783922853612,0.015360257159305645,24,81,1.9995510101358795,False,130.75795879404433,True,0.4209677593642081,False,0.9104869,False,False,1,WATCH,train
2026-09-17 13:23:47.271130+00:00,-0.0704269025712065,-0.16198657521550716,0.5038922704194231,0.6896178634722686,9.60306094663588,0.013558347069887944,29,81,2.039719959983649,False,130.16320922753425,True,0.4096591316209429,False,0.68000686,False,False,1,WATCH,train
2026-09-17 13:28:49.659061+00:00,-0.049544225701977106,-0.10923520690922281,-0.5843298448994795,1.0577756845052095,9.601894098906902,0.015523412362008139,26,81,1.9323650605380513,False,129.60230124096435,True,0.4155478252014658,False,0.7571094,False,False,1,WATCH,train
2026-09-17 13:33:41.608474+00:00,-0.04097020492337889,-0.11272932991175308,0.6931624683664712,-1.1065642524108497,9.59891811190922,0.011379475182027579,27,81,3.1914691655287717,False,129.04178616272637,True,0.48060323316897163,False,0.45645443,False,False,1,WATCH,train
2026-09-17 13:43:46.452277+00:00,-0.05531028843753458,-0.13433482738853797,-0.6036530128635985,-0.2697758683298984,9.599462494326428,0.016424372134118265,25,81,1.6528391147175272,False,128.39662920421168,True,0.4037408309582941,False,0.67839855,False,False,1,WATCH,train
2026-09-17 13:48:48.495287+00:00,-0.047206114977935074,-0.1255429810125839,-0.32066350777225516,0.7426748679429405,9.608263745027191,0.014498520634592907,26,81,1.6774767402109088,False,127.75130561350662,True,0.39267272114741686,False,0.73169094,False,False,1,WATCH,train
2026-09-17 13:53:40.547005+00:00,-0.050660174302244024,-0.11563917721535637,0.2725069714437713,-1.0136834366981713,9.605698716457592,0.014533486237727624,30,81,1.7744075463831397,False,127.07446262741628,True,0.40747343021364557,False,0.83352494,False,False,1,WATCH,train
2026-09-17 13:58:42.715357+00:00,-0.04355995032722233,-0.07418516137346805,0.9189184463307546,-0.9798026605953309,9.609102742304204,0.015265507337973236,28,81,2.5845202684890936,False,126.3952439535195,True,0.43754386520019883,False,0.85637546,False,False,1,WATCH,train
2026-09-17 14:03:54.735236+00:00,-0.05635575358668072,-0.07551357769516874,-0.16149223494996875,0.5306416221011201,9.603402381003924,0.01642190468936644,29,81,1.3003991245976825,False,125.65951073498228,True,0.38687665449251163,False,0.751215,False,False,1,WATCH,train
2026-09-17 14:08:46.966215+00:00,-0.03710345722467801,-0.1197249306103403,-0.3769687110830405,0.14060695354736916,9.605576720079185,0.015919920777159063,28,81,1.4412100033714978,False,124.95522088473619,True,0.39020796718322925,False,0.7159145,False,False,1,WATCH,train
2026-09-17 14:13:49.371098+00:00,-0.04445608840567686,-0.13586874389792075,-1.2145537754958244,-0.5497856020714227,9.604926193965309,0.015559329893349638,29,81,2.891044701823592,False,124.20990454341097,True,0.45257056189474476,False,0.8930682,False,False,1,WATCH,train
2026-09-17 14:18:41.327175+00:00,-0.04785063755531427,-0.17504044321793835,0.4320491210314003,-0.32465481038014915,9.59968410249898,0.01640016820771604,29,81,1.7098436295381292,False,123.43470301837377,True,0.3955814162457815,False,0.58644176,False,False,1,WATCH,train
2026-09-17 14:23:43.207899+00:00,-0.05647807564018451,-0.08981112478795564,0.6130225970779518,-0.22887493287330157,9.603412319718483,0.013601470508735152,20,81,2.0788736429937833,False,122.61562669314009,True,0.4104090574653629,False,0.5955746,False,False,1,WATCH,train
2026-09-17 14:28:46.472195+00:00,-0.04810241088644051,-0.12151018431816685,0.3993910594139466,-0.6573907349851585,9.599931695445598,0.014702762486433006,29,81,1.7018401593256383,False,121.79951931933259,True,0.3986207845911896,False,0.61330813,False,False,1,WATCH,train
2026-09-17 14:33:57.813303+00:00,-0.054010448733188915,-0.1604982616260187,-0.4540433918712421,1.4116657346597015,9.602013823939549,0.012862041003099976,27,81,2.6947909418654383,False,120.9476530758133,True,0.4510020150091358,False,0.7711508,False,False,1,WATCH,train
2026-09-17 14:38:40.445476+00:00,-0.03858593730874042,-0.11107027090048592,0.029061455136321877,-0.37294207631148507,9.604737464374704,0.017088981646019144,29,81,1.5339883261492893,False,120.11873318125869,True,0.38680034827195026,False,0.7280527,False,False,1,WATCH,train
2026-09-17 14:43:42.528550+00:00,-0.05679334299517331,-0.14169338420724206,0.39244378088428705,-1.0651184040269452,9.601767288426833,0.019717391059774676,28,81,2.7005735198819236,False,119.22112573014965,True,0.43667070817617193,False,0.8605555,False,False,1,WATCH,train
2026-09-17 14:48:44.979242+00:00,-0.04004290354671098,-0.16775157956614142,0.04438576368182847,1.1129449486884155,9.602047016716813,0.01795091735837294,29,81,2.217786789975633,False,118.35082434664285,True,0.4094878875760737,False,0.81764776,False,False,1,WATCH,train
2026-09-17 14:53:46.806927+00:00,-0.04733179836495778,-0.14013350859422333,0.1357181105119172,-0.819564743882395,9.603035079351766,0.01779632500471572,28,81,1.9471450074763,False,117.44245221005514,True,0.3974997399089066,False,0.8788686,False,False,1,WATCH,train
2026-09-17 14:58:49.290690+00:00,-0.048592759724383254,-0.11808019062509201,0.01532550322367588,1.5107979883812743,9.601494434769176,0.013223934701124023,28,81,2.5267733882218577,False,116.5128863040795,True,0.4325379324707818,False,0.62830883,False,False,1,WATCH,train
2026-09-17 15:08:42.794992+00:00,-0.029353172525944573,-0.19585651522979206,-1.1546626722445463,0.21160867132996222,9.601887176293728,0.015396007178390035,27,81,2.800607158532681,False,115.60165730852658,True,0.444830047376283,False,0.7606733,False,False,1,WATCH,train
2026-09-17 15:13:44.660316+00:00,-0.055553942163080405,-0.1260836621148572,-0.15219713223892106,1.2302340157360747,9.601078330111768,0.015551685908661645,29,81,1.927236553143958,False,114.60222981667403,True,0.40572440673416066,False,0.95616925,False,False,1,WATCH,train
2026-09-17 15:18:47.393941+00:00,-0.0230052898010221,-0.10749921613956709,-0.29620105614848813,0.8340361172956884,9.605241770653999,0.014395215254459465,30,81,1.8726406983753492,False,113.67572634962455,True,0.39893145966883636,False,0.7964698,False,False,1,WATCH,train
2026-09-17 15:23:49.968454+00:00,-0.049556973317948096,-0.12422367897141572,0.16599358480780074,0.10944459029625722,9.606135616891331,0.015431712643191656,28,81,1.4651852257856786,False,112.66091412101866,True,0.38647745875441253,False,0.7047058,False,False,1,WATCH,train
2026-09-17 15:28:40.666469+00:00,-0.03811859261922633,-0.12126700064219208,-0.23346777533514523,0.8815220238388426,9.599396538655323,0.01728958777478852,29,81,1.863806322239293,False,111.66214620745556,True,0.40456150650150774,False,0.85318255,False,False,1,WATCH,train
2026-09-17 15:33:42.886771+00:00,-0.04871710521085082,-0.16345197647544438,-0.15227860700767576,-0.29235956623219,9.60156769198286,0.014975207414212413,29,81,1.4603628850544634,False,110.61958685836899,True,0.3904399695982867,False,0.84853756,False,False,1,WATCH,train
2026-09-17 15:38:45.387857+00:00,-0.06323685381760398,-0.14083209475081254,0.2687108696445671,0.8471074848905951,9.601761214096916,0.01608538453750429,29,81,1.8279154029928115,False,109.52296043626171,True,0.39990776799223376,False,0.76780164,False,False,1,WATCH,train
2026-09-17 15:43:46.934630+00:00,-0.027265743306087133,-0.09589762694961161,-0.03281159578305265,1.0893954353738298,9.60456885743634,0.0165214764374577,28,81,1.9179445200045946,False,108.51083547644728,True,0.39987580822043145,False,0.823114,False,False,1,WATCH,train
2026-09-17 15:53:41.356516+00:00,-0.06520089170683616,-0.1131257235770246,-0.42758819584920654,1.6812818038570412,9.599297747551448,0.019405039437103862,30,81,2.9115880047785474,False,107.3685558459739,True,0.46635892283478203,False,0.9556999,False,False,1,WATCH,train
2026-09-17 15:58:43.965614+00:00,-0.05530250350494283,-0.12323231560761119,0.5148134675366907,-0.04188579579976811,9.604692986944688,0.011060440015358048,30,81,3.2316570066502535,False,106.24086955995159,True,0.4719034319880589,False,0.51601285,False,False,1,WATCH,train
2026-09-17 16:03:45.840817+00:00,-0.04535457003055994,-0.158904994451922,0.6184738839327648,-0.6106812714005354,9.600515528214272,0.01980883671220012,29,81,2.81196860463178,False,105.12839448875212,True,0.4476679664096648,False,0.819366,False,False,1,WATCH,train
2026-09-17 16:08:49.045542+00:00,-0.03370897316111088,-0.13379166193745032,0.1379496881290794,0.8311148892379853,9.601130519165338,0.016960738977611415,30,81,1.8448411060826373,False,104.03626243095331,True,0.3982217894734421,False,0.79428893,False,False,1,WATCH,train
2026-09-17 16:13:50.526089+00:00,-0.05614655172409009,-0.1536499426826363,0.44102545321658754,0.26054080847167516,9.602862776430788,0.011865276230403633,29,81,2.778899610354716,False,102.87173674548156,True,0.4566796554091515,False,0.48495,False,False,1,WATCH,train
2026-09-17 16:18:42.600603+00:00,-0.0456916922217102,-0.11473148486952521,-0.46307985286099407,0.3248940193228151,9.603445888329336,0.018285618735948778,29,81,2.0248507078045397,False,101.72528927968744,True,0.4077566154443925,False,0.7274667,False,False,1,WATCH,train
2026-09-17 16:23:45.055193+00:00,-0.05357482121942723,-0.1208284048028314,-0.3223702428283713,1.3688383392724495,9.598636600536175,0.016401219466856742,30,81,2.117724246588995,False,100.54726259318778,True,0.4198724516219127,False,0.5709522,False,False,1,WATCH,train
2026-09-17 16:28:46.617273+00:00,-0.04723734971364878,-0.1614071132036579,-0.09513249366489061,-0.4664059830137495,9.602933892589823,0.015124483462254187,20,81,1.5193509012023838,False,99.37706387817876,True,0.39516311113880975,False,0.65932083,False,False,1,WATCH,train
2026-09-17 16:33:59.785474+00:00,-0.039936007022447116,-0.1442234635495934,-0.09401580883564084,0.625554061681191,9.6000497951506,0.016186498802527538,27,81,1.5404404190519791,False,98.21784276044295,True,0.38972412806747897,False,0.8199134,False,False,1,WATCH,train
2026-09-17 16:38:40.972465+00:00,-0.05219923926332979,-0.18937801821886005,-0.21646082470446523,0.6255839973314982,9.599265353169066,0.017151489814408137,29,81,1.723527939706521,False,97.01660020176293,True,0.3999649793004882,False,0.69197136,False,False,1,WATCH,train
2026-09-17 16:43:43.784571+00:00,-0.04570611556674146,-0.13293629470391163,-0.999633980749095,0.1145955900064601,9.597326763506507,0.016836628435494775,29,81,2.4491263725635855,False,95.82516321488683,True,0.43196521615104216,False,0.8029487,False,False,1,WATCH,train
2026-09-17 16:48:45.546725+00:00,-0.039059342983484485,-0.15883251410841914,-0.21623137948883933,-2.200667223333486,9.59894023864425,0.018607047649270504,30,81,3.1761405763930957,False,94.64447726765259,True,0.48215674751089427,False,1.0393586,False,False,1,WATCH,train
2026-09-17 16:53:47.624975+00:00,-0.03740034344410562,-0.13202882596773186,-1.0690156786201068,-0.6770143813885143,9.598964011298719,0.018488827293635424,28,81,2.947769035863536,False,93.4614276607329,True,0.4609682331392304,False,0.9624356,False,False,1,WATCH,train
2026-09-17 16:58:40.506362+00:00,-0.047596266279075566,-0.15084599288051734,0.006889347314965289,-0.7304224777273541,9.60621120949697,0.01610016211024657,29,81,1.6721204663282527,False,92.24411876890541,True,0.39911630994642766,False,0.7311671,False,False,1,WATCH,train
2026-09-17 17:03:41.740224+00:00,-0.05279700488901507,-0.07517405512704113,-0.7944129558994183,-0.18789934506676528,9.60264100958488,0.017040205656008063,29,81,2.162658342021133,False,91.006749314975,True,0.4166019638650484,False,0.8022476,False,False,1,WATCH,train
2026-09-17 17:08:44.123104+00:00,-0.045079226555431645,-0.07460148080693796,-0.9183242415145598,0.8028232479897319,9.60268938120238,0.015307950004273393,30,81,2.4385945519180576,False,89.78519406428741,True,0.4276560433153643,False,0.7415594,False,False,1,WATCH,train
2026-09-17 17:18:47.787272+00:00,-0.04655376244808989,-0.11926640761851612,0.3739861281130205,-1.734325935109701,9.604333793591552,0.016142699114270763,28,81,2.5689109232656655,False,88.55063507869212,True,0.4396788985299875,False,1.1153579,False,False,1,WATCH,train
2026-09-17 17:23:40.151858+00:00,-0.06661176166230089,-0.1576781072066998,0.2726120169255736,1.851397617288073,9.60269269176476,0.019137154380016026,29,81,3.0261041524047525,False,87.25754072958216,True,0.47554517192204365,False,0.9407375,False,False,1,WATCH,train
2026-09-17 17:28:42.234352+00:00,-0.0547562125969217,-0.10895935389520214,-1.1976210695690828,-2.4545898783521567,9.5995217569065,0.01953684892995215,29,81,4.364069866691454,False,85.99375280338933,True,0.5522664310838746,False,1.2131647,False,False,1,WATCH,train
2026-09-17 17:33:44.814605+00:00,-0.049045814368897184,-0.12744199259848243,-0.4004004121483734,0.9595090906238899,9.604407737573501,0.012883821856737532,29,81,2.458940962793586,False,84.74300985797842,True,0.4363524328968742,False,0.5578768,False,False,1,WATCH,train
2026-09-17 17:38:56.617834+00:00,-0.042073193084563344,-0.15343977352187796,-0.180461767078247,-1.6551727384035542,9.60224952740304,0.019192993172518286,29,81,2.8148435397042464,False,83.50931360287423,True,0.451226502619625,False,0.87114537,False,False,1,WATCH,train
2026-09-17 17:43:48.769016+00:00,-0.048072568113103224,-0.137556803347518,-0.47569637291928946,-0.9600131465108841,9.601988570444636,0.012876968840942834,28,81,2.528770788701991,False,82.25773082117063,True,0.44095302593278396,False,0.7599801,False,False,1,WATCH,train
2026-09-17 17:48:40.817890+00:00,-0.05380891382022487,-0.15062908533909236,-0.31461305284526153,-0.3913026252098809,9.601901506564921,0.011823404729953394,26,81,2.70940046668747,False,80.98953172220925,True,0.45066625788719095,False,0.61999035,False,False,1,WATCH,train
2026-09-17 17:53:42.707483+00:00,-0.04246148067224124,-0.15041459815857947,-0.5960249998759676,-1.007709649189788,9.603876884775417,0.018990523952750766,25,81,2.595272225595097,False,79.7519979696297,True,0.43991103731978115,False,0.94671696,False,False,1,WATCH,train
2026-09-17 17:59:35.288197+00:00,-0.04706376759588797,-0.10864697330665515,-0.6420352316742463,0.38270515283276596,9.601199924937793,0.016079800993793435,25,81,1.8494168542788312,False,78.5021540897732,True,0.4021171431327567,False,0.72788036,False,False,1,WATCH,train
2026-09-17 18:03:46.962235+00:00,-0.0500828799687978,-0.1466273787913162,-0.25033518396321486,0.5203807334308254,9.603324720758508,0.016072751268321608,30,81,1.5099235304362342,False,77.24467870352007,True,0.39342587860854006,False,0.6315662,False,False,1,WATCH,train
2026-09-17 18:08:49.608658+00:00,-0.03538652203255967,-0.1268197682373745,0.476937873115193,-0.498106787692167,9.60185813426358,0.015596146829212908,28,81,1.7909864040019519,False,76.02868273853086,True,0.3958579771621503,False,0.721568,False,False,1,WATCH,train
2026-09-17 18:13:41.422153+00:00,-0.048669813348602764,-0.13942076842768827,0.6020090922397805,-0.11762765048825344,9.605396148863923,0.016428295373802155,30,81,1.9936194211660425,False,74.77818173927855,True,0.40731313080778936,False,0.71478015,False,False,1,WATCH,train
2026-09-17 18:18:43.514212+00:00,-0.05410592581268185,-0.13381681681199223,0.36238733763878644,0.443986137663744,9.606244386553891,0.0186070476492705,30,81,2.1544598264518595,False,73.5151900959439,True,0.418339537638764,False,0.8811069,False,False,1,WATCH,train
2026-09-17 18:23:45.567679+00:00,-0.0418334100686392,-0.15556641639693009,-0.7410984547766072,-0.43706660728946944,9.602558374608545,0.012394621210766512,29,81,2.8191349525330485,False,72.2886958026935,True,0.44819218805120054,False,0.5370519,False,False,1,WATCH,train
2026-09-17 18:28:47.659338+00:00,-0.0521684400933054,-0.16086208443869798,0.2676259965287426,1.0293104354434979,9.605490742787389,0.01573411661593082,29,81,1.9376605206392061,False,71.03740571106806,True,0.408566278674964,False,0.6923764,False,False,1,WATCH,train
2026-09-17 18:33:50.047683+00:00,-0.038857719600622495,-0.16551627625292958,0.9610616954532176,-0.8665169178707867,9.602580017902014,0.015131228688796343,28,81,2.710786478800838,False,69.82654500878398,True,0.4436277097472304,False,0.69029427,False,False,1,WATCH,train
2026-09-17 18:43:44.279120+00:00,-0.0626583724571772,-0.11526613838188587,-0.14529894985980102,0.6136540608658808,9.599706483965829,0.017847087115787804,27,81,1.7459222301710542,False,68.56024773414393,True,0.4004270785549226,False,0.8500474,False,False,1,WATCH,train
2026-09-17 18:48:49.249320+00:00,-0.05266686904596515,-0.09771565743670152,0.164190689697605,1.9183144843560285,9.599465061473028,0.014854619558313254,24,81,2.636884820084101,False,67.3269238055593,True,0.44918851404166893,False,1.1954727,False,False,1,WATCH,train
2026-09-17 18:54:01.244961+00:00,-0.05593243742690362,-0.11842076089267088,0.8521133820433717,-1.252824718248126,9.600785331303102,0.013643937290730587,22,81,2.9691995842155148,False,66.09214610540602,True,0.4553259031532891,False,0.52053094,False,False,1,WATCH,train
2026-09-17 18:58:53.189193+00:00,-0.038003730524258074,-0.12618445666701372,-0.28130388898413494,0.020054312279904053,9.602221104658682,0.01598610507770908,24,81,1.4298596937495915,False,64.91182227131814,True,0.38480010151699967,False,1.1949991,False,False,1,WATCH,train
2026-09-17 19:03:42.571895+00:00,-0.0468108489371467,-0.14461849533035961,-0.46551354110746507,-0.6975811803329025,9.60369092813565,0.015919920777159063,28,81,1.8904501872032273,False,63.71464963998724,True,0.40214226418362375,False,0.7052376,False,False,1,WATCH,train
2026-09-17 19:08:47.212270+00:00,-0.04191862312216068,-0.160183805880959,-0.5985047977582905,1.251928082173348,9.599813576417228,0.014215601757693333,24,81,2.3842462820207717,False,62.53862749195773,True,0.42237963080402463,False,0.8623512,False,False,1,WATCH,train
2026-09-17 19:13:49.401915+00:00,-0.04596334333131393,-0.10777396285756695,0.481786187060601,1.5046742445841252,9.60228051870736,0.015971914124998515,28,81,2.4887632414062004,False,61.35983272697238,True,0.4280437283427069,False,0.45953232,False,False,1,WATCH,train
2026-09-17 19:18:41.348224+00:00,-0.023926642936378334,-0.16337567163381395,0.057315582601317,-1.0059934684608625,9.603628864059008,0.015475986974649034,27,81,1.803621915489002,False,60.25012657196191,True,0.39482681620581006,False,0.83003706,False,False,1,WATCH,train
2026-09-17 19:28:45.424826+00:00,-0.042501456697719237,-0.14964488287092992,0.42248822726544855,0.29255017845455356,9.602653370992245,0.01498970840359117,27,81,1.7983608757534808,False,59.108770910035574,True,0.3965092141444872,False,0.63335156,False,False,1,WATCH,train
2026-09-17 19:33:47.599879+00:00,-0.04595253772122072,-0.1353664669879882,0.272364018761529,0.4776842914590418,9.60196890456657,0.012936264483053352,28,81,2.3000734236654345,False,57.96831563525369,True,0.4141993935011114,False,0.5067756,False,False,1,WATCH,train
2026-09-17 19:38:49.893722+00:00,-0.056999641968844716,-0.19536977485436807,0.03698073148644237,0.5355161091989384,9.604169583816386,0.0182139484775783,29,81,1.9013388673314515,False,56.80848339095347,True,0.3990898315288045,False,0.72982895,False,False,1,WATCH,train
2026-09-17 19:43:41.532313+00:00,-0.03883892507203364,-0.15553805201924395,-0.5289110867880669,-0.7143854909114193,9.596897204113276,0.016817854699288818,26,81,1.9860055472981093,False,55.7096638806257,True,0.4055813806400145,False,0.7497504,False,False,1,WATCH,train
2026-09-17 19:48:43.810025+00:00,-0.061674163263757846,-0.1302505767524237,-0.19417924582836013,-1.7296593525592046,9.601155028013215,0.018128881969786105,29,81,2.8236196279196917,False,54.560207940797945,True,0.442026702585492,False,0.64328545,False,False,1,WATCH,train
2026-09-17 19:53:45.787327+00:00,-0.051049393741309394,-0.1446255061034878,0.35176424991190813,-1.6646046961815224,9.603774519539401,0.015464739353293558,28,81,2.650045425506961,False,53.452125564449666,True,0.4304436406307997,False,0.8908788,False,False,1,WATCH,train
2026-09-17 19:58:47.979734+00:00,-0.048905506945944505,-0.10957556463351563,-0.13169309916859614,2.445002161169783,9.6054001956756,0.0182086670449969,30,81,3.352787935226614,False,52.36269693137362,True,0.48972946540359996,False,0.76992625,False,False,1,WATCH,train
2026-09-17 20:08:41.897793+00:00,-0.03526015044814249,-0.08947696889130922,-0.5798294023860747,2.1189440667064052,9.599396802205444,0.019351738834491546,28,81,3.3703333144483234,False,51.33758334249364,True,0.49062368941207074,False,0.8718113,False,False,1,WATCH,train
2026-09-17 20:13:44.193825+00:00,-0.05758899079001578,-0.11792505537494938,-0.17894905612198111,0.8774704324963608,9.601207902779471,0.016501360157248842,29,81,1.9727396286342112,False,50.265579712633006,True,0.3959496739231462,False,0.63235897,False,False,1,WATCH,train
2026-09-17 20:18:46.182981+00:00,-0.046716172802094606,-0.14843772967205768,0.011177569003760233,0.4313766810932107,9.60217756576502,0.015988161300635805,26,81,1.6940231227315024,False,49.23795780833403,True,0.38408068557860015,False,0.6358033,False,False,1,WATCH,train
2026-09-17 20:23:48.459899+00:00,-0.04175447128361543,-0.1541902697593451,-0.27927994930111005,0.8632918179354544,9.597359516701408,0.016777409856157235,27,81,1.9033879431943563,False,48.23899442361525,True,0.3986782497450138,False,0.7204515,False,False,1,WATCH,train
2026-09-17 20:28:49.527996+00:00,-0.05601830378213515,-0.1598250945758473,0.19118369959286607,-1.8138651872769342,9.600652859157766,0.016995495900601808,23,81,2.834461392674567,False,47.216539281978534,True,0.4411193457399797,False,0.79919475,False,False,1,WATCH,train
2026-09-17 20:33:42.506863+00:00,-0.05790571397075539,-0.12492544144680666,0.898896157343104,-0.5347921250909637,9.598843311243991,0.014907119849998611,24,81,2.782682392196341,False,46.20487783672713,True,0.4308422674789973,False,0.87926173,False,False,1,WATCH,train
2026-09-17 20:43:56.689140+00:00,-0.03531690598074782,-0.13126443792383521,0.10755904988834969,0.7682312382624121,9.598857130280669,0.01420045395619393,22,81,2.1135810362248604,False,45.28818153430155,True,0.3941059567686691,False,0.56560713,False,False,1,WATCH,train
2026-09-17 20:53:40.479540+00:00,-0.05920747452725253,-0.17769876014470745,-0.030262019155344072,-1.5235488076221955,9.599965366254173,0.01593715958242108,24,81,2.6018302638135684,False,44.34094355639656,True,0.41613113546907854,False,0.80083054,False,False,1,WATCH,train
2026-09-17 21:03:44.543143+00:00,-0.04449564804693493,-0.14848629345200426,0.8387119838502538,2.2184642367222374,9.601148742109778,0.01802202509236275,22,81,3.7798213268204206,False,43.4703211549882,True,0.49907722409841815,False,0.87264705,False,False,1,WATCH,train
2026-09-17 21:08:47.442922+00:00,-0.05852267740708393,-0.09888944258721824,0.10659625571802211,-0.4162188840101803,9.599075365065199,0.01162149609979857,26,81,3.301789154824171,False,42.580081704079056,True,0.44365712249769,False,0.40226334,False,False,1,WATCH,train
2026-09-17 21:13:49.118409+00:00,-0.04244445381289141,-0.12182134564247203,-0.41872155038868625,0.9694129416449508,9.604183743250587,0.01230284519938377,25,81,3.1953923177754606,False,41.7529394229662,False,0.4448400059192163,False,0.53414226,False,False,0,OK,train
2026-09-17 21:18:50.898174+00:00,-0.06834303150497527,-0.14234707240387467,0.78146044423378,0.7286516170123324,9.605170898232226,0.018008485654145277,24,81,3.0522378602293507,False,40.874428170919636,False,0.4337722825168565,False,1.3024343,False,False,0,OK,train
2026-09-17 21:23:52.972593+00:00,-0.05576623501542063,-0.11844215400420233,-0.667087407891058,0.690367956052829,9.60042977266213,0.014110030847646645,21,81,2.851938067411816,False,40.05013919877453,False,0.41697206544842713,False,0.66293734,False,False,0,OK,train
2026-09-17 21:33:46.823018+00:00,-0.034390245101732664,-0.1435190157426165,0.036074488407956594,-0.5815981558390745,9.598453079922566,0.017923783159352405,27,81,2.3738212413996727,False,39.32496406501641,False,0.39723476413676506,False,0.80096936,False,False,0,OK,train
2026-09-17 21:38:49.002831+00:00,-0.02645952136552693,-0.15269954011435807,-0.005113503201981592,0.1271494641823851,9.601336607882342,0.013609081548426267,26,81,2.4007728948743976,False,38.642285558084076,False,0.39634267473997015,False,0.5796452,False,False,0,OK,train
2026-09-17 21:43:41.137480+00:00,-0.041813855205107116,-0.12024018490980806,0.14674018419045717,-0.3532613155087003,9.59905410307654,0.017172537094027406,23,81,2.380294355677013,False,37.93871847066171,False,0.392706417878201,False,0.766878,False,False,0,OK,train
2026-09-17 21:48:53.247720+00:00,-0.051289023109822356,-0.1078059735891691,-0.31471810084774515,-0.24254062721486241,9.603296498825896,0.016488762436705245,27,81,2.5517528681489154,False,37.23064255950314,False,0.39883171656786254,False,0.7072344,False,False,0,OK,train
2026-09-17 21:53:45.298815+00:00,-0.038512657750694304,-0.11775415335587679,-0.5296871166020911,0.34032605117353004,9.600580775262731,0.014995747696583597,28,81,2.647897161863539,False,36.57921191331245,False,0.40569675751046147,False,0.5272112,False,False,0,OK,train
2026-09-17 21:58:47.683573+00:00,-0.03282530381952646,-0.10351716967535692,0.17761634267557055,-1.9274579742235003,9.601226704611928,0.01626913946494546,29,81,3.3558246700668692,False,35.96531297815841,False,0.455660137357487,False,0.7245788,False,False,0,OK,train
2026-09-17 22:03:49.767172+00:00,-0.05094162406424415,-0.1210489121324143,0.01647820430508692,-0.5279888503743887,9.601688898531634,0.01440968038815883,24,81,2.699943771205192,False,35.3241009143004,False,0.3967673669268623,False,0.8621791,False,False,0,OK,train
2026-09-17 22:08:41.612215+00:00,-0.0409999845620936,-0.1273442146103058,0.24683528413905928,-1.701264073303398,9.605038498371012,0.014395215254459467,30,81,3.370955275349963,False,34.73258117785568,False,0.4483968415445187,False,0.6091939,False,False,0,OK,train
2026-09-17 22:18:45.893334+00:00,-0.050452873533621274,-0.12678414448431938,-0.30470694056608877,-0.8256876768522817,9.601797295573162,0.015365446260213552,28,81,2.9030429594462084,False,34.160927266263236,False,0.411381371096427,False,0.5934434,False,False,0,OK,train
2026-09-17 22:23:48.167724+00:00,-0.05148730179498309,-0.1421908341827144,-0.42625642302323963,-0.09689082607959797,9.599053469937646,0.011791928882793248,22,81,3.61905601940011,False,33.60964680170744,False,0.45239540614174795,False,0.54612696,False,False,0,OK,train
2026-09-18 04:44:13.243253+00:00,-0.06724869906873217,-0.10887857792222742,0.3822789625686903,0.11241219705781508,9.605845326415373,0.014581496062984846,27,82,3.9908372035534287,False,34.56770463253623,False,0.4297380804329916,False,0.66679794,False,False,0,OK,train
2026-09-18 04:49:15.518011+00:00,-0.06246554973001866,-0.10219556288988274,-0.095622831837868,-1.1392735675081302,9.611808456020482,0.016360521589077387,30,82,4.224480194582944,False,35.546171048025606,False,0.4410329348315737,False,0.865845,False,False,0,OK,train
2026-09-18 04:54:17.617354+00:00,-0.08761114060935558,-0.11553586762742392,-0.05328963394153505,-0.298514044911502,9.60565708334384,0.012893047652303117,29,82,4.225710549515073,False,36.4626504038951,False,0.43719990117512886,False,0.61482716,False,False,0,OK,train
2026-09-18 04:59:19.697652+00:00,-0.05957026520378354,-0.10184595840714551,-0.22442371698978067,-0.3828832553657956,9.607346705875486,0.01739927698143845,29,82,4.009384599188888,False,37.46209486294686,False,0.43037416512031135,False,0.9214682,False,False,0,OK,train
2026-09-18 05:04:22.084210+00:00,-0.06859710847742428,-0.023384675137607207,-0.49190978212082204,-1.3864325919402531,9.609061516316302,0.01766352173265569,25,82,4.675209999876733,False,38.44257480122489,False,0.46756832845287527,False,0.9407781,False,False,0,OK,train
2026-09-18 05:09:24.911882+00:00,-0.05844689367332535,-0.11483160453166943,-0.3703083085651266,0.40607431646050696,9.605144382472858,0.01334435587236767,23,82,4.048989292519984,False,39.45600827854354,False,0.44270139401729486,False,0.6086292,False,False,0,OK,train
2026-09-18 05:14:16.111533+00:00,-0.06676483562781697,-0.10693086829278722,0.4757806795200907,-0.3271572276446573,9.606597526600273,0.010196962887359936,27,82,5.089389490156766,False,40.45133720365075,False,0.4990407423518841,False,0.46348584,False,False,0,OK,train
2026-09-18 05:24:30.839224+00:00,-0.06305781757120696,-0.13612611310550157,0.2943487570213547,0.9972584125353767,9.602091193524904,0.01586984095231746,27,82,3.7649133846867184,False,41.46447143094816,False,0.4408658495362764,False,0.7181585,False,False,0,OK,train
2026-09-18 05:29:13.374510+00:00,-0.0585968987722209,-0.09417247452094761,0.3297343367876934,1.382929983630978,9.60880921916983,0.01712373657646227,29,82,4.090916395547321,False,42.4928213948972,True,0.4648664216093445,False,0.9890819,False,False,1,OK,train
2026-09-18 05:34:15.023603+00:00,-0.046853948998385825,-0.08560903386452741,0.039666842616333596,-0.4926379740850873,9.607971120949152,0.017535423634608457,29,82,3.818078859916697,False,43.55575806217642,True,0.4322796319887861,False,0.7689094,False,False,1,WATCH,train
2026-09-18 05:39:17.833649+00:00,-0.08309604297709584,-0.0672775410627584,-0.7381963486692091,-1.372821942183527,9.607814857679012,0.01641303613296581,28,82,4.526909926147122,False,44.52147519559166,True,0.4596118673556628,False,1.2250819,False,False,1,WATCH,train
2026-09-18 05:44:19.698215+00:00,-0.10191401321060613,-0.131323000358234,-0.751633753760686,-1.2416552801936755,9.607826646615093,0.016978377605721035,28,82,4.399044844560132,False,45.437084077066565,True,0.4551961981682803,False,0.7683458,False,False,1,WATCH,train
2026-09-18 05:49:21.583098+00:00,-0.10525170630167041,-0.08945235687843155,0.2792801718820819,1.1075811804965612,9.60735561156644,0.01567354231360486,29,82,3.9233026517126524,False,46.34437819409339,True,0.4394321997806283,False,0.7954648,False,False,1,WATCH,train
2026-09-18 05:54:13.732673+00:00,-0.09065842523168102,-0.05904233037367381,0.1403853230805195,0.7209612510007074,9.603368615143012,0.015693980387657038,28,82,3.745935437082236,False,47.29185421520584,True,0.424542680814127,False,0.7546358,False,False,1,WATCH,train
2026-09-18 05:59:16.252901+00:00,-0.09166647380122044,-0.10820348481923425,0.3963569204283989,-1.284989846982907,9.60613906241959,0.018260339536821324,25,82,4.133026588221429,False,48.23628534524572,True,0.4465107575498617,False,1.0218868,False,False,1,WATCH,train
2026-09-18 06:04:18.309182+00:00,-0.09864853585070762,-0.09486053321395467,0.365165436124266,0.25622972565295965,9.615817865286715,0.018567444627627157,20,82,3.969262396710203,False,49.16077922073961,True,0.43950973002927335,False,1.1941172,False,False,1,WATCH,train
2026-09-18 06:09:21.015509+00:00,-0.0982971736600186,-0.08253911159401373,-0.18995954412962326,0.3602324481267394,9.605547167188373,0.011571008093491144,29,82,4.301564882663238,False,50.084844675168306,True,0.46479158734437936,False,0.5961096,False,False,1,WATCH,train
2026-09-18 06:14:22.777924+00:00,-0.07862004060452009,-0.08792466601719287,0.6518776968327112,-1.569677618717503,9.60892924183687,0.016413718374933602,27,82,4.164626473509084,False,51.06079473724593,True,0.4693364237169009,False,0.8554618,False,False,1,WATCH,train
2026-09-18 06:19:15.034775+00:00,-0.0997087049910998,-0.0389297781891776,-0.8396215310336251,-0.5827737176785163,9.60990662603683,0.016871903203758722,29,82,4.241965328068917,False,51.976570541823875,True,0.45498033511811653,False,0.86140513,False,False,1,WATCH,train
2026-09-18 06:24:17.123709+00:00,-0.10889942772265566,-0.017120189558944943,-0.21962362290457133,0.8821788695598094,9.605296216290059,0.015596146829212896,28,82,3.778047759276383,False,52.8641693464173,True,0.42701009640147647,False,0.8827758,False,False,1,WATCH,train
2026-09-18 06:29:19.508361+00:00,-0.08535755220900756,-0.016169631853097492,0.12824292498634926,-0.7873930163346186,9.60650580279969,0.01515353521887304,27,82,3.675307899798175,False,53.812580398435834,True,0.41710814503383203,False,0.6271926,False,False,1,WATCH,train
2026-09-18 06:34:22.407661+00:00,-0.0535042678526189,-0.08703484374771131,0.15436217480382775,-0.23466095952968824,9.609599671245117,0.015988161300635805,26,82,3.2844910507404794,False,54.84399360354987,True,0.4167817930297714,False,0.8443582,False,False,1,WATCH,train
2026-09-18 06:39:14.152987+00:00,-0.07906473961374237,-0.05741256542303718,0.438856307347307,-0.7247779858251016,9.604596936886804,0.01669045920792562,28,82,3.5666921041101283,False,55.80081803053631,True,0.4258783967120033,False,0.73987204,False,False,1,WATCH,train
2026-09-18 06:44:16.653558+00:00,-0.06400311471359055,-0.015171361586498486,1.0823351125414131,-0.0454727939504078,9.609459491297642,0.015603789952109695,23,82,4.029174086404292,False,56.79362953678139,True,0.46660555004194365,False,0.85420936,False,False,1,WATCH,train
2026-09-18 06:50:08.794212+00:00,-0.04695447222412565,-0.07719874629328143,-0.4237441759839216,0.9606565642602104,9.604213296532881,0.017240134054647683,24,82,3.470428594340213,False,57.82611072162414,True,0.4444765825610897,False,1.1580867,False,False,1,WATCH,train
2026-09-18 06:54:20.504965+00:00,-0.07703818922404146,-0.037281269284485365,0.27665241208657604,-1.1131154326591444,9.607673003482333,0.01874914964058099,28,82,3.8431961470825526,False,58.771230363136205,True,0.4362140361390991,False,0.92292595,False,False,1,WATCH,train
2026-09-18 06:59:22.811681+00:00,-0.056161523704208585,-0.043374890908874794,-0.4964552751862011,2.0127964270098135,9.606823974549455,0.017243011006533315,28,82,4.057223233869708,False,59.76663717964027,True,0.4941297325657106,False,0.68667436,False,False,1,WATCH,train
2026-09-18 07:04:15.142801+00:00,-0.05740012376907631,-0.039488639340847335,0.1630696520067147,-0.9024048038925241,9.598579019190447,0.015511401178793688,27,82,3.2232621013393676,False,60.75130843409677,True,0.41795885280523715,False,0.61092675,False,False,1,WATCH,train
2026-09-18 07:09:17.444086+00:00,-0.06320373584440447,-0.019900519279834616,-0.1323184621643114,-0.7600775542189813,9.606573224272838,0.019571407716360106,25,82,3.734993690495731,False,61.7122313656229,True,0.43846200552423836,False,0.87758815,False,False,1,WATCH,train
2026-09-18 07:14:19.616271+00:00,-0.039102266932535705,-0.03570478246243158,-0.3379161157058772,0.05138487354090892,9.603680592671413,0.013683745757620023,28,82,3.199446114522745,False,62.730685501388365,True,0.42509801847699613,False,0.66048884,False,False,1,WATCH,train
2026-09-18 07:19:21.916163+00:00,-0.0739619974053831,-0.002049578858527661,0.02180413910961859,-1.9145770481778879,9.609390194173121,0.015405401289446787,24,82,3.869921555853085,False,63.64487199419939,True,0.4647537701994827,False,0.8294575,False,False,1,WATCH,train
2026-09-18 07:24:14.491325+00:00,-0.03343598918107917,-0.06190478078482884,0.21288899946071016,-0.15564331791908198,9.61018764825428,0.015026268722296898,27,82,2.87619129060941,False,64.66048514472587,True,0.41544168586664937,False,0.9044308,False,False,1,WATCH,train
2026-09-18 07:29:16.131887+00:00,-0.056847308400615935,-0.03902768277058287,-0.4094981504831295,0.8074349286719226,9.603491322181554,0.012688577540449516,20,82,3.4862830605555124,False,65.60212327147366,True,0.45452240787309484,False,0.56473416,False,False,1,WATCH,train
2026-09-18 07:34:19.572386+00:00,-0.04763240434156627,-0.04764141124432134,0.26732286828601487,0.7831311178761626,9.605065217473259,0.01593389120362283,30,82,2.9320774610481517,False,66.55852669300214,True,0.422899197224273,False,0.7602453,False,False,1,WATCH,train
2026-09-18 07:39:20.837385+00:00,-0.05913587781902893,-0.04430571215553835,0.02713688754272866,-1.4238900661390164,9.602763943620955,0.015398009352942157,29,82,3.2102672743235803,False,67.47252334874716,True,0.4267130233524698,False,0.62259144,False,False,1,WATCH,train
2026-09-18 07:44:23.617200+00:00,-0.06386604564879034,-0.06905336204458332,-0.13857450885610897,-0.07338073088646481,9.604955424393658,0.011441903677418099,26,82,3.5692991667554375,False,68.3621463764618,True,0.4544418682026697,False,0.44779533,False,False,1,WATCH,train
2026-09-18 07:49:14.640727+00:00,-0.06553665762021275,-0.02107668338445871,-0.18993176809010545,-0.3607430462679095,9.611512263477557,0.022800379661815764,29,82,4.154495555363899,False,69.23527586762077,True,0.4689737634882151,False,1.3332629,False,False,1,WATCH,train
2026-09-18 07:54:17.671683+00:00,-0.04868208213761049,-0.019757635076377178,0.10286137443763085,-0.3234674130206011,9.603183102456269,0.01448275862068966,29,82,2.6944575458230453,False,70.14210185049643,True,0.40928794807734925,False,0.5676276,False,False,1,WATCH,train
2026-09-18 07:59:19.750894+00:00,-0.05741026524863905,-0.03840504578161242,-0.26519410080654837,-2.0808285226511396,9.605100641561728,0.01604760138475785,28,82,3.6342582728108255,False,71.01216860047984,True,0.47944046010142877,False,0.7882985,False,False,1,WATCH,train
2026-09-18 08:04:31.561152+00:00,-0.034264707837398135,-0.09415822915408219,-0.564461858783873,0.021415272754185893,9.602362087260557,0.013917254983745148,27,82,2.7742408150497906,False,71.93219144676361,True,0.4236783119921844,False,0.60832864,False,False,1,WATCH,train
2026-09-18 08:09:14.146977+00:00,-0.05231382669882638,-0.03371973278239704,0.4787663228028844,0.4085316180105592,9.608622981330369,0.013636229154796809,26,82,2.875880654635068,False,72.78902274493616,True,0.4307506847832875,False,0.49110195,False,False,1,WATCH,train
2026-09-18 08:19:18.554184+00:00,-0.05598109633236584,-0.06528666935561833,-0.4924181575134343,0.5928200245915878,9.60435980103367,0.01586050300449377,30,82,2.630282530769458,False,73.60681365853758,True,0.41602657312515523,False,0.7922336,False,False,1,WATCH,train
2026-09-18 08:24:21.234287+00:00,-0.05442202962809809,-0.04757006468886149,0.027901252439771648,-0.8573651202521366,9.600546815102586,0.013913269656435743,29,82,2.5910467933631245,False,74.41369445708288,True,0.4137992107394166,False,0.9789855,False,False,1,WATCH,train
2026-09-18 08:29:22.704201+00:00,-0.04592645943807463,-0.03858462639580163,-0.14872835034848703,-2.125389995545649,9.60396286324086,0.015336107557197992,29,82,3.367114656628848,False,75.22820180344037,True,0.4759119200631315,False,0.77278113,False,False,1,WATCH,train
2026-09-18 08:34:15.059490+00:00,-0.059828306353927836,-0.0729709481837574,0.08649128242979214,1.0921675101647503,9.607325016484689,0.014540116305040022,29,82,2.538761902132414,False,75.98864059435762,True,0.4230064787193449,False,0.5880716,False,False,1,WATCH,train
2026-09-18 08:39:17.258322+00:00,-0.04946966092872265,-0.07266597134654756,0.830209291417481,-0.5543412360481953,9.607845282897664,0.01584999123729167,30,82,2.8034442005105262,False,76.76095011907516,True,0.44102077935271944,False,0.8052048,False,False,1,WATCH,train
2026-09-18 08:44:19.853969+00:00,-0.06028711405939593,-0.06425557582898785,-0.5844279862535412,0.06747723861838363,9.606808621109357,0.014224392195567927,30,82,2.5567304594602858,False,77.4867915064085,True,0.42089549759002143,False,0.8662142,False,False,1,WATCH,train
2026-09-18 08:49:21.933273+00:00,-0.050381076598153045,-0.08333796615362771,-0.13834424914250174,-0.598987766710808,9.603568695503322,0.01576832267554163,25,82,2.103540397972588,False,78.2224448978304,True,0.39831615426134925,False,0.6539514,False,False,1,WATCH,train
2026-09-18 08:59:16.153310+00:00,-0.06291396218614057,-0.042422029037916364,-0.05696805442488549,0.6579930644448622,9.611817645377414,0.013940349110884327,30,82,2.3281518343648324,False,78.88806091337837,True,0.4113699771169184,False,0.66968757,False,False,1,WATCH,train
2026-09-18 09:04:18.328690+00:00,-0.05582192725427912,-0.06649349867016731,0.07322250088270453,2.232707045128605,9.607370893183035,0.01802467444612771,30,82,3.382359114275241,False,79.55462273375724,True,0.4753597144873055,False,1.0238703,False,False,1,WATCH,train
2026-09-18 09:09:20.630228+00:00,-0.0688160268466948,-0.0787629653731038,0.885947777693772,-0.5920134787019472,9.603124324197237,0.017413277182145314,30,82,2.824593410297442,False,80.16681500553835,True,0.4462647274199305,False,0.74502754,False,False,1,WATCH,train
2026-09-18 09:14:23.143731+00:00,-0.06151337287933597,-0.09680756010105117,-0.18194336165557443,-0.38027721719874735,9.60162841046562,0.01255091670771828,28,82,2.3895364471897422,False,80.77979357262247,True,0.41280555062262314,False,0.43429625,False,False,1,WATCH,train
2026-09-18 09:19:14.878435+00:00,-0.060415424258469776,-0.10044314030962741,0.875083738608787,-1.3947283396490724,9.60911545553083,0.013417294109202574,29,82,3.1155179853387134,False,81.37623205283529,True,0.4668610602245346,False,0.75108474,False,False,1,WATCH,train
2026-09-18 09:24:17.153658+00:00,-0.06190062708440459,-0.07912347078133694,0.07444016452764358,-0.17819426409771386,9.607298832005009,0.01603355577594853,29,82,1.7155022560109767,False,81.94871966415519,True,0.3900118955112411,False,0.75094956,False,False,1,WATCH,train
2026-09-18 09:29:19.328965+00:00,-0.04490840098692615,-0.04154971779768108,-0.23760583875804894,0.8821018896980535,9.611215264254144,0.016210564515231948,29,82,2.1026671626083964,False,82.54746362044897,True,0.40598367765567484,False,0.54577637,False,False,1,WATCH,train
2026-09-18 09:34:22.234199+00:00,-0.04564789084034046,-0.10267515015457943,-0.30322552132343855,-0.877103109426445,9.609494772170523,0.015734116615930816,29,82,2.0025264627252053,False,83.12363526568829,True,0.4033016975666206,False,0.68345046,False,False,1,WATCH,train
2026-09-18 09:39:14.077822+00:00,-0.06362502290813218,-0.07007096233333096,-0.39739416286432305,-0.9574423093835983,9.606303305255143,0.016000000000000014,20,82,2.1280858192537844,False,83.62976719996796,True,0.4103310561480017,False,0.6487876,False,False,1,WATCH,train
2026-09-18 09:44:16.073680+00:00,-0.06587993456517012,-0.06536638880794958,-0.005852700556227085,0.3750510109586228,9.604545329353353,0.013085190950926733,30,82,1.9915185149084575,False,84.10855945258646,True,0.40493998236624923,False,0.57487,False,False,1,WATCH,train
2026-09-18 09:49:17.934500+00:00,-0.056809952042166004,-0.07344889103453503,0.7634490924536822,0.28298036458847664,9.60866031580703,0.017937664556744778,29,82,2.5317766791651617,False,84.59069380462726,True,0.43235963792686377,False,0.94462204,False,False,1,WATCH,train
2026-09-18 09:54:20.227481+00:00,-0.057180373470738066,-0.06386918843348058,-0.14308879602629523,0.24879547815744527,9.605290959865181,0.014466328940277964,29,82,1.5221161211519558,False,85.05006143136941,True,0.39264190515378566,False,0.6059525,False,False,1,WATCH,train
2026-09-18 09:59:22.713376+00:00,-0.042538859918595226,-0.09393019552537328,0.15499787863563438,-0.5882920348641533,9.60814212522838,0.01791112953547664,29,82,1.9346992463353736,False,85.52745011445097,True,0.3988802196864244,False,1.079735,False,False,1,WATCH,train
2026-09-18 10:04:14.453262+00:00,-0.045711267046594846,-0.10606284732785329,-0.10271513401716748,2.1636894609542585,9.608793555812513,0.020240896164721092,28,82,3.510160509831158,False,85.97386718071378,True,0.4893558589935822,False,1.0507832,False,False,1,WATCH,train
2026-09-18 10:09:16.953425+00:00,-0.04742956016422347,-0.10897554046242341,-0.6565397750630227,-0.3019695967423357,9.609808194967302,0.016203227757890674,29,82,1.987811273383514,False,86.39303581786415,True,0.4082832428594643,False,0.693583,False,False,1,WATCH,train
2026-09-18 10:14:18.928994+00:00,-0.0450816818660014,-0.0818066288473824,0.2516036060017524,0.8298937248686327,9.606886180355456,0.016762902432430494,28,82,1.770124093412888,False,86.79583489507564,True,0.40097614033153894,False,0.9164989,False,False,1,WATCH,train
2026-09-18 10:19:21.730657+00:00,-0.06045685608595972,-0.08968340074984643,-0.8370950698549399,-0.10843477272150964,9.610551257133649,0.011224972160321586,20,82,3.319126089318232,False,87.13355248759224,True,0.4828690212917493,False,0.429992,False,False,1,WATCH,train
2026-09-18 10:24:23.200072+00:00,-0.0617390409899359,-0.07997843985974293,-0.2250027792053108,0.3944830640546786,9.607595119126596,0.0154027561806056,28,82,1.3124141065944386,False,87.44451635166003,True,0.3872681066852076,False,0.60711473,False,False,1,WATCH,train
2026-09-18 10:29:15.271857+00:00,-0.050615787637116806,-0.10513731076840395,-0.10701072368275219,0.3237426146880845,9.605389166887377,0.01605578858872114,29,82,1.1536711467001985,False,87.76244922700789,True,0.38642082469107175,False,0.60406905,False,False,1,WATCH,train
2026-09-18 10:34:17.338207+00:00,-0.06750685016170789,-0.11228560825665197,0.47378144593293126,-0.4241928118432101,9.607733120932172,0.014225966444645717,29,82,1.6193190900940553,False,88.0105219381137,True,0.4007301057023599,False,0.74293447,False,False,1,WATCH,train
2026-09-18 10:39:19.730875+00:00,-0.06835879642777391,-0.08218440713630581,-0.037094385973885785,0.6012659304389825,9.609830194742461,0.01562795750844782,29,82,1.2874489855578721,False,88.23241911093479,True,0.3875626810930127,False,0.77140135,False,False,1,WATCH,train
2026-09-18 10:44:21.801647+00:00,-0.05949866062826318,-0.10276212568056371,-0.12379273047503322,-1.1866392558996584,9.604549054789118,0.014482758620689486,29,82,1.7065150480965168,False,88.45452992576169,True,0.402683772921543,False,1.0275214,False,False,1,WATCH,train
2026-09-18 10:49:13.846098+00:00,-0.05126538376254413,-0.11289659122333415,-0.5372773035900509,-2.0412161600918064,9.609904671731124,0.01858172791332654,28,82,3.1850609547582276,False,88.67497414232679,True,0.4768890773216192,False,0.75441366,False,False,1,WATCH,train
2026-09-18 10:54:16.051595+00:00,-0.048309507657586535,-0.11646251631637526,0.18442434494070756,-0.2435881259134567,9.607995387749622,0.012817398889232843,28,82,1.7327765955872572,False,88.87916206865692,True,0.40048871173647377,False,0.6585924,False,False,1,WATCH,train
2026-09-18 10:59:18.016640+00:00,-0.04408410991485168,-0.12499017338820653,-0.026623019427339828,2.4427505021832183,9.608525994940866,0.02056861143725069,29,82,3.726916257767087,False,89.07042386890868,True,0.5029273594615732,False,1.0929012,False,False,1,WATCH,train
2026-09-18 11:09:22.386357+00:00,-0.03351799537611501,-0.09148578524709235,0.32302880577517434,0.7918217622565623,9.614970078557038,0.015000000000000015,26,82,1.6436491695046591,False,89.24123892628528,True,0.40189144456119796,False,0.6613412,False,False,1,WATCH,train
2026-09-18 11:14:14.336969+00:00,-0.038671215686308845,-0.0671388039264252,0.11796196408018915,0.027627858168667255,9.609038142212112,0.016478942792411046,30,82,1.0921885049366904,False,89.3731166560608,True,0.38488255115004116,False,0.7938207,False,False,1,WATCH,train
2026-09-18 11:19:17.742086+00:00,-0.03568515843887146,-0.07794787411441849,-0.6119337153505112,-0.5178113049142167,9.6060782788761,0.014624940645653547,24,82,1.6944411537133983,False,89.48822552681156,True,0.4068514492902324,False,1.1276487,False,False,1,WATCH,train
2026-09-18 11:24:20.871966+00:00,-0.057553417054479965,-0.07308516988944086,-0.1969166141328424,0.6432587054537613,9.610555628741974,0.022498285257018455,27,82,3.1686967165973297,False,89.51849611108385,True,0.4525301598604622,False,1.0169326,False,False,1,WATCH,train
2026-09-18 11:29:20.882136+00:00,-0.04301048799616156,-0.07254293214488258,-0.002832582439178309,0.7244535873601842,9.609136039960184,0.014487116456005898,27,82,1.2988054271708533,False,89.56345485687102,True,0.3896141313261544,False,0.91424394,False,False,1,WATCH,train
2026-09-18 11:34:22.656613+00:00,-0.03206882275573434,-0.10719024085168682,0.8769695102996755,-0.3340206663279786,9.605592045396223,0.01992424215198192,23,82,2.9463056072789695,False,89.61319119946035,True,0.4578369253566095,False,0.76569706,False,False,1,WATCH,train
2026-09-18 11:39:14.917011+00:00,-0.03660024141648314,-0.10515187838905951,0.18735052759968632,-0.40834053842369317,9.606454292992234,0.017999433097648804,28,82,1.5878610038148095,False,89.62533269617707,True,0.3951743235883933,False,0.7052249,False,False,1,WATCH,train
2026-09-18 11:44:16.992311+00:00,-0.07667360590689395,-0.07699822231063541,0.31489997833987426,-0.40167011728693236,9.603725682057647,0.013915846853526162,21,82,1.2810016598557692,False,89.5026230871588,True,0.39190856344652486,False,0.91261905,False,False,1,WATCH,train
2026-09-18 11:49:49.601345+00:00,-0.04783024731269407,-0.13042401545203736,0.45530456469655206,0.8778612470641087,9.605197731968744,0.013499282344573947,23,82,1.9444372614425265,False,89.43355148252681,True,0.41081693033609407,False,0.6127341,False,False,1,WATCH,train
2026-09-18 11:54:22.512913+00:00,-0.05248372072159446,-0.05202087490763548,0.39823213297901483,0.2969720430229165,9.61056144885311,0.013072431633367802,23,82,1.8036030332306223,False,89.32647980313735,True,0.4070980212640822,False,0.58729124,False,False,1,WATCH,train
2026-09-18 11:59:13.411676+00:00,-0.05500013952619234,-0.078628987013641,-1.0179901210878401,0.33354983900845764,9.60781401648156,0.015634719199411447,27,82,2.3035893301035237,False,89.18725394722632,True,0.4298517443403511,False,0.52260834,False,False,1,WATCH,train
2026-09-18 12:04:16.117726+00:00,-0.03876112140460278,-0.04616290804804346,0.8563002369318924,1.439620036983387,9.610436382308128,0.012297953871334906,22,82,3.2224726220982096,False,89.06718930481031,True,0.48368300984665974,False,0.7230178,False,False,1,WATCH,train
2026-09-18 12:09:27.931090+00:00,-0.03422953879224589,-0.1401127363213883,0.15329265808494238,-0.5834370705824298,9.610169037808443,0.013851494696437788,26,82,1.438361799870268,False,88.93428598731224,True,0.4009382809067695,False,0.56465805,False,False,1,WATCH,train
2026-09-18 12:14:20.279186+00:00,-0.02702420775905079,-0.08449979214895763,0.9014246517123817,-1.623980038900283,9.611150217661715,0.016694879702006327,22,82,2.911139645541003,False,88.79589400979906,True,0.47368935633329745,False,1.0418972,False,False,1,WATCH,train
2026-09-18 13:35:47.377297+00:00,-0.04995722591078818,-0.06502185952203353,0.19554415639692677,1.1380996125399458,9.608613442317454,0.0172916164657906,20,83,1.9826494035057711,False,88.20163607623032,True,0.40571545000007564,False,0.76109535,False,False,1,WATCH,train
2026-09-18 13:40:50.693984+00:00,-0.052400747422837714,-0.05516347392642834,-0.16235211984044765,0.7743276200066456,9.61381581635595,0.013379088160259664,20,83,1.897872913050582,False,87.5779605052655,True,0.4078993264295894,False,0.5237306,False,False,1,WATCH,train
2026-09-18 13:45:42.256288+00:00,-0.05251534153984723,-0.1029011779746045,-0.310265314756047,0.7053302157506588,9.609612004648197,0.016564424689353284,22,83,1.6148399814495555,False,86.93148402217066,True,0.3896349147752502,False,0.5997585,False,False,1,WATCH,train
2026-09-18 14:00:48.293318+00:00,-0.0637116656282597,-0.07230063809802932,-0.30554717519526087,-0.6069483851493079,9.60923975721691,0.01381760746267019,23,83,1.7023001958011619,False,86.18850292060131,True,0.39835348975893603,False,0.58321244,False,False,1,WATCH,train
2026-09-18 14:05:52.413542+00:00,-0.046128733963192864,-0.09925097329095442,0.7716040969611445,-0.34873872160378594,9.611661122611059,0.016045775728039956,23,83,2.2227887971874005,False,85.47222097668478,True,0.4145425615138186,False,0.80953336,False,False,1,WATCH,train
2026-09-18 14:10:43.631827+00:00,-0.059023670343735735,-0.09527757024734393,-0.18185776877713863,0.8206025153214903,9.605086293336724,0.01566977466763422,27,83,1.5024662022559887,False,84.69956835419484,True,0.39014738575783037,False,0.73272866,False,False,1,WATCH,train
2026-09-18 14:25:40.652082+00:00,-0.05361522342140665,-0.0713869020198052,-0.46371306117729716,0.2051799421352501,9.612284517211513,0.01774474663267559,22,83,1.891218462555234,False,83.88030574446628,True,0.40390526376053953,False,0.78485197,False,False,1,WATCH,train
2026-09-18 14:51:08.461072+00:00,-0.05184971370955859,-0.13924976581438267,0.18537589302894011,-0.6085375503633842,9.617908600528976,0.014565713164826515,25,84,1.8592954753672517,False,82.96678246982245,True,0.40666870205813743,False,0.76166546,False,False,1,WATCH,train
2026-09-18 14:56:11.292087+00:00,-0.03828227144367729,-0.0908994216668171,0.01706481135294428,1.0286611799855687,9.606714203596155,0.01698321972024493,22,84,1.9197637010011868,False,82.07247027144771,True,0.3978306229066349,False,0.7204646,False,False,1,WATCH,train
2026-09-18 15:01:23.197393+00:00,-0.052364925957256725,-0.05543702164641648,-0.4706306624535142,0.4659610219566229,9.606473210725152,0.014294713812287639,22,84,1.7640152368660311,False,81.12212926855631,True,0.3937971478108354,False,0.6005033,False,False,1,WATCH,train
2026-09-18 15:06:27.028999+00:00,-0.0412615653238191,-0.13203276396175848,-0.04725282515228005,-1.2307944218451152,9.611719499463746,0.015033296378372921,20,84,2.0487891123832305,False,80.185054354942,True,0.4050182217716041,False,0.59598815,False,False,1,WATCH,train
2026-09-18 15:11:17.634107+00:00,-0.056470185346290086,-0.09117879776886138,1.0823420191706108,-0.027842355112701913,9.60449903294527,0.016372322072837172,23,84,2.790626414153318,False,79.18968236974919,True,0.44162276550184754,False,0.7798346,False,False,1,WATCH,train
2026-09-18 15:16:10.841745+00:00,-0.041738642525731874,-0.07368557881006971,0.3682775952848445,-2.507975181101941,9.609169836558875,0.02102950308495188,25,84,4.040803025751694,False,78.21832865885142,True,0.5136900055681676,False,1.06204,False,False,1,WATCH,train
2026-09-18 15:26:14.471898+00:00,-0.04461966842250264,-0.05873512827598654,-0.16736078513610278,0.01240832885138914,9.614282260075344,0.015173850753578405,23,84,1.5127316313494716,False,77.20782264683358,True,0.38702189911414275,False,0.79022956,False,False,1,WATCH,train
2026-09-18 15:31:16.551806+00:00,-0.03461334876570669,-0.06640945057347877,-0.42559166897534223,-0.7857342343864494,9.60909705682209,0.015051910177781437,25,84,1.8681071017119208,False,76.20970888780434,True,0.39733581795796075,False,0.58506703,False,False,1,WATCH,train
2026-09-18 15:36:18.220646+00:00,-0.03588129910645493,-0.070298591002393,0.05625986259607778,-0.3572411894702887,9.604328487167988,0.01666981696754855,23,84,1.4640201185571784,False,75.1935956659338,True,0.38360258672818687,False,1.0642146,False,False,1,WATCH,train
2026-09-18 15:41:10.377965+00:00,-0.04468610501276006,-0.10051640565019451,0.15152496545168698,2.090992440810505,9.608883060703253,0.01681785469928882,26,84,2.9145613397946195,False,74.13932140169207,True,0.4616466291621971,False,0.77139366,False,False,1,WATCH,train
2026-09-18 15:46:12.871380+00:00,-0.011871646736356618,-0.04057426656760644,-1.1201449327895205,0.4542301635447844,9.609965366109607,0.01301620096661459,22,84,3.1062553630397787,False,73.16119150820184,True,0.4645462941236912,False,0.7010467,False,False,1,WATCH,train
2026-09-18 15:51:15.077838+00:00,-0.06684401031406281,-0.08116253771773414,-0.16180115628903657,-0.5176137702799307,9.607925028198464,0.015761900266148127,24,84,1.51293925434413,False,72.01954404344464,True,0.38706468711424363,False,1.0761737,False,False,1,WATCH,train
2026-09-18 15:56:18.034454+00:00,-0.042992736723336505,-0.026704969186808484,-0.08013579118769969,-2.001831382189886,9.605837348238115,0.014705682195902417,23,84,2.6746688669299394,False,70.93046497311138,True,0.4478549317419563,False,0.643081,False,False,1,WATCH,train
2026-09-18 16:01:09.683334+00:00,-0.05448247071447741,-0.09629607099780159,0.3907345473976607,0.7447585873617918,9.61097777140881,0.014367575340746367,23,84,2.0740448083206395,False,69.79776347730352,True,0.41345021221321965,False,0.6318465,False,False,1,WATCH,train
2026-09-18 16:06:42.090376+00:00,-0.042325782253032046,-0.08082743799890928,-0.3877495128309782,-0.12635106856964554,9.610796636077904,0.015124483462254014,20,84,1.661825237532354,False,68.68660712737037,True,0.39389168972784927,False,0.60059875,False,False,1,WATCH,train
2026-09-18 16:11:14.392989+00:00,-0.0384888929037365,-0.07633169155532554,0.11227627826783727,1.6774444771589114,9.609212443050598,0.013768411709333954,21,84,2.6391103595754974,False,67.57472954699783,True,0.44373792505281845,False,0.64560676,False,False,1,WATCH,train
2026-09-18 16:16:16.051809+00:00,-0.04182657125509462,-0.09836373097084318,-0.2846807125126272,0.9701119949758031,9.607326454832325,0.015396007178390033,27,84,1.8633018807095645,False,66.44300233273037,True,0.40290431976802465,False,0.5235292,False,False,1,WATCH,train
2026-09-18 16:21:18.526708+00:00,-0.044957197690466535,-0.10173494498989628,0.32870649463114815,-0.28043789060027075,9.60769987965975,0.018225257199831243,25,84,2.051607956201051,False,65.2924936616967,True,0.40756096340550574,False,0.78557706,False,False,1,WATCH,train
2026-09-18 16:26:20.302786+00:00,-0.027827763174877413,-0.101880048480062,0.3132187895246161,0.09332364040651119,9.609867939635977,0.017672758383707098,24,84,1.944223440638988,False,64.17912902157948,True,0.4043453179446666,False,1.494328,False,False,1,WATCH,train
2026-09-18 16:31:12.458862+00:00,-0.04271296482382913,-0.12443424970897367,0.17671515781065333,-0.6362872782276721,9.606712918532876,0.013716331692622527,28,84,1.9451423592058963,False,63.01584775875641,True,0.413110993224066,False,0.53355503,False,False,1,WATCH,train
2026-09-18 16:36:14.773635+00:00,-0.03905167174840089,-0.07173766274025048,-0.753721761187151,0.41741526807713647,9.616394901009958,0.016169106345126204,25,84,2.2594162707728036,False,61.853897119963335,True,0.4280043860522143,False,0.71999794,False,False,1,WATCH,train
2026-09-18 16:41:16.709590+00:00,-0.035325572266685056,-0.07352772930033118,0.1888374411125045,1.1200683203819282,9.613697601575781,0.019144008346100253,24,84,2.598701554139672,False,60.69397418521323,True,0.44251099650973763,False,1.4532229,False,False,1,WATCH,train
2026-09-18 16:51:10.990952+00:00,-0.04356118418903726,-0.06297281412221366,-0.14675267344660067,-0.020138467164044688,9.612014931149782,0.013980813209403078,23,84,1.756184045804003,False,59.496769379121346,True,0.3998295698836233,False,0.55623037,False,False,1,WATCH,train
2026-09-18 16:56:13.184107+00:00,-0.043125615536879394,-0.030403293157938837,1.189908690949124,-0.30933141132454006,9.614524997121222,0.016029971927611106,25,84,3.1036418952963545,False,58.294173197566415,True,0.4723776342526693,False,0.73402655,False,False,1,WATCH,train
2026-09-18 17:01:15.840652+00:00,-0.05740365343675702,-0.05864754130174106,0.05910193703778101,-1.1080233674916633,9.607671653996743,0.017320508075688787,26,84,2.057620529375072,False,57.046472298985435,True,0.40976885827372644,False,0.7215428,False,False,1,WATCH,train
2026-09-18 17:06:17.908699+00:00,-0.05055607685507993,-0.07726153228112365,0.15612053688369132,-0.8253889562000534,9.613918820772962,0.015331639559995973,26,84,1.8831606462074564,False,55.81198983662519,True,0.41697649965965894,False,0.6789216,False,False,1,WATCH,train
2026-09-18 17:11:09.993859+00:00,-0.04542420901574929,-0.10955526788676766,-0.6034275778036027,0.35387250394330133,9.614230414686263,0.016874931514215635,26,84,2.0772774676061476,False,54.58657206227433,True,0.42176174976474906,False,0.4574035,False,False,1,WATCH,train
2026-09-18 17:16:12.483286+00:00,-0.05029590326804684,-0.0959356462924815,0.5351530700158442,-0.19695510537389696,9.61714784729974,0.0126743836142039,25,84,2.646796740434722,False,53.34339722928861,True,0.4648220505673645,False,0.63390416,False,False,1,WATCH,train
2026-09-18 17:21:14.468734+00:00,-0.048237749595679814,-0.09558911430163934,-0.15540280058358993,-1.54998964609374,9.612867237749372,0.01891134286318371,24,84,2.792971834805548,False,52.1019648823072,True,0.45317199699640315,False,1.2957426,False,False,1,WATCH,train
2026-09-18 17:26:17.142474+00:00,-0.055371535500504,-0.07304823602776689,0.6308533000071771,0.14429080809287917,9.61367244185492,0.014352700094407337,20,84,2.257187134367221,False,50.83767732365738,True,0.4372286944158243,False,0.5010808,False,False,1,WATCH,train
2026-09-18 17:36:11.164254+00:00,-0.05090413003300407,-0.07986286272965916,0.6421013667379313,-1.3895304181541148,9.619932672302847,0.016836599252229228,22,84,2.829755131496397,False,49.580569622896,True,0.46895818713984133,False,0.66908145,False,False,1,WATCH,train
2026-09-18 17:41:23.288227+00:00,-0.03872847825030067,-0.07149233307097068,-0.8393768045076421,0.5637508714839966,9.612055549283589,0.01611004679328263,27,84,2.3513168576827383,False,48.35507075368238,True,0.429937317655931,False,0.7694354,False,False,1,WATCH,train
2026-09-18 17:46:15.533696+00:00,-0.032088046973075525,-0.07975396325912484,-0.5377443850107163,0.44217398167437955,9.61252657732109,0.013181805642627277,25,84,2.364199255671331,False,47.14659030328869,True,0.42946354090013056,False,0.5765507,False,False,1,WATCH,train
2026-09-18 17:51:17.871417+00:00,-0.042146533273051914,-0.1480098498038182,-0.074509879776716,-1.5747897281064918,9.6167348248388,0.013457206556993196,23,84,2.7429366753644673,False,45.91000153546429,True,0.4659694156194178,False,0.4443725,False,False,1,WATCH,train
2026-09-18 17:56:09.374327+00:00,-0.05119336131650609,-0.1013978203942884,-0.031106572358714505,-1.1229498573047627,9.608647833133357,0.01743539662742308,24,84,2.1157628215991773,False,44.648623017174764,True,0.4163868266267264,False,1.0086093,False,False,1,WATCH,train
2026-09-18 18:01:11.569241+00:00,-0.03700810670655056,-0.10832244245352064,0.056468551460049636,0.18779499146695372,9.608951497318268,0.017939097649820532,28,84,1.7770636704335567,False,43.42655447147042,True,0.3965109336580317,False,1.0559548,False,False,1,WATCH,train
2026-09-18 18:06:13.763575+00:00,-0.032585806342559455,-0.10304678899394709,-0.06656638003473447,1.0129451822355213,9.6065780978346,0.014505745987941018,24,84,1.8993510925765706,False,42.217641666546285,True,0.40502126856064413,False,1.1199782,False,False,1,WATCH,train
2026-09-18 18:15:07.473882+00:00,-0.03584308664891106,-0.05520575887558451,0.029882961888818546,0.14674117967628106,9.610871827682754,0.018093092604637845,25,85,1.8475819822520714,False,41.00311232606857,False,0.404672147205865,False,0.7487757,False,False,0,OK,train
2026-09-18 18:20:09.864225+00:00,-0.04532300510776224,-0.09001797574697015,0.05259106891891539,0.920450040752927,9.611343493627873,0.01623149834308401,26,85,1.8602863285143496,False,39.765250497307235,False,0.4112442438041463,False,0.8107655,False,False,0,OK,train
2026-09-18 18:25:22.412996+00:00,-0.045908846925673305,-0.06446719266548126,0.22109847214939915,0.14873456521010475,9.6101498262103,0.014119490075778245,25,85,1.848301246199113,False,38.528932567366695,False,0.40645271391749394,False,0.5387524,False,False,0,OK,train
2026-09-18 18:30:13.999342+00:00,-0.053727497393531894,-0.07982562619573481,-0.023850527811315633,-0.11441390775288719,9.60851630855495,0.014328049611551388,23,85,1.7025046200846803,False,37.27492038901591,False,0.3981198997863925,False,0.56870407,False,False,0,OK,train
2026-09-18 18:35:16.389101+00:00,-0.042123316769037474,-0.0982394879781595,0.04714030567961047,1.194344594076821,9.606955323154912,0.01276569477008452,27,85,2.5814010305512327,False,36.05688715860114,False,0.4375838761485103,False,0.5714893,False,False,0,OK,train
2026-09-18 18:40:08.553917+00:00,-0.02739118989191392,-0.07037035043655468,0.3181493031008227,-1.09737251608068,9.60922651734942,0.01700480041962816,27,85,2.1817920678797194,False,34.88393147764427,False,0.41155169268273006,False,0.6593454,False,False,0,OK,train
2026-09-18 18:45:10.939732+00:00,-0.04754118404861334,-0.012827935099818518,-0.7743039218693571,-0.9295537648853814,9.611261119022068,0.014427741410983993,24,85,2.7061407748580835,False,33.66117798404999,False,0.44869931278040065,False,0.9695809,False,False,0,OK,train
2026-09-18 18:50:12.814279+00:00,-0.05088746083035695,-0.0972331967376746,-1.060291922248486,1.2700628476431732,9.611625874382312,0.012140522651411403,21,85,3.699468953969146,False,32.43512879925888,False,0.5074569694232851,False,0.541145,False,False,0,OK,train
2026-09-18 19:00:17.398764+00:00,-0.04919048871666605,-0.09494935571430237,0.9079506455154867,0.10943258997189587,9.607383495203623,0.014367575340746366,23,85,2.6475767425013745,False,31.227038393238747,False,0.43558828041583797,False,0.86608285,False,False,0,OK,train
2026-09-18 19:05:09.443935+00:00,-0.02402823947400097,-0.09648824293396169,0.3291608984166164,-1.9707504168175982,9.61372620744526,0.017482109216601417,27,85,3.0294537730298425,False,30.09522907718991,False,0.4775626667636813,False,0.78866035,False,False,0,OK,train
2026-09-18 19:10:11.728888+00:00,-0.037129792806997484,-0.0770749299507772,-0.07011224592855858,0.005421745380250197,9.611103345617922,0.01637153660730581,21,85,1.640571467065255,False,28.93556012543033,False,0.39972035801050754,False,0.7231628,False,False,0,OK,train
2026-09-18 19:15:13.708621+00:00,-0.02911586428023481,-0.06995738639182285,-0.42369854114969197,0.11534653007444694,9.604776000680877,0.014135996211406158,24,85,1.9190807378137487,False,27.80631147059237,False,0.3991139867525089,False,1.0307835,False,False,0,OK,train
2026-09-18 19:20:36.063903+00:00,-0.042505019028555316,-0.0879568977199891,0.5745306571220182,0.1011260297754243,9.609523924190482,0.017905443723455657,23,85,2.295808587913402,False,26.64945489084846,False,0.4160340308128626,False,0.65998423,False,False,0,OK,train
2026-09-18 20:33:58.089411+00:00,-0.03905264134530656,-0.11904731306322482,-0.18587856338895575,0.6972056172514212,9.609162790173507,0.01575247586469406,22,87,2.0515531412283714,False,25.6893636199944,False,0.4039184320013554,False,0.89138156,False,False,0,OK,train
2026-09-18 21:11:36.154058+00:00,-0.028008323658753647,-0.07744792099005118,-0.1517832583711146,-1.2544652425550717,9.611883174513942,0.01855310451312207,21,88,3.010972499051379,False,24.894019395947208,False,0.44234113659100427,False,0.77134824,False,False,0,OK,train
2026-09-18 21:21:40.905212+00:00,-0.055335353953972446,-0.099777803206695,-0.11322820068989851,0.11402554869075798,9.613372785915224,0.013883443376914835,20,88,2.663602596735193,False,24.062940007919217,False,0.41878954775298405,False,0.6852666,False,False,0,OK,train
2026-09-18 21:26:43.088787+00:00,-0.04613594809475334,-0.06306332255892638,-0.3463138861434081,0.5868869427734953,9.612063642604223,0.013707724148203872,23,88,2.8945698920814906,False,23.27704802578028,False,0.42331346395617014,False,0.70185924,False,False,0,OK,train
2026-09-18 21:31:34.013322+00:00,-0.029151685174478175,-0.05013443654184009,0.3576258922000999,2.550428700483682,9.614633304905908,0.024027572974367365,21,88,4.997485424196456,False,22.55796953648736,False,0.5674006011694608,False,1.4033886,False,False,0,OK,train
2026-09-18 21:36:36.633288+00:00,-0.023595916732697897,-0.11027902318000249,0.0691251079123574,-1.1089323000502882,9.612201592020206,0.013743685418725546,24,88,2.945812649890669,False,21.87476526762736,False,0.4329873621879931,False,1.0090904,False,False,0,OK,train
2026-09-18 21:41:38.378134+00:00,-0.05831743212473251,-0.11181879555996277,0.43836951874836977,-1.499167324721285,9.609056604574043,0.016326665305566857,25,88,3.2210374381537785,False,21.117573923599508,False,0.4399089953258613,False,0.700964,False,False,0,OK,train
2026-09-18 21:49:22.393343+00:00,-0.04180577580572893,-0.08930613091357435,0.8942238631240338,0.8139195573512499,9.609547923508735,0.01270289873862012,22,89,3.7173389886526573,False,20.439754954694,False,0.47466025186944794,False,0.7345946,False,False,0,OK,train
2026-09-18 21:54:24.873995+00:00,-0.030838189372678994,-0.10569923072411047,-0.037554419173735636,1.5822696781169698,9.614791370629883,0.015098917699291612,23,89,3.0985968404239594,False,19.813689903692588,False,0.45638946382383244,False,0.7099838,False,False,0,OK,train
2026-09-18 21:59:37.814139+00:00,-0.054220437183371745,-0.12085480866698584,-0.09618956953405278,-0.3270205580716606,9.606630882711059,0.01785555548500256,21,89,2.7302711217942854,False,19.145694633159675,False,0.4082040925901096,False,1.008623,False,False,0,OK,train
2026-09-18 22:04:29.014255+00:00,-0.0531874122898705,-0.05672597259160062,0.15292371001129115,-0.058525196155542455,9.616934390619106,0.012688488185213561,21,89,3.4177259353600755,False,18.502818972341554,False,0.44594832954739266,False,0.3911093,False,False,0,OK,train
2026-09-18 22:14:33.833168+00:00,-0.045763022505015453,-0.07235671739661068,-0.41437589341868636,-0.9245941833958251,9.607985247485065,0.012960524935802872,22,89,3.5529043201527193,False,17.925591921355327,False,0.44989675908661614,False,0.6866454,False,False,0,OK,train
2026-09-19 04:14:39.627561+00:00,-0.04840343344649342,-0.09989254873613637,-0.03933133843633629,0.7348439955962799,9.611072894992548,0.01642684601015272,21,91,4.094484348265797,False,18.880344595257743,False,0.43890981015360453,False,0.6996552,False,False,0,OK,train
2026-09-19 04:49:54.206602+00:00,-0.04241098288811652,-0.08357836243671461,0.9818721062740446,0.016442600078230587,9.60871332631339,0.016141164458695196,22,91,4.363279069690588,False,19.91366771925542,False,0.4736329122986921,False,0.8199824,False,False,0,OK,train
2026-09-19 04:57:27.529240+00:00,-0.046868226062370566,-0.025342932506601513,-0.0749928242496282,-0.5751902525275556,9.6151439036244,0.013101321020277706,23,92,4.3796144785416145,False,20.945415950760115,False,0.46667656893928533,False,0.6653407,False,False,0,OK,train
2026-09-19 05:07:31.056480+00:00,-0.008644722935927942,-0.0986314590976087,0.03334283552826815,1.3823517376230345,9.613397740686766,0.016135571045031098,27,92,4.002141142319869,False,22.09306610645795,False,0.47557953208889703,False,0.8636612,False,False,0,OK,train
2026-09-19 05:12:42.976925+00:00,-0.038555980819749584,-0.06675466354397282,1.172691437985054,0.07551564289112031,9.609207019224698,0.01589352593563389,24,92,4.4939550554173495,False,23.163762551606872,False,0.4895815661644622,False,0.9315574,False,False,0,OK,train
2026-09-19 05:17:35.121839+00:00,-0.04386381789536807,-0.06680997452142437,0.045739688843741855,1.076180157095126,9.613010107142385,0.01545962483374032,20,92,3.988490438993544,False,24.22426264087857,False,0.4495038763327621,False,0.6887918,False,False,0,OK,train
2026-09-19 05:22:38.020854+00:00,-0.06125348608356825,-0.09686265857055937,0.5756065815017684,-2.6465536803112144,9.613529436442617,0.01624807680927192,20,92,5.048519928399419,False,25.24097384628009,False,0.527889026484731,False,0.94776314,False,False,0,OK,val
2026-09-19 05:52:51.441260+00:00,-0.011481675028789575,-0.13059774483750572,-0.16199270700613053,0.9524909132151983,9.615680561017708,0.01061838029079766,20,92,4.6313110137026365,False,26.40498838645725,False,0.5143124435222938,False,0.4514028,False,False,0,OK,val
2026-09-19 06:07:27.792271+00:00,-0.03493460183748811,-0.07642336987465845,0.7087497466562568,0.2992082811214321,9.613013211317124,0.016995495900601808,23,92,3.823237445337045,False,27.50299594272011,False,0.4586106917259588,False,0.6420761,False,False,0,OK,val
2026-09-19 06:28:27.631665+00:00,-0.03360494503075141,-0.08443817327880986,-0.611311993625784,0.43982274894920437,9.616060788010483,0.018441913313608956,24,93,3.8816778852140565,False,28.59373000723892,False,0.458812151485176,False,1.2147307,False,False,0,OK,val
2026-09-19 06:48:06.368664+00:00,-0.018793716731476298,-0.12126929659927582,-0.2626541339320789,-0.32277372362385653,9.614698600505456,0.014517017656974045,22,93,3.187932090545568,False,29.705648744927196,False,0.43204319841551686,False,0.92022896,False,False,0,OK,val
2026-09-19 06:53:08.688971+00:00,-0.03331237740218881,-0.0804661402626402,0.6955692646185638,0.313414299256673,9.612428052278885,0.013299276232160775,21,93,3.5901489771219994,False,30.77167462086864,False,0.46160528934681494,False,0.61968327,False,False,0,OK,val
2026-09-19 06:58:11.074991+00:00,-0.024052241092765884,-0.07636601479563539,0.0071990848989183665,0.13262477685503488,9.60838549727679,0.014854619558313218,24,93,3.006446339112775,False,31.856318386008596,False,0.41837592044219835,False,1.1295723,False,False,0,OK,val
2026-09-19 07:05:55.338379+00:00,-0.04414978519900182,-0.15317913092388047,-0.48045166811060375,-0.8101647072597717,9.610141187466898,0.015832296918289687,23,94,3.229006159458684,False,32.875701538187016,False,0.43364825943965496,False,0.77479386,False,False,0,OK,val
2026-09-19 07:10:57.008927+00:00,-0.028951532288747115,-0.08669290048502748,0.36788399100955493,-0.7372223660947098,9.615517173007953,0.013919410907075118,24,94,3.2639355744809793,False,33.92867958021783,False,0.4430077485061694,False,1.1716557,False,False,0,OK,val
2026-09-19 07:15:59.703365+00:00,-0.03811746467015517,-0.1473799289891872,0.7317946080221306,-0.1344535183266528,9.608892502073084,0.015312319229346233,21,94,3.1075968626015102,False,34.94808616578552,False,0.44158205026140934,False,0.61296433,False,False,0,OK,val
2026-09-19 07:21:01.988896+00:00,-0.04595886613296527,-0.12408045787655499,0.6679927761687419,-0.9357427457441939,9.61533548399944,0.018761260009036034,23,94,3.6646800728456763,False,35.93516223059098,False,0.4615179298791754,False,0.9054682,False,False,0,OK,val
2026-09-19 07:26:15.249414+00:00,-0.025196340341526225,-0.10335082698555571,-1.2890582650407005,0.717580086603473,9.613564828937774,0.011516895800904288,24,94,4.66431190052025,False,36.96940020439544,False,0.5398409995198032,False,0.7026303,False,False,0,OK,val
2026-09-19 07:30:56.223871+00:00,-0.032906299771478395,-0.10526963053111113,0.7436747562178174,-0.7891969953274688,9.619592182422604,0.01733653816526114,30,94,3.47105996677839,False,37.97447793392603,False,0.45854055140563915,False,0.81462353,False,False,0,OK,val
2026-09-19 07:35:58.719091+00:00,-0.04220326066672223,-0.11594080543435366,-0.4800843358831671,1.2635673269495988,9.618746668044679,0.012379597645716327,26,94,3.710265629976966,False,38.943583792175005,False,0.4892173305507542,False,0.575979,False,False,0,OK,val
2026-09-19 07:41:00.933621+00:00,-0.03335399568081353,-0.08984087487351214,-0.025531659748629358,-0.13370161196002722,9.617632247013425,0.01437398936440174,22,94,2.798478170289021,False,39.92358857910192,False,0.42104301479500034,False,0.68601865,False,False,0,OK,val
2026-09-19 07:50:55.868680+00:00,-0.014286396164420796,-0.09357849951525349,-0.14432853090194192,0.015702229643835077,9.617270314345175,0.01636581803638334,25,94,2.68743756540936,False,40.93446368584522,False,0.42232842358861966,False,0.9427417,False,False,0,OK,val
2026-09-19 07:55:57.933497+00:00,-0.02652192753843208,-0.05400993309490242,-0.20411273182801598,-0.5969815304663594,9.613923454599593,0.015574337867145426,25,94,2.7720477124540146,False,41.89936705876076,False,0.41631612691532727,False,0.7106244,False,False,0,OK,val
2026-09-19 08:01:00.229830+00:00,-0.03026623640294774,-0.105904619420828,0.060448230287707315,1.4880858737162292,9.618257252914423,0.01587954659302338,25,94,3.0433349992958085,False,42.83839678242295,True,0.45611915553690624,False,0.94124126,False,False,1,OK,val
2026-09-19 08:06:02.511340+00:00,-0.024294579933893178,-0.1147475613506747,0.2740066185435764,-0.8044440178925226,9.616420386928251,0.013948476619330168,25,94,2.748085341237867,False,43.78021886694363,True,0.42908194403326666,False,0.70656544,False,False,1,WATCH,val
2026-09-19 08:11:05.329200+00:00,-0.03012727064548887,-0.06872120534562931,-0.32598263653573206,0.5261050257099442,9.614066008906834,0.01690968657308587,24,94,2.71559822871789,False,44.69208176749747,True,0.41783723084630026,False,1.4369822,False,False,1,WATCH,val
2026-09-19 08:15:57.269642+00:00,-0.027482893250417736,-0.04298034284727115,-0.2644840501643402,0.5826306013010012,9.618087262436907,0.014854619558313374,24,94,2.6869317713278775,False,45.59964598780181,True,0.4248417223974429,False,1.2808949,False,False,1,WATCH,val
2026-09-19 08:21:19.614448+00:00,-0.017701970025507698,-0.15081436568239348,0.14414772198819464,-0.5361686115297536,9.617580909434366,0.013652639225553685,21,94,2.501386673445398,False,46.516127607335,True,0.42406180555389117,False,0.73665035,False,False,1,WATCH,val
2026-09-19 08:26:02.133966+00:00,-0.024185298248815146,-0.12890928709324329,-0.3408264646373335,2.5520935209511557,9.618982593789658,0.014798648586948755,20,94,3.768468880290666,False,47.39952438542208,True,0.5067182391282182,False,0.578304,False,False,1,WATCH,val
2026-09-19 08:31:24.494846+00:00,-0.02690228076668888,-0.11268936077062473,-0.2872067810703338,-0.9810883652360619,9.612878697007325,0.014235396124995579,23,94,2.614350412742171,False,48.259704370264345,True,0.42103862694904426,False,0.64636695,False,False,1,WATCH,val
2026-09-19 08:35:56.798519+00:00,-0.03960751938463436,-0.11178707323372838,0.3190034807932863,0.5795107940176647,9.617092142354242,0.015784465096235968,23,94,2.3985479106697123,False,49.072195267311386,True,0.4224734771020553,False,0.7300528,False,False,1,WATCH,val
2026-09-19 09:16:05.078492+00:00,-0.03495554384467124,-0.12810760154050552,0.7235355774272141,-0.6199235767920506,9.617694662944839,0.015400915836948801,21,94,2.4712648051696493,False,49.75004401982263,True,0.42872459603727997,False,0.6440607,False,False,1,WATCH,val
2026-09-19 09:45:58.630613+00:00,-0.023085807291852056,-0.10726869791759451,1.165982310409867,-0.45299005035250517,9.620443746623062,0.014826824027545708,22,94,3.048269785023824,False,50.34162396750854,True,0.46362114456322256,False,0.7541782,False,False,1,WATCH,val
2026-09-19 09:51:00.711077+00:00,0.002773571416258531,-0.08727773070787674,-0.35931418698942263,0.9072276223281871,9.619429438325973,0.017720045146669368,20,94,2.408095841800372,False,50.97807377056466,True,0.4209205745374155,False,0.86398154,False,False,1,WATCH,val
2026-09-19 09:57:03.397359+00:00,-0.020541834582489628,-0.11406311243425787,-0.19741236800762135,-0.34727689084102714,9.618039892438603,0.013964645998681122,21,95,1.8132967443337171,False,51.52447646972113,True,0.3995781659311939,False,0.6181349,False,False,1,WATCH,val
2026-09-19 10:32:08.988278+00:00,0.006957159372458053,-0.08625149281949444,-0.051135179634216724,-0.8163898054368575,9.616824996953035,0.01095445115010323,20,95,3.0430467567432213,False,51.9857219362555,True,0.4607583951573493,False,0.4705604,False,False,1,WATCH,val
2026-09-19 10:59:53.096062+00:00,-0.01393525831078925,-0.09474756602999254,0.465690500244188,0.5799178880413711,9.619573385559077,0.013669238185149939,21,96,2.0104245578292104,False,52.25945207288879,True,0.4121824802268739,False,0.7651306,False,False,1,WATCH,val
2026-09-19 11:52:57.574652+00:00,-0.01046907533438401,-0.09750355064014936,0.6478015607764571,-0.9517537375218027,9.61226373976436,0.014349065879351768,21,97,2.0873530360517143,False,52.27741517408958,True,0.42609459346229733,False,0.70617473,False,False,1,WATCH,val
2026-09-19 11:57:58.408346+00:00,-0.039343796051929406,-0.1076055971612941,-0.3446119463874217,0.8186730905018925,9.610436344136303,0.014448183276799748,20,97,1.5697128261354167,False,52.19112278070171,True,0.40315887487366286,False,0.6060631,False,False,1,WATCH,val
2026-09-19 12:05:31.728772+00:00,-0.023729368822843145,-0.0397871685173846,-0.07106836153428749,0.016957092973210963,9.616370669326196,0.017275343701356572,24,98,1.4383525994627804,False,52.1071264020034,True,0.3940492153598872,False,1.0445279,False,False,1,WATCH,val
2026-09-19 12:10:34.748028+00:00,-0.04355018220374044,-0.1197551804443932,0.10107442558154009,-0.924754330947095,9.616795602058989,0.016286088738261654,26,98,1.6126617303815383,False,51.94368477965102,True,0.4029064084583188,False,0.540061,False,False,1,WATCH,val
2026-09-19 12:15:36.193482+00:00,-0.01008664761609771,-0.09419777742622658,-0.1996248070417952,1.3052029702450905,9.618465546192366,0.018384673488579112,23,98,2.4640586566667975,False,51.84658916568132,True,0.43868099568775687,False,0.6478987,False,False,1,WATCH,val
2026-09-19 12:20:38.893005+00:00,-0.029616591645437826,-0.11411365307649592,-0.505548851290884,-0.6877017163680039,9.616424724612353,0.011907012119677535,23,98,2.6425564634093384,False,51.67093336792407,True,0.460319516782265,False,0.47416824,False,False,1,WATCH,val
2026-09-19 12:25:31.991948+00:00,-0.023328260702707642,-0.04300919697019372,0.14759280556384802,-0.25066802150084466,9.62205986571896,0.015460918472070307,25,98,1.3921319225310334,False,51.487402653852094,True,0.3989179782510024,False,0.8347741,False,False,1,WATCH,val
2026-09-19 12:30:33.138113+00:00,-0.017206000303466557,-0.049175363033923024,-0.08539785466408079,0.46115920519957726,9.61777654035076,0.016768969768815215,22,98,1.501104291398584,False,51.295617364288105,True,0.39978294549985666,False,0.734624,False,False,1,WATCH,val
2026-09-19 12:35:35.319571+00:00,-0.01646163569207717,-0.04443301253500347,-0.3428577666091566,-0.19650650333203692,9.617390673764314,0.011763260224755536,23,98,2.5023704925982275,False,51.08095345639527,True,0.4529887791084638,False,0.5374292,False,False,1,WATCH,val
2026-09-19 13:09:09.860135+00:00,-0.01853858628828638,-0.06423675678382956,0.3430343836162291,0.2633460742063658,9.621452347551962,0.016329931618554536,21,99,1.7514546384255283,False,50.69439881567586,True,0.4096207603573105,False,0.49987262,False,False,1,WATCH,val
2026-09-19 14:56:58.846409+00:00,-0.02069786886028267,-0.10661872146498232,-0.7244104881607152,-0.42047238829733546,9.60924182285237,0.014135996211406158,24,102,2.2310030491570876,False,49.848186506688634,True,0.41318114154501223,False,0.9742365,False,False,1,WATCH,val
2026-09-19 15:27:02.430740+00:00,-0.0004568057644501691,-0.125443818590147,0.13854962451453373,-0.9802146508033633,9.618002234802683,0.014952684255340567,21,102,2.1048292531527255,False,48.955451148771125,True,0.43078700812866416,False,0.6427129,False,False,1,WATCH,val
2026-09-19 15:32:15.372225+00:00,-0.02866991175660409,-0.09678160613546594,1.1531602267306766,-2.0308425003582644,9.615817031624934,0.013819269959814178,24,102,3.8487215802822234,False,47.970652640675524,True,0.5241861745445571,False,0.9529476,False,False,1,WATCH,val
2026-09-19 15:44:59.595839+00:00,-0.0036015232969061296,-0.09120612389437267,-0.4140261317183642,-1.241534884363788,9.621162639070066,0.016713433009863866,22,103,2.490722387934647,False,47.02053500464313,True,0.4471975863384313,False,0.8916855,False,False,1,WATCH,val
2026-09-19 15:50:13.993497+00:00,-0.027329591895867755,-0.06180146198587402,0.09127526465425707,-0.255619916029837,9.621652454176896,0.01428261375083552,24,103,1.8860387397437741,False,45.98956600613072,True,0.42265437717024396,False,1.0131588,False,False,1,WATCH,val
2026-09-19 15:55:05.437392+00:00,-0.023050185705468844,-0.08117352754223893,0.12766084105386485,0.4553661764147928,9.622019839010536,0.01523154621172811,25,103,1.8924955894115585,False,44.9575337735191,True,0.4213147876489514,False,0.7218813,False,False,1,WATCH,val
2026-09-19 16:10:01.599253+00:00,-0.02945780431301569,-0.020098683217055803,1.148565073166995,0.48336391362479814,9.62143954667612,0.013583042914620586,23,103,3.3173972869819677,False,43.87256332445694,True,0.4911804357369731,False,0.79375845,False,False,1,WATCH,val
2026-09-19 16:15:13.720781+00:00,-0.034105870969453805,-0.07640046896608024,0.549534574232435,0.4052010308751796,9.623545462517974,0.015620209016054038,21,103,2.27406362918252,False,42.764059083545206,True,0.4364382024972563,False,0.51816,False,False,1,WATCH,val
2026-09-19 16:25:05.598546+00:00,-0.02029862725128921,-0.09735951748089651,0.7364693486416096,-0.47772179599575526,9.615880666345456,0.01569601488919786,27,103,2.401347968356249,False,41.67319094480669,False,0.4376237026365245,False,0.78560734,False,False,0,OK,val
2026-09-19 16:29:58.428903+00:00,0.01399373464523974,-0.08275495798021072,-0.9701144790625346,1.037476014721971,9.620057890776549,0.014620533505997665,25,103,2.9385455780542733,False,40.66864200195379,False,0.471649963313948,False,0.63355,False,False,0,OK,val
2026-09-19 16:35:03.105065+00:00,-0.03625204375967,-0.08284099789166094,0.11010368899373843,1.3952716671686918,9.620244908374138,0.014062716664997569,25,103,2.5206736487914707,False,39.51604480735495,False,0.45474541438962496,False,0.7481702,False,False,0,OK,val
2026-09-19 16:40:02.404510+00:00,-0.019438264717639056,-0.08342534883937494,0.2866116487531254,0.254700559107335,9.622019892829861,0.016064179133702096,22,103,1.9621267829556353,False,38.40117071327967,False,0.423531897656232,False,0.75197786,False,False,0,OK,val
2026-09-19 16:45:04.508911+00:00,-0.02189400828988612,-0.10585016013713895,-0.7081009952018508,-0.8517830788683368,9.621051118494659,0.016155494421403526,30,103,2.5113158544170693,False,37.27183333848147,False,0.45075129766484184,False,0.9173314,False,False,0,OK,val
2026-09-19 16:50:17.071416+00:00,-0.012167112322022684,-0.11040760670941019,0.3275776184641575,-0.06296881227965147,9.62350240437888,0.018821264569629764,25,103,2.507818760585462,False,36.16188336442778,False,0.44725807320647815,False,0.91531116,False,False,0,OK,val
2026-09-19 16:54:58.329720+00:00,-0.02958746389110822,-0.11996458708839848,0.38510122290620935,0.8617646206627811,9.622367098870424,0.01730577348512247,28,103,2.419461808794508,False,34.99888830390137,False,0.4443896188148141,False,0.7419834,False,False,0,OK,val
2026-09-19 17:05:12.422949+00:00,-0.011539934668744442,-0.1004795178007175,-0.5095032806053588,1.5386954133992192,9.618799956179005,0.014947825928876762,24,103,2.6465159276311088,False,33.8721888988683,False,0.4621389978674988,False,0.9351169,False,False,0,OK,val
2026-09-19 17:10:04.894343+00:00,-0.030356586322762003,-0.0792162317600395,0.016004645463375888,-0.2673120941833485,9.618152705143993,0.016287702606517213,22,103,1.726161779415138,False,32.68893799434999,False,0.41300807815774,False,0.6789187,False,False,0,OK,val
2026-09-19 17:15:17.949578+00:00,-0.018308971626081874,-0.10138762805412259,-0.7777514213954124,1.5217382097250076,9.619498310032318,0.015239140558400206,22,103,2.87913993442415,False,31.534102120644185,False,0.4717564964596077,False,0.70480275,False,False,0,OK,val
2026-09-19 17:19:58.913321+00:00,0.0012829318406548215,-0.05211095960180864,-0.06835522701294618,0.2196130790344369,9.625593281265328,0.014225570776082266,26,103,2.0192216303106956,False,30.429616827066717,False,0.4208919228996837,False,0.5053196,False,False,0,OK,val
2026-09-19 17:25:01.937940+00:00,-0.02156604354517693,-0.024392802266373016,0.8002945743219176,-1.9912408952713903,9.621224254337552,0.017213259316477415,27,103,3.459745994498343,False,29.258424473502423,False,0.5071095236509657,False,0.8335138,False,False,0,OK,val
2026-09-19 17:30:13.217607+00:00,-0.03721504181833171,-0.09900497512627593,-0.1277112227699774,0.2895511312265156,9.621430352818152,0.015252504348102621,24,103,1.8154766632937394,False,28.041522333116767,False,0.4167092078271819,False,1.1053317,False,False,0,OK,val
2026-09-19 17:35:06.090636+00:00,-0.019796251912957814,-0.11523375031897301,-0.5831723727464587,-0.447919616506211,9.619297665495797,0.015688363958842374,23,103,2.1458265293187426,False,26.869911476201604,False,0.4301466454799703,False,0.81970274,False,False,0,OK,val
2026-09-19 17:50:02.404125+00:00,-0.023532048746730986,-0.07883986289749942,0.3146976650337259,0.11728188792040475,9.623988803937479,0.016217784340828444,22,103,2.014342975168735,False,25.684315078697487,False,0.42231370084820236,False,0.7944286,False,False,0,OK,val
2026-09-19 17:55:04.680957+00:00,-0.005020768763201012,-0.09533142603085454,0.0819045016227412,-0.4119137599859568,9.62461603543361,0.014142135623730965,24,103,2.0817010352461494,False,24.549200347623568,False,0.4268113359412355,False,0.98216546,False,False,0,OK,val
2026-09-19 18:00:17.518198+00:00,-0.032646577370555215,-0.05128188870266968,0.019659264981198916,1.5981046842862605,9.618921359914633,0.014966629547095765,25,103,2.515221652210847,False,23.33891650690124,False,0.4551375942795196,False,0.8605787,False,False,0,OK,val
2026-09-19 18:04:59.048924+00:00,-0.013568607116882883,-0.07663352080384164,-0.3232465252734377,0.9702020174124871,9.61934344229828,0.01498970840359117,27,103,2.1229252243873615,False,22.18153307910806,False,0.4336343292286477,False,0.6165158,False,False,0,OK,val
2026-09-19 18:10:01.510824+00:00,-0.029982453216280455,-0.11449947811006021,-0.3440570737152224,-1.707848547279962,9.618204929055032,0.014917126437656312,22,103,2.744161940709072,False,20.980985146762677,False,0.4725002671897449,False,0.75810003,False,False,0,OK,val
2026-09-19 18:15:13.129267+00:00,-0.009255069601708698,-0.10826499543751732,0.09286939472958375,-0.4760089849716368,9.61788471145399,0.013418097908195604,21,103,2.1397811948191157,False,19.83918393412089,False,0.43463159220003456,False,0.53822494,False,False,0,OK,val
2026-09-19 18:20:05.187906+00:00,-0.03475171226321864,-0.09662962169752325,-0.26078508734885836,0.512242401526616,9.618855544912105,0.01745393938341716,25,103,2.010616294677832,False,18.63023852797295,False,0.425903796413759,False,0.8273787,False,False,0,OK,val
2026-09-19 18:30:50.193635+00:00,-0.009657830711625936,-0.11625962252092607,0.5477432289332387,0.02135398687047357,9.620157037584463,0.01966112916391123,25,103,2.7776765834832458,False,17.496773299266373,False,0.4592587730365561,False,0.8692942,False,False,0,OK,val
2026-09-19 18:35:01.803055+00:00,0.007582580191046754,-0.0719745592296934,-0.28951466182762015,-0.5136408747136941,9.617874373922774,0.01459512766231561,26,103,1.9392683828895803,False,16.414704207203656,False,0.42336453580039524,False,0.7151487,False,False,0,OK,val
2026-09-19 18:40:13.898573+00:00,-0.01551622537329184,-0.10759343201379716,-0.40120184804743925,-0.24077234539729148,9.619409245326377,0.016463785756216955,27,103,1.9521278909461288,False,15.274230976367983,False,0.4196403869600875,False,0.79258776,False,False,0,OK,val
2026-09-19 18:45:06.726189+00:00,-0.027063547183205076,-0.10850825261048601,-0.2506902701164948,-0.48742111670450544,9.61737388618344,0.016480219450483516,26,103,1.8874234661493867,False,14.107491445344932,False,0.41783564398598955,False,0.88205546,False,False,0,OK,val
2026-09-19 18:49:58.211971+00:00,-0.010224370471718846,-0.08503109509592659,-0.019469480089945132,-0.870281027578608,9.619704091339122,0.014664242223858703,25,103,2.10240344522807,False,12.991456545378583,False,0.42734841438082943,False,0.6237903,False,False,0,OK,val
2026-09-19 18:55:00.305229+00:00,-0.019794498210311286,-0.09616064135147351,-0.6987266359643851,0.10130126453374626,9.62135844934141,0.01546473935329356,28,103,2.3182610219024578,False,11.856850723022283,False,0.4296577144375767,False,0.73759544,False,False,0,OK,val
2026-09-19 19:00:12.867552+00:00,-0.022907691456026603,-0.0895526847483901,0.8114716876660076,0.7043979885513982,9.616970269076372,0.015293276219327944,22,103,2.6363839854508835,False,11.274347650952917,False,0.4595393193928008,False,0.71372634,False,False,0,OK,val
2026-09-19 19:05:05.270377+00:00,0.0007151704406931145,-0.08574897531540031,-0.03172512060495306,0.4455925363794871,9.617847588119032,0.013609081548426263,26,103,2.0843915238781836,False,11.272373221961027,False,0.4282817520991872,False,0.6234303,False,False,0,OK,val
2026-09-19 19:15:19.983858+00:00,0.0005073126778533159,-0.09428307792873135,0.4873741481064218,-1.1373693283494288,9.618685151595233,0.013471246421591029,23,103,2.7090917862933854,False,11.229824474528574,False,0.4620889309642916,False,0.6559856,False,False,0,OK,val
2026-09-19 19:20:01.425956+00:00,-0.0039519973054326805,-0.11268764668194453,0.2076037899347542,-0.2719275410422454,9.611197989637652,0.015315351775261329,25,103,1.6509544277128647,False,11.181474810233127,False,0.40080900138515513,False,0.6112704,False,False,0,OK,val
2026-09-19 19:25:03.887706+00:00,-0.019941096878934732,-0.10883879934500611,0.5857529132282179,1.97517681237918,9.62098012905775,0.017139136501002628,24,103,3.2724287417430955,False,11.102668237159493,False,0.498010349519496,False,1.4477916,False,False,0,OK,val
2026-09-19 19:30:06.097791+00:00,-0.00820373046745893,-0.07370627734407896,0.09601808939766848,-1.9241152549539,9.620300648762571,0.017240134054647683,24,103,3.0340958023658744,False,10.958975232673628,False,0.48241639143084675,False,1.3130935,False,False,0,OK,val
2026-09-19 19:34:58.326370+00:00,-0.024992445848633738,-0.08247450804760469,0.7194262283344224,0.3384192998164972,9.619228582617133,0.018701871564097552,25,103,2.832576302112817,False,10.802962214730417,False,0.4659181749945213,False,0.80583894,False,False,0,OK,val
2026-09-19 19:40:00.743748+00:00,-0.024289504548177257,-0.04103576459590018,0.5453580378897834,-0.8394697252296077,9.61725500426267,0.015200000000000003,25,103,2.487779411077971,False,10.568705894741559,False,0.44138904888710484,False,0.59656227,False,False,0,OK,val
2026-09-19 19:45:03.286187+00:00,-0.006899641530776474,-0.07228849350923934,0.12030104193076503,0.7424575467776717,9.617763374384005,0.015147276983009201,25,103,2.0453041531858354,False,10.339999287170446,False,0.42560727567033996,False,0.7276728,False,False,0,OK,val
2026-09-19 19:50:15.147508+00:00,-0.015134930419296455,-0.09748334225852098,0.525031166304755,-1.195785495580303,9.615118573616792,0.01319090595827293,20,103,2.8940670426774924,False,10.10980241610667,False,0.4635811183426883,False,0.53132856,False,False,0,OK,val
2026-09-19 19:56:27.946600+00:00,-0.030959723725340928,-0.1509125792903895,0.046544352400757,1.247491208932107,9.621899536090483,0.015321553446044574,20,103,2.406480532684505,False,9.902346175449683,False,0.4391868407062687,False,0.6778767,False,False,0,OK,val
2026-09-19 19:59:59.636945+00:00,-0.0013429595850174597,-0.10839167521239837,-0.4249850119492285,0.025979296399309026,9.61846132613019,0.016316862443496928,25,103,2.054654804183389,False,9.630988468105356,False,0.4235975586881768,False,0.85357577,False,False,0,OK,val
2026-09-19 20:05:11.312102+00:00,-0.012462189221943873,-0.09803254876372451,0.3926634853989719,0.40612752893587806,9.61638034920682,0.018547236990991423,25,103,2.446772460297913,False,9.312293049393801,False,0.44257905835766376,False,0.82207847,False,False,0,OK,val
2026-09-19 20:10:03.793424+00:00,-0.0035772507108529617,-0.05617138843262431,0.18858582246386832,-0.2802876995944833,9.619983617507001,0.014523687548277823,24,103,2.2004967342872117,False,8.917678007181692,False,0.4249194434259851,False,1.0049502,False,False,0,OK,val
2026-09-19 20:15:05.676721+00:00,-0.011237701956169067,-0.06879178208285533,0.07384608722049439,-1.1945655668953592,9.615061165771786,0.012749901960407395,25,103,2.9338982002798764,False,8.505780266919045,False,0.46183536042941,False,0.58457017,False,False,0,OK,val
2026-09-19 20:19:57.938641+00:00,-0.023520691635154516,-0.05331242603568153,0.38723297536247575,0.08775862181305098,9.622636746389684,0.013316315670580545,21,103,2.7211931868344803,False,8.052058857780944,False,0.44542981296678724,False,0.6282918,False,False,0,OK,val
2026-09-19 20:24:59.891813+00:00,0.0005959881207297076,-0.09505649689142918,-0.6369923493185312,-0.5178678236104304,9.626700154143816,0.01343582010904968,27,103,2.9770148174085165,False,7.611925194644945,False,0.45013672104992963,False,0.44381237,False,False,0,OK,val
2026-09-19 20:30:01.987316+00:00,-0.030938000521536727,-0.08073323941467513,0.5187192854893777,1.107523104781936,9.620978917697508,0.017325126262166188,25,103,2.8507478709544465,False,7.117811964475628,False,0.45850665175370814,False,0.8959642,False,False,0,OK,val
2026-09-19 20:39:26.098633+00:00,-0.011176708458770002,-0.09962624592979459,0.5352315712444747,-1.1428594722492245,9.623755559934457,0.01668096034015497,26,104,2.9040023621252256,False,6.585565123120907,False,0.4493459684185719,False,0.80435824,False,False,0,OK,val
2026-09-19 20:44:29.720532+00:00,-0.007643884387054157,-0.08893239338204813,-0.04089512444768338,1.5406951496876031,9.620961999715915,0.01777560750641797,24,104,2.8826994974556794,False,6.008720557803507,False,0.4601579459418822,False,1.2667079,False,False,0,OK,val
2026-09-19 20:49:30.887370+00:00,-0.009918043002985901,-0.0988522267954591,0.7268821318029849,0.48118240258954725,9.619819976969803,0.0161411644586952,22,104,2.7475958063167565,False,5.409316401087231,False,0.4497172343261536,False,0.68886155,False,False,0,OK,val
2026-09-19 20:54:32.668002+00:00,-0.013146602007738315,-0.11089351464488116,0.327519420422668,-0.14869589117546037,9.618667514530815,0.016000000000000014,25,104,2.297274111127336,False,4.789366709841082,False,0.42491804711743253,False,0.92059827,False,False,0,OK,val
2026-09-19 20:59:26.248719+00:00,-0.0028345689954240635,-0.07286601649043316,0.7264854957593118,2.2106593850903153,9.62441290750206,0.01877775723207293,24,104,4.018527727563739,False,4.0943432544993605,False,0.52710496157408,False,1.4345225,False,False,0,OK,val
2026-09-19 21:04:27.313047+00:00,-0.01316801845864297,-0.08572136928591997,-0.2772219445034931,-1.9620396332692551,9.61774633308448,0.019230769230769246,26,104,3.6644297290664314,False,3.3791346547775403,False,0.5073888914255923,False,0.96735084,False,False,0,OK,val
2026-09-19 21:09:29.402779+00:00,-0.015308211917686854,-0.1177948587894433,0.33392854038748493,0.2610345145775786,9.619717461557634,0.018317674254190817,22,104,2.6578815296346634,False,3.0646863126796933,False,0.44451558134635577,False,0.7287166,False,False,0,OK,val
2026-09-19 21:14:32.102992+00:00,0.013474594545505468,-0.09703827835590206,0.4982184990788648,0.6730576289154938,9.622127713081191,0.014373989364401736,22,104,2.7395662275695827,False,2.73500270516678,False,0.44106411487038916,False,0.682579,False,False,0,OK,val
2026-09-19 21:24:46.924108+00:00,0.02501790560695633,-0.10708645836574938,-0.05606918621550133,1.194069811164038,9.62203008532162,0.016943282737768774,21,104,2.6875439907757173,False,2.33431217194141,False,0.44763160267602403,False,0.6966379,False,False,0,OK,val
2026-09-19 21:29:38.673825+00:00,0.011761837098961543,-0.06684983923984253,0.492398529581844,-0.07267406250400325,9.628031014192514,0.015430334996209206,21,104,2.8356146964133915,False,1.9496582013608745,False,0.4392122086374694,False,0.6860176,False,False,0,OK,val
2026-09-19 21:34:30.518696+00:00,-0.008712978782043742,-0.040055936846168615,-0.23032419563859685,0.4369096770564093,9.620687445495042,0.01699264546796668,20,104,2.722900208800356,False,1.6004609459847576,False,0.434327804029247,False,0.7040225,False,False,0,OK,val
2026-09-21 06:11:25.812863+00:00,0.05629543630156046,0.012432019347085928,-0.6209854442597242,1.2634250354335586,9.62406336674546,0.02242208732477876,20,110,5.013468733684636,False,1.7560815128034766,False,0.54415161142108,False,1.3801903,False,False,0,OK,val
2026-09-21 06:16:28.203153+00:00,0.025390477554595576,-0.001127725845265295,-0.2465247617771193,-1.8243922376327621,9.630460331517448,0.014510685717773647,25,110,4.383254013329,False,3.4796214857237575,False,0.5101675629276765,False,0.9990494,False,False,0,OK,val
2026-09-21 06:21:30.382364+00:00,0.06262888522829264,0.054983401495743156,0.8061570380013683,1.2040867981832606,9.633842374860285,0.021586389744981272,24,110,5.081185691587011,False,5.245446241302593,False,0.5548070649060048,False,1.9222425,False,False,0,OK,val
2026-09-21 06:26:32.578001+00:00,0.045453737524012716,-0.031233300106171574,-0.2831707422814538,0.19921553893154242,9.626034744795222,0.017868151368659966,24,110,3.7211419053236776,False,6.898649094534642,False,0.4656570592382529,False,1.7098414,False,False,0,OK,val
2026-09-21 06:31:27.176931+00:00,0.054099011468865664,-0.031900270808317845,-0.940615401462895,1.564664784148076,9.627552168956246,0.023713422125220554,24,110,5.500106143333604,False,8.531282147985538,False,0.5782414442173511,False,2.7192698,False,False,0,OK,val
2026-09-21 06:36:27.118970+00:00,0.027765191583332616,-0.04759320359420865,0.9716673537213051,0.3454520934578427,9.64219858417579,0.04648824609289321,22,110,9.655016231185423,True,10.126413626674214,False,0.5874421913711947,True,5.321589,True,False,3,OK,val
2026-09-21 06:41:31.569550+00:00,0.06856338858387066,-0.0016312990706147913,0.48292812263893453,0.32559506934574467,9.628158905796719,0.02223355719986446,21,110,4.599660269781965,False,11.750220069521886,False,0.506382201618009,False,1.571028,False,False,0,OK,val
2026-09-21 06:46:43.471383+00:00,0.07882822893297249,-0.056407932282463887,0.47531033496514097,-0.0023366124372110183,9.62223455537911,0.023288524468090266,22,110,4.659565821232954,False,13.292903269273626,False,0.515481501498137,False,1.8813294,False,False,0,OK,val
2026-09-21 06:56:37.701874+00:00,0.0490676026002499,-0.11482544194135758,-0.16195566773499065,1.415821925968174,9.62870180973596,0.02121885953579994,25,110,4.35098139795387,False,14.726912015895556,False,0.5186539177499608,False,1.2719724,False,False,0,OK,val
2026-09-21 07:01:34.049314+00:00,0.056436802375246425,-0.04586439635577743,0.3144063944455551,0.0817047757905801,9.629664909260113,0.014937887931959088,22,110,3.276039015342224,False,16.212069447450062,False,0.4569857355035008,False,0.9046869,False,False,0,OK,val
2026-09-21 07:06:31.328867+00:00,0.03280828078060597,-0.05333327628086327,-0.4799710752739173,-0.017847632055308885,9.629693356656801,0.014769583256448842,21,110,3.4234286019208477,False,17.66496364052707,False,0.45993680423713945,False,0.91098964,False,False,0,OK,test
2026-09-21 07:11:34.739111+00:00,0.051048568562763,-0.02002857309757658,0.09050210008293526,-1.8232825842673213,9.63164154105888,0.02610809554642475,21,110,5.729610007441412,False,19.129206970694614,False,0.5611782939069491,False,1.7681798,False,False,0,OK,test
2026-09-21 08:11:26.234363+00:00,0.10457727877747532,-0.03277059218348394,-0.3360522329926775,0.8130537737552798,9.635786703485726,0.014086784586980816,24,110,3.1646564882782524,False,20.242517423227557,False,0.47113756346703967,False,1.1427946,False,False,0,OK,test
2026-09-21 09:45:36.001177+00:00,0.20249373403052887,-0.14621305076675503,0.4497164656304651,-1.8330102968472646,9.634955671987688,0.01855310451312207,21,119,3.8552303113936404,False,20.59924841927936,False,0.5076483983429165,False,0.9747412,False,False,0,OK,test
2026-09-21 09:49:58.145697+00:00,0.19160190877425473,-0.15148118979701494,0.3894218333232305,-0.6512493300210084,9.633189460441391,0.017775723089679007,26,119,3.081861052891138,False,20.92174306532122,False,0.44997183609092317,False,1.1940064,False,False,0,OK,test
2026-09-21 09:54:50.916183+00:00,0.17866555706317297,-0.09811300541860536,-0.4462482071071862,1.835920921966711,9.631701519359494,0.016927446988204156,26,119,3.512899049638107,False,21.266336705465342,False,0.48862714318715256,False,1.0996333,False,False,0,OK,test
2026-09-21 10:00:00.978428+00:00,0.16097741781471736,-0.13974669378580898,-1.165269556714879,0.24296472810832534,9.63353189015901,0.01611004679328264,27,119,3.5563207233235765,False,21.52283914608812,False,0.49528741313070046,False,0.822573,False,False,0,OK,test
2026-09-21 10:04:44.147703+00:00,0.16209531090663623,-0.1302629600085405,-0.6818448868618537,-0.11522444626848144,9.631067347456701,0.022263416678987596,24,119,4.150482680673058,False,22.478964491484493,False,0.4935910371429483,False,2.49221,False,False,0,OK,test
2026-09-21 10:09:47.737267+00:00,0.22204291461095352,-0.14502170263796232,0.13588277723229103,0.49834867676887273,9.632669413044537,0.014837789592793141,25,119,2.725604539483382,False,23.635240697015007,False,0.4395272408401854,False,0.9505122,False,False,0,OK,test
2026-09-21 10:14:47.871682+00:00,0.19430190147860874,-0.12755861735580384,-0.695416119253456,0.32936704973547204,9.630678563592692,0.013301243435223537,26,119,3.0363967054535257,False,24.692843019628423,False,0.4635584685321358,False,0.68686527,False,False,0,OK,test
2026-09-21 10:19:50.501367+00:00,0.19449392117110967,-0.15059736143254304,0.79465957421018,-1.1567203283758174,9.627184143993135,0.017837651700316887,22,119,3.4680605511586218,False,25.727945930023505,False,0.4647443577364059,False,1.1483359,False,False,0,OK,test
2026-09-21 10:33:26.627783+00:00,0.21268722479970065,-0.07813550480506216,0.3730019207880071,-0.07289964942336047,9.629637781788507,0.01447640585679409,28,120,2.569956938719271,False,26.74720057031268,False,0.429961689112169,False,0.98514056,False,False,0,OK,test
2026-09-21 10:38:29.844806+00:00,0.20087797583881367,-0.08000326902457953,-0.6882934683368529,-0.9651962942572859,9.64127165901886,0.018052643036544948,23,120,3.6099859598381348,False,27.710344129861777,False,0.4710574605394993,False,1.061975,False,False,0,OK,test
2026-09-21 10:43:31.709351+00:00,0.19228770382686758,-0.02956530660867119,0.5126781398510225,0.08406263125203847,9.632209085637928,0.010721046049820283,26,120,3.6327849508476007,False,28.626002451763554,False,0.4971233050600137,False,0.46458203,False,False,0,OK,test
2026-09-21 10:48:26.917617+00:00,0.17344237211997243,-0.14579016983146625,0.39050934462292247,2.2312544910189396,9.63158012492389,0.017058722109231997,20,120,3.8536388067869076,False,29.46595628806218,False,0.4979721639980222,False,1.075526,False,False,0,OK,test
2026-09-21 11:03:43.321564+00:00,0.21217452263164893,-0.11604331838709658,0.28299428341160254,-0.5611669593000923,9.631660713063676,0.012884098726725142,20,120,2.866659407714772,False,30.338498812078285,False,0.4485721255642649,False,0.53034663,False,False,0,OK,test
2026-09-21 11:43:41.537322+00:00,0.19962576829150633,-0.06729569835413908,-0.2522390088106434,-0.16764406500459125,9.63580595290825,0.015514589241705479,22,120,2.65297269675642,False,30.976620277691016,False,0.4230636442519836,False,0.6178213,False,False,0,OK,test
2026-09-21 12:04:49.319696+00:00,0.20820989764620867,-0.07740537434543229,0.5788582335853741,0.5149679027986243,9.631367090075237,0.016098807335735668,26,121,3.0281978998597263,False,31.532113342847154,False,0.44417763463448146,False,0.7875969,False,False,0,OK,test
2026-09-21 12:09:41.419304+00:00,0.20576410002737755,-0.08120712780973074,0.12077634254253898,-1.755199952262921,9.634105034044413,0.018973665961010282,25,121,3.7738274692735345,False,32.05568199965602,False,0.4870658745888936,False,1.067379,False,False,0,OK,test
2026-09-21 12:14:43.816425+00:00,0.2016279387828897,-0.07875467940362636,-1.053806885310954,1.0674147567013244,9.63059924011395,0.016489415588379155,22,121,3.67187010314885,False,32.54273879156928,False,0.49035678414610046,False,1.0043774,False,False,0,OK,test
2026-09-21 12:19:36.493532+00:00,0.2246912899319539,-0.12382465660885077,-0.6300179703159754,0.08570706330266228,9.633258693692905,0.017645396000090234,25,121,3.3623875715237435,False,33.06773282420786,False,0.4497627968997572,False,0.6779692,False,False,0,OK,test
2026-09-21 12:24:38.276229+00:00,0.21356252817809465,-0.11890662836001414,0.0264280235500664,-0.3669249832841918,9.631957967071845,0.015112986695683478,26,121,2.724040946970256,False,33.53719621600202,False,0.42677171259166924,False,0.7867019,False,False,0,OK,test
2026-09-21 12:29:40.546952+00:00,0.2160200574014475,-0.07691538649616127,-0.6443791056940906,1.2253164038083448,9.635164991758218,0.01840000000000002,25,121,3.7518670559487703,False,33.98836475353778,False,0.4752026695866581,False,0.91834617,False,False,0,OK,test
2026-09-21 12:41:55.799103+00:00,0.21450548535113273,-0.08530513331682255,-0.46125250189489947,-1.274447260912711,9.633482937488031,0.015719651332536905,22,122,3.2206323528690497,False,34.37571513243593,False,0.46214845293817386,False,0.8620797,False,False,0,OK,test
2026-09-21 12:47:01.336441+00:00,0.2023599817019141,-0.11430792491134063,-0.18089707834072682,-0.17342346837068595,9.634899508579743,0.015124483462254187,20,122,2.7817292861141665,False,34.70023827674872,False,0.4276203865174735,False,0.77542704,False,False,0,OK,test
2026-09-21 12:52:02.925068+00:00,0.21574977791409466,-0.09951808637216236,0.14106519619079017,-0.24776217851359575,9.635130447217758,0.014381174563233082,22,122,2.8471422778948825,False,35.03685529009058,False,0.43489505231709635,False,0.82275885,False,False,0,OK,test
2026-09-21 12:56:54.844147+00:00,0.19372776655597784,-0.08959759462381754,-0.11395544235282432,-2.7649318301750503,9.635277143762323,0.016996731711975965,21,122,4.222699858898357,False,35.29370714883346,False,0.5205809606093301,False,0.8927199,False,False,0,OK,test
2026-09-21 13:02:09.138622+00:00,0.21055884340293354,-0.1160171463609481,0.2511899560318768,1.3014521229343574,9.63033438944348,0.017625481450782635,21,122,3.4991549700418187,False,35.567487103274644,False,0.45895225679587254,False,0.783744,False,False,0,OK,test
2026-09-21 13:25:53.379217+00:00,0.23025887977451134,-0.14417860462971013,-0.18638124644314774,1.879236124703969,9.629635267006513,0.014521857792358973,21,124,3.7232245093843774,False,35.78588729431075,False,0.48999927063258264,False,0.70290935,False,False,0,OK,test
2026-09-21 13:50:57.559568+00:00,0.21937019450964837,-0.10330128170306571,-0.8451126640764133,0.5281189737926862,9.641522878681275,0.017660953053556454,23,124,3.8294472453557007,False,35.86088849061748,False,0.47632474149636134,False,0.82135373,False,False,0,OK,test
2026-09-21 13:56:00.511421+00:00,0.2052135964684305,-0.10115382220021932,-0.8988490495007718,-0.13582889706009754,9.633479825534248,0.015932550136314217,26,124,3.416560177858573,False,35.87084356228053,False,0.4660420158303723,False,0.898251,False,False,0,OK,test
2026-09-21 14:05:54.124049+00:00,0.22062408989679735,-0.09279850075998558,0.45034895872621683,0.15883267012252253,9.637061145160942,0.013482241406136207,24,124,3.2632598132112833,False,35.88422992871006,False,0.4544263185585209,False,1.1892533,False,False,0,OK,test
2026-09-21 14:10:56.473473+00:00,0.2176716357438182,-0.10231614352591074,-0.21119776962339953,2.3012334141500843,9.636829244612873,0.01569398038765703,28,124,4.091932439128071,False,35.86844200797698,False,0.5151160282540131,False,0.7977086,False,False,0,OK,test
2026-09-21 14:15:58.459013+00:00,0.2315025000027362,-0.08586505711485704,0.4285214667197473,-1.9776850603956657,9.636898282465495,0.020474481423830022,27,124,4.565125591908279,False,35.86969695020028,False,0.5284986945282543,False,1.2215481,False,False,0,OK,test
2026-09-21 14:21:00.953619+00:00,0.22761686627651626,-0.12884258493266007,0.44084669270076604,-0.42977639971189496,9.633868956971947,0.018658728470829646,27,124,3.661550645056489,False,35.8357967688577,False,0.46248824683153483,False,1.1499367,False,False,0,OK,test
2026-09-21 14:26:02.672379+00:00,0.21497158914611583,-0.09187561219423594,-0.08466255095316472,2.0180940338274467,9.635271276400589,0.017458553702803976,27,124,3.982642465975499,False,35.74723071347909,False,0.5077737438675838,False,0.9960239,False,False,0,OK,test
2026-09-21 14:30:54.784891+00:00,0.22168729605028828,-0.15725669502555606,-0.5699808745043912,0.8974509828528029,9.635795714871392,0.02211692029341579,28,124,4.608868915994213,False,35.661217644699526,False,0.5156952920438335,False,1.1578976,False,False,0,OK,test
2026-09-21 14:35:57.488181+00:00,0.2032422688229148,-0.15062611491264516,-0.5567858564573767,-0.4862489294098186,9.637138558577709,0.013003246644803661,29,124,3.4392058104669045,False,35.505292362462285,False,0.4703574612209462,False,0.84871626,False,False,0,OK,test
2026-09-21 14:46:01.682145+00:00,0.18626436914974898,-0.13281873001029207,0.08284163832612079,-0.49950167528949535,9.632332592420832,0.017524285769068504,26,124,3.0983114177473086,False,35.26138561815425,False,0.4440452529356475,False,0.93038726,False,False,0,OK,test
2026-09-21 14:51:03.961371+00:00,0.2022959364869359,-0.15703564035875184,0.6092808730490226,-0.04126519852219211,9.629887634441578,0.015329709716755903,20,124,3.210149317461984,False,35.04304533905393,False,0.45339989365047595,False,0.7307536,False,False,0,OK,test
2026-09-21 14:55:58.969115+00:00,0.19704698119778602,-0.16341342637666756,0.4047224612648129,-0.24676243803002612,9.63092387702735,0.014628738838327807,20,124,3.0480399172445094,False,34.79599526346692,False,0.4482899475552619,False,0.6073027,False,False,0,OK,test
2026-09-21 15:01:20.315097+00:00,0.243069010782704,-0.13439082130742966,-0.17517813764203916,0.4102331095450142,9.632900162379096,0.019723082923316038,20,124,3.812801946877591,False,34.653776095315976,False,0.4666942917816336,False,1.0864912,False,False,0,OK,test
2026-09-21 15:06:02.420085+00:00,0.25119358468147157,-0.0774745365927021,-0.811209702848443,0.03133205770947235,9.635057581658048,0.015310275531877766,23,124,3.476795036729481,False,34.51667492544119,False,0.46287085311327925,False,0.8453198,False,False,0,OK,test
2026-09-21 15:10:54.672319+00:00,0.1838862015765963,-0.12418992705216607,-0.2192231141272581,1.1130016255233612,9.629598790066725,0.0135922772190682,20,124,3.1667424830952204,False,34.182073155511674,False,0.4666851479261676,False,0.756212,False,False,0,OK,test
2026-09-21 15:21:08.158316+00:00,0.23152758972444373,-0.09963366507277172,1.4130166620613658,0.16712284867016636,9.632043544453413,0.01707659150194393,21,124,4.451272601256798,False,33.94235196961118,False,0.5115780598374355,False,1.0590186,False,False,0,OK,test
2026-09-21 15:28:10.972454+00:00,0.22068126923034964,-0.12428065296333429,0.47960823650785495,-0.3381689909089113,9.635555837364778,0.014115376591954729,23,125,3.2393358654336457,False,33.65149805366218,False,0.4605106205307748,False,0.7534844,False,False,0,OK,test
2026-09-21 15:33:13.371791+00:00,0.22025717398512232,-0.16275879567545298,0.47666119661844925,0.35523629623017444,9.633582782939685,0.014249955245185731,28,125,3.2951168999152136,False,33.34468352252171,False,0.458706999934681,False,0.7627296,False,False,0,OK,test
2026-09-21 15:38:17.301262+00:00,0.23168926282659613,-0.1594887120530336,-0.24641545940287013,-0.809391937241455,9.633365280999719,0.0165301583644233,29,125,3.279002236405038,False,33.05478985808395,False,0.4553248339107764,False,0.9101112,False,False,0,OK,test
2026-09-21 15:43:18.248507+00:00,0.20108120776992397,-0.12225436078959229,0.046560118464560915,0.043789585893639356,9.634064943628664,0.014382583584405993,27,125,2.885442541417125,False,32.667278844443764,False,0.44380426681728047,False,0.74588025,False,False,0,OK,test
2026-09-21 15:48:21.563038+00:00,0.2196107809158845,-0.1513245722284284,0.41540060833302,-1.5748349223938518,9.63488827411743,0.016363497803240402,27,125,3.6380145834231667,False,32.317024038703345,False,0.48382482996987847,False,0.8769561,False,False,0,OK,test
2026-09-21 15:53:13.672311+00:00,0.2171959475361579,-0.14770911787404561,0.1684140774575463,-0.48282692453229464,9.631385834475884,0.016193277068654838,30,125,3.018312297890003,False,31.94720492638237,False,0.445221942486063,False,0.73617256,False,False,0,OK,test
2026-09-21 15:58:16.221059+00:00,0.21233643152689566,-0.1639193855219601,-0.12213707564177548,-0.5144918825482109,9.632242439052535,0.016248076809271938,25,125,3.0187320090317313,False,31.55161079474341,False,0.4459287772070883,False,0.83718723,False,False,0,OK,test
2026-09-21 16:03:17.471846+00:00,0.23752251324838006,-0.09735438540612172,0.4514521772558269,1.494336465340093,9.632534670504484,0.015484848118790289,27,125,3.6165156991802676,False,31.212909887974554,False,0.4746397563115208,False,0.8021151,False,False,0,OK,test
2026-09-21 16:13:13.338792+00:00,0.2142793189875733,-0.08949267766371063,1.0226010689434948,1.4763077105804316,9.63711517743093,0.01742160717885165,22,125,4.298719981875897,False,30.788099663807944,False,0.5205832395190271,False,1.1120895,False,False,0,OK,test
2026-09-21 16:18:15.716895+00:00,0.22198348094178094,-0.10880982190892004,0.47310483019820304,0.38934858093483493,9.628533639803212,0.01646207763315434,20,125,3.0804307839592884,False,30.373843477182103,False,0.44846287629678605,False,0.5134855,False,False,0,OK,test
2026-09-21 16:23:26.442600+00:00,0.22828789488774834,-0.073169868540151,-0.024104783917031847,-0.0506070070373535,9.63755256238393,0.013514395616856077,24,125,3.010921964496094,False,29.966816283154262,False,0.4492945647792439,False,0.99219733,False,False,0,OK,test
2026-09-21 16:28:19.687327+00:00,0.23255641556389273,-0.09912980348597475,0.6149233309078054,-0.9410242057538177,9.637791552995708,0.02084387488403744,21,125,4.263779408886593,False,29.561957709633617,False,0.5108505342853361,False,0.9595089,False,False,0,OK,test
2026-09-21 16:33:11.882817+00:00,0.21278635296397477,-0.08342908877297579,-1.2683662880790672,0.10702138003290437,9.634013251641605,0.012526615655206057,21,125,4.095388996597883,False,29.094026358692364,False,0.5241509107039662,False,0.6683085,False,False,0,OK,test
2026-09-21 16:38:14.537780+00:00,0.21923341413023797,-0.10687670599897052,-0.8115105797213268,-0.5784437498562499,9.634834556807034,0.017032444529974763,24,125,3.4438008659502795,False,28.6352531868721,False,0.4769930232533794,False,1.513457,False,False,0,OK,test
2026-09-21 16:43:15.454589+00:00,0.23178382116025859,-0.11895022698482066,0.22975449273207404,0.6349578231505556,9.633175357686644,0.016169106345126204,25,125,3.0575793614237337,False,28.202854512467244,False,0.44068614901842673,False,0.5977846,False,False,0,OK,test
2026-09-21 17:08:17.286195+00:00,0.21253871169427282,-0.08949301261353326,0.16292248353892147,-0.375248880829617,9.632466437928178,0.014239030865898153,20,125,2.703735780304498,False,27.685980258207135,False,0.4425640734012538,False,0.8663807,False,False,0,OK,test
2026-09-21 17:13:18.754961+00:00,0.21404020431108772,-0.15802419907000434,1.3412997237352857,0.6745382720356977,9.629166991991493,0.014705682195902415,23,125,4.108907854264332,False,27.168456682565818,False,0.5113111137846724,False,0.8756026,False,False,0,OK,test
2026-09-21 17:28:15.385889+00:00,0.2256895767393455,-0.13471743131118483,0.894225822208629,-1.4116622375781094,9.633716290209218,0.012609520212918503,20,125,3.9112736178182512,False,26.67179242647167,False,0.5208269988287477,False,0.6021035,False,False,0,OK,test
2026-09-21 17:36:49.644907+00:00,0.21037725909042554,-0.1319291630163618,-0.6925692257199297,-0.07942680434327279,9.634864475978004,0.011922615498731262,22,126,3.543838711928154,False,26.129386624523672,False,0.49789283081486724,False,0.6232356,False,False,0,OK,test
2026-09-21 17:41:51.934195+00:00,0.1992931852148707,-0.14237095496031657,-0.12104365785298175,0.17095215540458275,9.637971526036724,0.013302631318653061,25,126,2.898672248428217,False,25.554965642671235,False,0.4522726667337339,False,0.64701813,False,False,0,OK,test
2026-09-21 17:46:54.529478+00:00,0.2249735950066401,-0.12248299532595165,0.30770538939980285,1.1565456683816573,9.635194349243429,0.01739295239168465,26,126,3.28240631048786,False,25.04964451124534,False,0.4620976271367503,False,0.8340325,False,False,0,OK,test
2026-09-21 17:51:56.294651+00:00,0.21595982485988802,-0.12760094168896535,-0.1781932810944829,0.4067388744035422,9.630817426195891,0.0171130693581585,28,126,2.7125549001231035,False,24.51907275011358,False,0.44054810040693315,False,0.7440387,False,False,0,OK,test
2026-09-21 17:56:58.411764+00:00,0.2263179726857869,-0.1223091495886611,1.9558570319162323,-1.7920117816254681,9.633564299429802,0.015198516307823736,28,126,5.337271356585139,False,24.01679107381144,False,0.5502038678180514,False,0.8949573,False,False,0,OK,test
2026-09-21 18:01:50.636899+00:00,0.21662277398420784,-0.09809570451782576,-0.1287952043762812,0.656839973848713,9.639214599283381,0.017924401956368324,29,126,3.060169384573934,False,23.488497437355463,False,0.45067391659355477,False,1.0398939,False,False,0,OK,test
2026-09-21 18:06:52.703241+00:00,0.2119574614985195,-0.09475613150156097,0.6951743496535008,-1.741418040871542,9.633093078413587,0.016868774571840005,30,126,3.567153977212507,False,22.948501536365445,False,0.4972893632634475,False,1.0203356,False,False,0,OK,test
2026-09-21 18:11:55.129299+00:00,0.19481094347075895,-0.0841588946237986,-0.22742063971857235,-1.0591243381573843,9.631522310792414,0.01768866554856215,30,126,2.870860270389079,False,22.36321320540632,False,0.45338498627191404,False,1.1649518,False,False,0,OK,test
2026-09-21 18:21:49.927024+00:00,0.2254034356495818,-0.14010961315552384,0.0056845685336584266,-1.907531281848993,9.636486816547485,0.017433413323813172,29,126,3.5334016415347382,False,21.86647450996572,False,0.4964485134802239,False,0.9933143,False,False,0,OK,test
2026-09-21 18:26:52.448070+00:00,0.20434349730518556,-0.12490684189807029,-0.4878609516685425,-0.14861985549309403,9.642112871735177,0.019041008376659063,25,126,3.330911106739111,False,21.315384818627997,False,0.46358197929237444,False,0.7211167,False,False,0,OK,test
2026-09-21 18:31:54.445721+00:00,0.22605085325286112,-0.08608809431131213,0.4661269537857576,1.290127783495367,9.634995890859955,0.017596345961618038,29,126,3.301130924749385,False,20.827474554707738,False,0.4678148351812108,False,1.1204861,False,False,0,OK,test
2026-09-21 18:36:57.108438+00:00,0.21180888916489243,-0.09498305344850176,-0.09559050287234384,-1.5171762709757453,9.634504413393078,0.015452362609131395,28,126,2.9454427629119158,False,20.304953078341377,False,0.45942213279383576,False,0.7325271,False,False,0,OK,test
2026-09-21 18:41:59.241785+00:00,0.21557394898396884,-0.08906517594270794,0.7722640726447654,0.04896897806957547,9.633901778778624,0.01613435652009279,21,126,2.9702781296555805,False,19.797618374959388,False,0.4560405017686251,False,0.74045235,False,False,0,OK,test
2026-09-21 19:36:53.359966+00:00,0.21377770526137915,-0.10944784463828305,0.12302171172154719,-0.7264269394997277,9.635162274255649,0.021675822241411527,21,126,3.6578073276546528,False,19.374066874786546,False,0.4852990810788199,False,1.1450484,False,False,0,OK,test
2026-09-21 19:47:17.494285+00:00,0.22579238510585345,-0.08557041091587912,-0.4539677011857589,1.3729679817849916,9.638921757246207,0.019241621553289123,25,126,3.4864662317840436,False,19.008534768985722,False,0.49025513149035865,False,0.9093012,False,False,0,OK,test
2026-09-21 19:51:49.955806+00:00,0.24170378553476848,-0.12975345223946608,-0.05408380518465932,-1.4844391759371747,9.636282187368693,0.012594470598448062,29,126,3.2601259057726777,False,18.696259252994825,False,0.4842461735565365,False,0.63939905,False,False,0,OK,test
2026-09-21 19:56:52.048969+00:00,0.2142687281642752,-0.09464200332834447,-0.8370913856511666,0.6276448235800179,9.635811803019793,0.012220720790806753,29,126,3.469906950105634,False,18.321537349813543,False,0.49770019486390443,False,0.52535295,False,False,0,OK,test
2026-09-21 20:01:54.240660+00:00,0.22971703318108685,-0.14173037583076273,0.2644439612082708,0.024116845497165907,9.631793720846984,0.022067674288893946,26,126,3.6478838953076647,False,18.002145952254843,False,0.48138878678202,False,0.9636612,False,False,0,OK,test
2026-09-21 20:06:56.528402+00:00,0.21355661248130178,-0.1490521746310757,0.76410674998934,0.31215872232433495,9.634805428886418,0.014985177861992693,30,126,2.8555078988893468,False,17.652092129434312,False,0.46225191913356056,False,1.0051205,False,False,0,OK,test
2026-09-21 20:11:58.823607+00:00,0.2224115013726504,-0.15676235054593346,-0.8260810841826698,0.8572487807474283,9.631834617340768,0.01499900908340108,29,126,2.9375743493551676,False,17.340264328050004,False,0.468071163813789,False,0.6088245,False,False,0,OK,test
2026-09-21 20:16:50.876883+00:00,0.23169923099885645,-0.10420736811476829,-0.09211929112769514,0.5522721098852517,9.633982462516155,0.01650856441873908,29,126,2.402436761305153,False,17.068302122687417,False,0.43241752262513905,False,0.6813727,False,False,0,OK,test
2026-09-21 20:21:53.044239+00:00,0.20965385945793058,-0.12583191615823344,-0.5531920120919893,-1.776456695120562,9.632317674224439,0.017771887913218463,25,126,3.422901307259003,False,16.75094652512082,False,0.4983613046913583,False,1.0150492,False,False,0,OK,test
2026-09-21 20:27:55.749439+00:00,0.22881658093092613,-0.12189021515948939,-0.8139355122727872,1.6423160338384197,9.63004204537644,0.014431370787625053,22,126,3.311403895642355,False,16.50448109078314,False,0.497168375664166,False,0.5771554,False,False,0,OK,test
2026-09-21 20:31:57.701627+00:00,0.2294900592631821,-0.09961032476304865,-0.49808654465479235,-0.17678687622913417,9.635354203415545,0.015014785612264306,26,126,2.5446306287357316,False,16.272520245236507,False,0.43705101783740874,False,0.7403341,False,False,0,OK,test
2026-09-21 20:36:50.094956+00:00,0.21703096323347423,-0.13883759395324274,0.5280124713334141,0.7190140457939435,9.634173301402864,0.01416176385749868,30,126,2.7333350642942427,False,16.022690763770512,False,0.4491190577861931,False,0.6373592,False,False,0,OK,test
2026-09-21 20:41:52.346648+00:00,0.19651553529637833,-0.10611650728091668,0.02824183962231456,1.6008807845529043,9.630776806963068,0.019365949499056342,25,126,3.301084173826044,False,15.733374659772654,False,0.48175078230012575,False,0.82966673,False,False,0,OK,test
2026-09-21 20:46:57.311761+00:00,0.2228225839585773,-0.12911719643383288,0.6804107848704402,-0.3021046075358801,9.634631701150045,0.015118578920369104,28,126,2.7314639272508705,False,15.533060009103913,False,0.4483509644025669,False,0.7929838,False,False,0,OK,test
2026-09-21 20:51:59.001782+00:00,0.21208465364809045,-0.10589996487639075,0.034867344296826086,0.4851983592227477,9.637405703618866,0.014971394764005745,27,126,2.4507984884523366,False,15.32081805390693,False,0.4324855933689122,False,0.80187935,False,False,0,OK,test
2026-09-21 20:56:51.236794+00:00,0.2256709115495989,-0.11471364071264051,0.4264102298607888,-1.4776099683171777,9.63293894374668,0.016480219450483516,26,126,3.003854131766063,False,15.163579259226214,False,0.4662662802107594,False,0.6863842,False,False,0,OK,test
2026-09-21 21:01:54.356702+00:00,0.2038419158422069,-0.12076710571175657,0.5988020232025508,-0.2973976796135006,9.63509632383286,0.01787142286170974,28,126,2.928078555963306,False,14.964855979406131,False,0.45413485209554916,False,1.1772742,False,False,0,OK,test
2026-09-21 21:46:32.038051+00:00,0.22718905016553273,-0.15814601092088348,0.04332529472649511,-0.5505335440686948,9.629359283726503,0.01766095305355645,23,127,2.5665593091473453,False,15.009922469753919,False,0.4302289444990145,False,1.0196345,False,False,0,OK,test
2026-09-21 21:56:16.668017+00:00,0.2256262129472847,-0.09958782593204313,0.07532293446620848,-0.030469925855838527,9.62960790470285,0.010721046049820758,26,127,3.6372369601362626,False,15.094162169243187,False,0.49033646043100554,False,0.5451287,False,False,0,OK,test
2026-09-21 22:01:08.817296+00:00,0.2230751881162521,-0.09371842071038816,0.3610304277759723,0.4390291857311011,9.63356842998737,0.014743143673401356,29,127,2.6672645317171466,False,15.19356005331411,False,0.4368957431877,False,0.70950395,False,False,0,OK,test
2026-09-21 22:06:11.002867+00:00,0.22673180923053365,-0.05997018626655135,0.0419583645868483,-0.17815201031300987,9.640596415920946,0.01579029237643603,30,127,2.8069552887421816,False,15.325357082196431,False,0.4314729602572677,False,0.7064317,False,False,0,OK,test
2026-09-21 22:11:13.468330+00:00,0.22888098431047663,-0.09642797393912536,0.4767299905393828,0.2934732363786828,9.637453944547277,0.018015425489162226,30,127,3.1266348915945623,False,15.485679906780394,False,0.4545498254391796,False,0.7730469,False,False,0,OK,test
2026-09-21 22:16:15.329991+00:00,0.22196573190867067,-0.12568188051060478,-0.26649778172722793,0.6374613260201205,9.63753448493858,0.012064913185660107,26,127,3.384597776380861,False,15.649973240778621,False,0.4693205651050017,False,0.47729874,False,False,0,OK,test
2026-09-21 22:21:17.425514+00:00,0.23906708335293086,-0.08028564069887421,-0.47533120376438126,0.6989333988332215,9.640273867384648,0.016193977212506636,28,127,3.1190396234285465,False,15.884159845115938,False,0.4500434669874361,False,0.7754857,False,False,0,OK,test
2026-09-21 22:26:09.903693+00:00,0.21894755440753147,-0.08714048082165066,-1.0888269547355978,-0.13002387086964792,9.633375527529585,0.015445495363766633,23,127,3.568776658372044,False,16.086644155526983,False,0.48109689749489004,False,0.9519735,False,False,0,OK,test
2026-09-23 08:02:57.377703+00:00,77.53211048136126,-85.73128709211622,-4.070170183799197,1.459448262542561,9.80562529275308,0.019131126469709252,20,132,689.0981964714366,True,229.18498677258373,True,0.7098420771258549,True,4.2272143,True,False,4,OK,test
2026-09-23 08:07:30.503110+00:00,77.37439606313481,-85.66897819204107,4.429509134931267,-1.0940347296932507,9.798141310892984,0.03001889049995161,21,132,688.6062234243468,True,441.83828640592964,True,0.7178057631130953,True,9.34591,True,False,4,ALARM,test
2026-09-23 08:17:36.148791+00:00,77.46580473383747,-85.7124188696211,-2.5244755718960503,0.5654279053684877,9.811527265490751,0.014972426447273653,22,132,688.4782471042022,True,654.7129760352277,True,0.6852232567559445,True,2.490581,False,False,3,ALARM,test
2026-09-23 08:37:45.233049+00:00,76.86863147929623,-85.52250333893177,-0.26449993235329333,-0.2509855220877923,9.807609166706937,0.02539192785118949,20,132,685.067075973891,True,865.8915717734523,True,0.6719187947265296,True,4.9175406,True,False,4,ALARM,test
2026-09-23 08:42:19.784714+00:00,77.44770992020395,-85.77683678956183,21.26072807301381,-8.232019144332963,9.801346357336428,0.0402833712591188,20,132,691.5149663405621,True,1078.637449107333,True,0.7700346345047807,True,29.269405,True,False,4,ALARM,test
2026-09-23 08:47:37.622414+00:00,78.2936496342862,-86.0987166361339,-1.2486198413836656,0.31861728839827225,9.800136050297798,0.02107130750570562,20,132,695.0810758923767,True,1293.6801634371823,True,0.6992274119630804,True,4.8857307,True,False,4,ALARM,test
2026-09-23 08:57:35.442698+00:00,78.07260534115947,-86.00357385874453,3.843712298689029,-1.3572060978501874,9.808021013763494,0.05722761571129807,24,132,694.8115682100313,True,1508.0827971322906,True,0.7290463908104869,True,32.64164,True,False,4,ALARM,test
2026-09-23 09:02:26.563401+00:00,76.79009378559657,-85.57127767276792,-5.057635507972056,1.6181398806229834,9.799112076611689,0.04537301579589205,27,132,685.5885686646388,True,1718.9589819593823,True,0.7378127971287965,True,13.155102,True,False,4,ALARM,test
2026-09-23 09:26:02.668276+00:00,77.30509049698905,-85.74184585401441,1.840280766743128,-0.4952193880341455,9.801612619960663,0.01733758103013057,26,134,688.304124344808,True,1931.150951508565,True,0.6742733957372525,True,3.6307538,False,False,3,ALARM,test
2026-09-23 09:30:48.790645+00:00,77.43184144266688,-85.75615172789395,-7.566553665448051,2.8044342354114886,9.800416512952728,0.02034425935955642,24,134,689.4106893405494,True,2143.6733739938204,True,0.7294445546470243,True,10.240445,True,False,4,ALARM,test
2026-09-23 09:40:57.669897+00:00,77.03520952665085,-85.66950230966404,-0.4846474689705306,-0.014400533622859236,9.828814331398803,0.1282166376600149,27,134,688.8873582282815,True,2355.069319382366,True,0.7075130070334056,True,25.454681,True,False,4,ALARM,test
2026-09-23 09:45:49.289196+00:00,75.93107038006998,-85.30943117932402,-41.34781325198973,13.635341254317293,9.78655583431462,0.1033064481154115,24,134,686.3704826924104,True,2563.423801356845,True,0.763116024442019,True,163.17126,True,False,4,ALARM,test
