,dev_u,dev_v,slope_u,slope_v,norm,acc_std_max,n,session,maha,flag_maha,iso,flag_iso,session_shift_deg,flag_session_shift,flag_sensor,votes,status,split
2026-09-13 19:32:04.052218+00:00,0.48951715160899684,0.158018602585879,-0.12506568281409772,-1.4982728640546927,9.552122484116605,0.01591992077715902,28,0,3.7572534158867743,False,0.4941815243058923,False,,False,False,0,OK,train
2026-09-13 19:37:11.311717+00:00,0.48230515742863456,0.1564546001187647,0.013453678242699232,-0.9075099077200245,9.555661187756849,0.014777731365377755,27,0,3.1542612606759524,False,0.44798088770821987,False,,False,False,0,OK,train
2026-09-13 19:42:07.061284+00:00,0.5100271131123131,0.13665608602061957,0.5614732397741506,0.03979733066021673,9.553871184374696,0.016900070006679757,29,0,3.1291571272190977,False,0.457794477449997,False,,False,False,0,OK,train
2026-09-13 19:47:05.426125+00:00,0.4831715272184416,0.14107603821689213,0.14341919882815546,0.7234796871140753,9.549899994086482,0.0153478192442951,30,0,3.6732715479405624,False,0.4636236148521593,False,,False,False,0,OK,train
2026-09-13 19:52:07.341131+00:00,0.5069255575057613,0.11387824942681805,-0.22818631160168307,-0.22040757552748652,9.548782955476913,0.013488004976281335,29,0,3.5446879511150406,False,0.4761161870116877,False,,False,False,0,OK,train
2026-09-13 19:57:04.591754+00:00,0.5318756249824877,0.15638444539911883,0.638907086283659,0.834735718594663,9.55433611969515,0.01617646452520285,21,0,3.2184820791089574,False,0.4735504377349458,False,,False,False,0,OK,train
2026-09-13 20:02:09.016772+00:00,0.5211168300800554,0.1463346273548481,0.7465641189969144,0.5381472782725204,9.55334141346681,0.014487116456005856,27,0,3.367180422649574,False,0.47010449229108076,False,,False,False,0,OK,train
2026-09-13 20:07:11.942393+00:00,0.4982080772670315,0.16651826072674095,0.4995161589042265,-0.5004178101964238,9.552424841088564,0.015431712643191611,28,0,3.5474021049433477,False,0.45596886782406104,False,,False,False,0,OK,train
2026-09-13 20:12:12.502017+00:00,0.501568392860625,0.13156981813091,0.6227822355521146,-0.9080575979131557,9.553751952304447,0.01614269911427072,28,0,3.2209659373714636,False,0.45821492242144457,False,,False,False,0,OK,train
2026-09-13 20:17:10.307560+00:00,0.5265624077117012,0.1765681590594629,-0.411369088157758,0.027438928076092915,9.547779424073541,0.013558347069887898,29,0,3.863635521012391,False,0.48354263290271066,False,,False,False,0,OK,train
2026-09-13 20:22:14.392052+00:00,0.4773946231682268,0.19187872711581969,-0.04741019479456632,-0.7441844621875475,9.555466345479086,0.015219363097044044,29,0,3.726107225164006,False,0.43620273323597714,False,,False,False,0,OK,train
2026-09-13 20:27:08.171955+00:00,0.48913774420326706,0.13711988157120045,-0.3768801911846203,0.7721435688259183,9.54974255381719,0.013316656236958763,30,0,3.7464119000610383,False,0.4785748668984118,False,,False,False,0,OK,train
2026-09-13 20:32:12.111618+00:00,0.5105350925814595,0.14232496732348288,0.08398321340654846,-0.0649455848645196,9.55176750849347,0.014640127503998476,30,0,2.9840818348767737,False,0.4321423789174517,False,,False,False,0,OK,train
2026-09-13 20:37:12.946547+00:00,0.5063478375056569,0.16765611391980995,-0.1282568385635829,-0.7286837044267088,9.548785851519078,0.016196707484341762,30,0,3.736499349911403,False,0.4517819019801069,False,,False,False,0,OK,train
2026-09-13 20:47:10.274312+00:00,0.4975317954572156,0.15867994942243377,-0.40905791480345466,-0.12222432947871598,9.550877854311544,0.015195906576917691,29,0,3.420190808419736,False,0.4389666438862721,False,,False,False,0,OK,train
2026-09-13 20:52:10.182609+00:00,0.49130529610924295,0.14902168983249933,-0.19273270960337596,-0.47835544583460526,9.550178453585051,0.01390443574307627,30,0,3.5516032315064363,False,0.4485300909438814,False,,False,False,0,OK,train
2026-09-13 20:57:16.063412+00:00,0.5055492900797998,0.14674992040839507,-0.31419170838532784,0.6418635478742545,9.553500475674735,0.015891853900919246,28,0,2.8970340221068858,False,0.4454952477032177,False,,False,False,0,OK,train
2026-09-13 21:02:05.783277+00:00,0.5178524833653552,0.12224567705224909,-0.25778879834491153,-0.5000584457857623,9.555507383542487,0.016548475483147262,28,0,2.439582194127707,False,0.4245274597826529,False,,False,False,0,OK,train
2026-09-13 21:07:07.228017+00:00,0.5043906421955029,0.12474397934742527,0.32320023858076463,0.14391665015517321,9.55469891666706,0.016350747346085118,28,0,2.6475461311919832,False,0.4229437593472775,False,,False,False,0,OK,train
2026-09-13 21:12:09.154425+00:00,0.5017070680849559,0.15688321307506214,0.2309724978197409,0.7865377493583653,9.554570144650608,0.01621190268758464,27,0,2.9828193091530775,False,0.4382931834691311,False,,False,False,0,OK,train
2026-09-13 21:17:12.953898+00:00,0.5263085208746875,0.17772230872999117,-0.3048938884691337,0.011632187462226225,9.557957583712504,0.01679947089113884,30,0,2.516889176261438,False,0.4193960078313527,False,,False,False,0,OK,train
2026-09-13 21:27:15.253032+00:00,0.5116622212026068,0.12208238438220527,0.6369319407184652,-1.9763726722011459,9.555975657778221,0.01676290243243046,28,0,3.3665748873310495,False,0.49731186800632843,False,,False,False,0,OK,train
2026-09-13 21:32:04.838959+00:00,0.5146843231414369,0.12898220700761145,0.0396760440637782,-1.0109846133564457,9.55489925465385,0.017272328544042138,30,0,2.706842189324819,False,0.4394394073398545,False,,False,False,0,OK,train
2026-09-13 21:37:13.593225+00:00,0.4895033785805391,0.15504883412359788,0.5240994632064166,-0.9972774550385858,9.554463545401749,0.015959222710904986,29,0,3.2822020766599764,False,0.44714276559848276,False,,False,False,0,OK,train
2026-09-13 21:42:08.797627+00:00,0.5190267410165526,0.15919480151910514,-0.029318356787221053,-0.4096473228052348,9.554475132487498,0.013627702877384903,28,0,2.7498683528502723,False,0.4227259232350894,False,,False,False,0,OK,train
2026-09-13 21:47:10.393454+00:00,0.4997383484395691,0.18115488908521976,0.06588670664458914,-0.11205107663296544,9.5552621506953,0.01337442228538351,27,0,3.2268147419013884,False,0.43072129591849617,False,,False,False,0,OK,train
2026-09-13 21:52:04.797354+00:00,0.4936633740829711,0.1512499773113788,0.3621503982943938,0.4026252700242269,9.555522571480697,0.015155444566227642,32,0,2.8155364794102105,False,0.4233727480065164,False,,False,False,0,OK,train
2026-09-13 21:57:14.139596+00:00,0.5139534100929155,0.1362594185720621,-0.7582260173431739,1.5882273766218966,9.55597370047294,0.019273499009270625,27,0,3.654144255442399,False,0.5247195211274429,False,,False,False,0,OK,train
2026-09-13 22:02:04.953745+00:00,0.5311305518377494,0.16261600235410845,-0.02562881909473464,-1.0090909846451683,9.555293539872803,0.016189792308735743,32,0,2.583398041982235,False,0.4260120005961245,False,,False,False,0,OK,train
2026-09-13 22:12:08.507037+00:00,0.535332929429951,0.18193017099852563,0.1840243310224063,-0.13980906728065678,9.55661593792652,0.014227560205030028,28,0,2.5036547024372102,False,0.41426736381819274,False,,False,False,0,OK,train
2026-09-13 22:17:12.652151+00:00,0.5256732719443105,0.11041436069432041,0.8998276855968489,1.263719641460892,9.556153267167918,0.012423096769055883,30,0,3.8182696802374134,False,0.5133403723614026,False,,False,False,0,OK,train
2026-09-13 22:22:09.912388+00:00,0.5043281246897408,0.14639167453415647,-0.03537096975515854,-0.26679839965005697,9.55159312011734,0.014761059883656327,30,0,3.0235414656836714,False,0.4254611002770288,False,,False,False,0,OK,train
2026-09-14 18:07:57.429585+00:00,0.5780094555359606,0.18975634163228264,-0.9700392127042995,1.5018599707524563,9.565062769303683,0.014976833963009487,24,1,3.56653595786615,False,0.5727536188027494,True,,False,False,0,OK,train
2026-09-14 18:12:41.409776+00:00,0.5737661024998185,0.16175982137116057,-0.03581979687451168,-0.6267512592527456,9.569383598825961,0.01736401210330522,27,1,2.680381761469528,False,0.4719187798153819,False,,False,False,0,OK,train
2026-09-14 18:17:47.589463+00:00,0.5785485502205331,0.1512206627843776,-0.03120126783843689,-0.13626476792898978,9.562819603534933,0.015135419808668523,27,1,2.1575718110811004,False,0.4635179565660215,False,,False,False,0,OK,train
2026-09-14 18:23:02.360016+00:00,0.5889672502300154,0.1531781044104735,-0.05660474557646254,-1.2881994197837023,9.56862907642999,0.01414213562373092,27,1,2.6510838315117535,False,0.49309686980500966,False,,False,False,0,OK,train
2026-09-14 18:27:45.089689+00:00,0.5970797200505695,0.13209183400761623,0.7228993426026382,0.5143680453279509,9.569393678627668,0.012071042174211682,26,1,3.467138886828028,False,0.5149485307097493,False,,False,False,0,OK,train
2026-09-14 18:32:44.504372+00:00,0.584295399987811,0.17663061259359047,-0.49071087513332856,0.49707718113677507,9.569997612121293,0.013316656236958756,30,1,2.768563628200424,False,0.4868145976734997,False,,False,False,0,OK,train
2026-09-14 18:37:46.384807+00:00,0.5655160724793615,0.1677691977572242,-0.9719718397981114,-0.05764974212199764,9.571916572163838,0.01481740718059521,30,1,3.1624529250506703,False,0.49151504350989045,False,,False,False,0,OK,train
2026-09-14 18:42:47.544178+00:00,0.5897062402515577,0.18160838808699734,-0.04822774750294657,-0.20800471140979943,9.56512817312745,0.013283696747764256,29,1,2.372343709689716,False,0.46968896827359247,False,,False,False,0,OK,train
2026-09-14 18:49:18.921907+00:00,0.5760703806678258,0.2175363248215149,0.006781614890800872,0.37802229685668465,9.565601167267594,0.016271140095272953,20,1,2.929664197704608,False,0.46673423870120134,False,,False,False,0,OK,train
2026-09-14 18:52:40.342484+00:00,0.5865691368259145,0.17821284183687813,0.2211674484753434,-0.4174751510138767,9.563407052898494,0.01328369674776401,29,1,2.3889746057124213,False,0.47446442387611415,False,,False,False,0,OK,train
2026-09-14 18:57:42.347346+00:00,0.5816526960511027,0.19039962374835273,0.027851547703046316,0.29084373677094294,9.568855674039185,0.013238864703760286,29,1,2.5526434706814163,False,0.4595186825731456,False,,False,False,0,OK,train
2026-09-14 19:02:44.816469+00:00,0.5659563929192422,0.17874002224622118,0.8775430364754789,-0.5240628155527876,9.566922753844224,0.019211570037495306,29,1,3.4848195597885145,False,0.49991041435746547,False,,False,False,0,OK,train
2026-09-14 19:07:49.251325+00:00,0.5801146046078419,0.15846150662544442,-0.3071916024241452,-1.405457639236905,9.566068079521413,0.013628326100254795,29,1,2.598890369267442,False,0.486938432256079,False,,False,False,0,OK,train
2026-09-14 19:12:48.471632+00:00,0.5799145578231554,0.1564938614591008,0.43466491447204875,-0.3402191783606367,9.56570757542132,0.018096057604692285,29,1,2.6219672393949844,False,0.4578689433978686,False,,False,False,0,OK,train
2026-09-14 19:17:42.263361+00:00,0.5902872393488099,0.17719157090875337,0.4423287462923807,-0.059068589461990464,9.566569430319472,0.017558018785405086,26,1,2.6342113414414285,False,0.45281488737481335,False,,False,False,0,OK,train
2026-09-14 19:22:41.373831+00:00,0.5925760020904394,0.16938647560019746,-0.5509534642860057,-1.1898429753517552,9.569462936281548,0.018918436861165767,29,1,3.397408152626127,False,0.49939342135910475,False,,False,False,0,OK,train
2026-09-14 19:32:15.131350+00:00,0.5855032268675582,0.1685423413550937,-0.7165814322491967,0.2781287226301477,9.565511663677992,0.013337499349161671,30,2,2.5732429289485284,False,0.4726623556291821,False,,False,False,0,OK,train
2026-09-14 19:37:16.492268+00:00,0.5803924959365525,0.1718921656620594,-0.059688154796461806,0.9370458038787381,9.566999232693416,0.01968925256749645,30,2,3.1210242202155953,False,0.48430343820978294,False,,False,False,0,OK,train
2026-09-14 19:42:29.237178+00:00,0.5706156599580895,0.15714691780151474,-0.09829918336046804,0.1292519200564804,9.564320899740933,0.012387246568588755,28,2,2.253124007213075,False,0.446946159025829,False,,False,False,0,OK,train
2026-09-14 19:47:21.071939+00:00,0.5844343080439391,0.1583012051977359,0.14995213524337173,0.22804228991926603,9.56633532140474,0.013628326100254795,29,2,1.9941971704967485,False,0.43162012963648616,False,,False,False,0,OK,train
2026-09-14 19:52:22.747315+00:00,0.5854451719657001,0.15375594486488045,-0.07309045050278792,0.19149030567769498,9.567258931833313,0.015811388300841864,28,2,1.9319253564628278,False,0.4182797244077295,False,,False,False,0,OK,train
2026-09-14 19:57:15.711579+00:00,0.5864209689001983,0.18010361358453644,-0.5487306501493957,0.14851183946134894,9.5657620185491,0.01740865372421988,28,2,2.559631726605761,False,0.44496487764695614,False,,False,False,0,OK,train
2026-09-14 20:02:15.746101+00:00,0.5802280798020362,0.14125258570842125,0.36376855507703415,-0.38245134833843336,9.565284594937067,0.015475986974648994,27,2,1.9325241528206762,False,0.41796363389903135,False,,False,False,0,OK,train
2026-09-14 20:07:19.465512+00:00,0.5659742036418811,0.16638116399867106,-0.29380237288455924,-0.9958747850339327,9.566765817741196,0.013488004976281309,29,2,2.226835311310331,False,0.44609088710455,False,,False,False,0,OK,train
2026-09-14 20:12:20.836395+00:00,0.5915948218668077,0.12268011018624496,0.3132548127682435,-0.7700471301770847,9.56972979337099,0.011618950038622232,20,2,3.0447954083828757,False,0.4636108991046844,False,,False,False,0,OK,train
2026-09-14 20:17:22.616241+00:00,0.5645901208402951,0.1961294943305522,-0.4672400090336184,1.3989967287141398,9.565072956101842,0.0203594336815524,29,2,3.6653871497369455,False,0.5061510743913585,False,,False,False,0,OK,train
2026-09-14 20:22:24.798503+00:00,0.5815314714013545,0.13620310994949747,-0.34341451978842985,-0.44963641375058333,9.564734549078704,0.013157782088509574,29,2,2.103740953884085,False,0.431356227881289,False,,False,False,0,OK,train
2026-09-14 20:27:17.053317+00:00,0.5878868168933148,0.16255670668106098,0.5885173326951268,-0.6921814054624714,9.569162670023273,0.014333178293735104,25,2,2.332900995031153,False,0.4355612724577804,False,,False,False,0,OK,train
2026-09-14 20:32:16.390573+00:00,0.5929009881299498,0.16876759248619713,-0.526466399985025,0.1178797741732793,9.57235106298778,0.01687287401573957,28,2,2.6998025312044187,False,0.4312518235909513,False,,False,False,0,OK,train
2026-09-14 20:37:18.555830+00:00,0.5863637597015213,0.15744262839106724,0.17877437033525975,-1.0778650089024902,9.568728960052846,0.015795245991068532,28,2,2.1164011681281587,False,0.42783461364743625,False,,False,False,0,OK,train
2026-09-14 20:42:23.908058+00:00,0.6032960911439766,0.12292082500816306,0.010887281143469813,-1.4018732333287622,9.566398054853545,0.012998461447417502,25,2,2.7139392267545914,False,0.45927779945467145,False,,False,False,0,OK,train
2026-09-14 20:47:25.278110+00:00,0.6058091459084526,0.1652373687432984,0.036298733597318916,-0.2566388730587903,9.565590740520019,0.0151312286887963,28,2,1.7090084960082097,False,0.40430186977831317,False,,False,False,0,OK,train
2026-09-14 20:52:19.582755+00:00,0.5853553905290992,0.16582650203367358,-1.3109669876399566,-0.5287951970995892,9.568428776795804,0.015540046832476236,24,2,3.4375934204013197,False,0.4984067796640862,False,,False,False,0,OK,train
2026-09-14 20:57:35.506263+00:00,0.5845038782784383,0.1465075197571086,0.09374594335830065,0.04985490871473937,9.567419646436768,0.012432216214335778,25,2,2.1474646555551127,False,0.42676062842600326,False,,False,False,0,OK,train
2026-09-14 21:02:17.088512+00:00,0.5851270278004672,0.15528227492647267,-0.02910880094676197,0.392195787074079,9.569110278592463,0.014539275516489042,26,2,1.7880112413342535,False,0.4056268681557963,False,,False,False,0,OK,train
2026-09-14 21:07:15.287699+00:00,0.5698448283840729,0.1925138590787598,-0.14079723933822308,0.6298265499123586,9.56691919094139,0.012596565777534532,28,2,2.418783362033578,False,0.44204359517459846,False,,False,False,0,OK,train
2026-09-14 21:12:30.590476+00:00,0.5779983383164833,0.16013075652962758,-0.4144377184054704,0.1166031302772771,9.572508705179517,0.011649647450214363,28,2,2.7943192402451014,False,0.4574758595859431,False,,False,False,0,OK,train
2026-09-14 21:17:24.464034+00:00,0.596685333021088,0.17903390592802118,-0.12374719852745983,0.7186051686371452,9.566695532694153,0.012555432644432768,24,2,2.281113132743518,False,0.4434582643005764,False,,False,False,0,OK,train
2026-09-14 21:22:19.995036+00:00,0.5896171876191092,0.15886476683027856,-0.8328567231014988,-0.18061078436065664,9.570486654448713,0.016111062240914204,28,2,2.677485499233726,False,0.4446210632434089,False,,False,False,0,OK,train
2026-09-14 21:27:23.747580+00:00,0.5721514212172181,0.19357964674413564,0.3782084496899787,0.01486272334025096,9.567732471936955,0.0137436854187255,24,2,2.1627830299963002,False,0.41906672614596885,False,,False,False,0,OK,train
2026-09-14 21:32:17.723984+00:00,0.5907314769580498,0.1781661159821072,-0.14615701463965097,-0.2747679762997737,9.5698132561969,0.014570685188086399,33,2,1.8241110661815942,False,0.4064184854100213,False,,False,False,0,OK,train
2026-09-14 21:42:19.529006+00:00,0.5814682907100432,0.16055318206608502,-0.02243871511819526,-0.020620600457227595,9.569733943984218,0.016498839966095864,23,2,1.7792344632198944,False,0.4006154874618388,False,,False,False,0,OK,train
2026-09-14 21:47:16.993839+00:00,0.5867988007709714,0.17169603453170473,-0.18846656649166832,0.5016135755561156,9.574149670935604,0.013790218719263796,23,2,2.304894255373523,False,0.427421794604567,False,,False,False,0,OK,train
2026-09-14 21:52:20.310754+00:00,0.5617311310066637,0.18061530389729208,0.34730391272096195,-0.9734549213740077,9.566217380269736,0.013879481258317946,25,2,2.0649522800548246,False,0.4297885449962489,False,,False,False,0,OK,train
2026-09-14 21:57:24.955849+00:00,0.6005764938456544,0.1402983070169651,0.9945632999693765,-0.5383101109310546,9.573304619061307,0.010718023747774157,22,2,4.016840205067625,False,0.5129650929388797,False,,False,False,0,OK,train
2026-09-14 22:17:21.097048+00:00,0.5786987413854705,0.15627720563601658,0.041501431387535204,-0.3714692332478076,9.566616222214193,0.015511401178793986,27,2,1.340428805967242,False,0.3928088831487968,False,,False,False,0,OK,train
2026-09-14 22:23:21.696346+00:00,0.5685867274938258,0.12703567492618537,-0.5802168105262773,1.0328744307221847,9.565935209896667,0.01499311136588238,22,2,2.2632930525791832,False,0.44300952515401226,False,,False,False,0,OK,train
2026-09-14 22:27:16.535522+00:00,0.6098118855678746,0.1674465856612187,-0.1233785855370268,0.23627114033242325,9.566558465935474,0.014487116456005854,27,2,1.5866538619499089,False,0.40270906128697487,False,,False,False,0,OK,train
2026-09-14 22:32:22.933634+00:00,0.5904836321397644,0.2003570030282556,0.22193272136258202,0.10436210667998166,9.566877083711868,0.016495679374203653,22,2,1.9268506046199987,False,0.4053926417627079,False,,False,False,0,OK,train
2026-09-14 22:42:16.038249+00:00,0.594004489259502,0.21982583542728812,0.02144663139657096,-0.8200111769409284,9.569339020829444,0.015523412362008101,26,2,2.334406273305917,False,0.4171701313926179,False,,False,False,0,OK,train
2026-09-14 22:52:21.789710+00:00,0.5657817592050312,0.22825608612957465,-0.47645618952690094,-1.0267278829828366,9.568438789299055,0.014790199457749006,20,2,2.884753205405015,False,0.4449727213179134,False,,False,False,0,OK,train
2026-09-14 23:37:23.548965+00:00,0.5896835574591485,0.1874766692827054,0.06076279344497145,-1.307448065947184,9.569415321556194,0.015974276659457803,26,3,2.0486392383942555,False,0.42996868523675497,False,,False,False,0,OK,train
2026-09-14 23:42:27.262127+00:00,0.5898127559647798,0.2124721284960758,0.8080144615588762,0.9543293671335258,9.570250108947992,0.01858640754569168,22,3,3.3172008241018105,False,0.481852903607091,False,,False,False,0,OK,train
2026-09-15 00:31:33.166760+00:00,0.6018070990143557,0.18200534220010642,0.7682634079014897,0.47142907076967383,9.571488851203615,0.013055824196677307,22,4,2.6979935499281837,False,0.4511656986230566,False,,False,False,0,OK,train
2026-09-15 00:36:37.514795+00:00,0.5820843518931611,0.1607886750906071,0.018479204272118653,-0.21814970666570457,9.567638633372972,0.016809521111560526,25,4,1.5544435774377956,False,0.39717882265896837,False,,False,False,0,OK,train
2026-09-15 00:41:39.286050+00:00,0.5802216271980002,0.17955347273959987,0.6963148840568131,-1.3327397065684614,9.56870169439354,0.016752313273097508,25,4,2.465260941653786,False,0.4503374822897007,False,,False,False,0,OK,train
2026-09-15 00:46:39.628090+00:00,0.5911190198014739,0.13209399335261482,-0.6551470385985474,-0.5939289148780672,9.566964170109395,0.01399527665303693,22,4,2.5006696902589827,False,0.4367889975381001,False,,False,False,0,OK,train
2026-09-15 00:56:42.139160+00:00,0.5811010921394161,0.14760674289454373,0.3708627628490563,-0.8294035603662716,9.568224953064846,0.0168762334730184,21,4,2.0414406078014578,False,0.4180775970830089,False,,False,False,0,OK,train
2026-09-15 01:01:36.353902+00:00,0.5953861771285816,0.15381323735775987,-0.2513095271171426,-1.245527361320371,9.567133908301534,0.017419766814227685,29,4,2.3882715007665047,False,0.43483898249406966,False,,False,False,0,OK,train
2026-09-15 01:06:48.344300+00:00,0.6058007825529499,0.1341724055602707,-0.26703686380172537,1.5539721724643953,9.56856021213862,0.014889399412871972,22,4,2.9127608081132186,False,0.4622606821194701,False,,False,False,0,OK,train
2026-09-15 01:21:34.534808+00:00,0.588835019961249,0.16593795291213354,0.4904739049334051,0.37725002418561376,9.573835433251164,0.021065374432940865,24,4,3.4649885511872585,False,0.4713198165230037,False,,False,False,0,OK,train
2026-09-15 01:26:33.339102+00:00,0.5880796620793314,0.15940197866290548,0.29761935375598386,-0.085492134609953,9.566881995960626,0.012759698952380145,22,4,2.031842839675251,False,0.4220036771638176,False,,False,False,0,OK,train
2026-09-15 01:31:37.264747+00:00,0.5837573159956605,0.1588594759457628,0.1753527389274721,-0.0428911230229116,9.571025333885052,0.010999438818457366,27,4,2.863836600645662,False,0.46420213275603095,False,,False,False,0,OK,train
2026-09-15 01:36:39.257075+00:00,0.6174497171997991,0.13507376888660302,0.4299284965685264,-0.09891063106083274,9.568337991631173,0.011954545291189113,23,4,3.0739466880362496,False,0.44700306200605266,False,,False,False,0,OK,train
2026-09-15 01:46:43.097963+00:00,0.6119557164864304,0.16596309691950234,0.15618378652882073,-0.11209450477488712,9.573913183125402,0.01444818327679986,20,4,2.238448344106773,False,0.4060835035276163,False,,False,False,0,OK,train
2026-09-15 02:01:38.468793+00:00,0.6150044677776535,0.1546114611420881,0.01839788944811311,-0.184198820444909,9.572019646046096,0.01557659736552009,21,4,2.3185931031225993,False,0.39975999933667833,False,,False,False,0,OK,train
2026-09-15 02:17:15.243691+00:00,0.6001680640219825,0.14689945175367478,0.16702214592935358,-0.5154122849826227,9.571708200372305,0.012219065248845959,24,4,2.7078039755635235,False,0.4396699200366792,False,,False,False,0,OK,train
2026-09-15 02:21:35.601475+00:00,0.6002349803563445,0.12734961153750474,-0.48003159297739295,-0.7093589225953553,9.57295433865501,0.01099818166789378,25,4,3.737265223034236,False,0.48989363218340914,False,,False,False,0,OK,train
2026-09-15 02:26:38.304433+00:00,0.6069552607667753,0.15814570934888755,0.2673166908987625,-0.31553011954274635,9.57466203572843,0.013169567191065644,24,4,2.606243472386372,False,0.42074242836260667,False,,False,False,0,OK,train
2026-09-15 03:22:58.845779+00:00,0.5415837083412676,0.3503428852354255,0.4586976120596665,-0.18975060957984533,9.570403643446742,0.018421970541401315,27,5,5.737586981248406,True,0.4871591189584043,False,0.18697974129559408,True,False,2,OK,train
2026-09-15 03:28:01.544820+00:00,0.5485692588954406,0.34702148106727115,0.10397859853709208,0.21102904934902397,9.57770388970927,0.019965676995471943,27,5,5.764271883200778,True,0.4957907374084673,False,0.18697974129559408,True,False,2,ALARM,train
2026-09-15 03:52:59.985749+00:00,0.5256496795667827,0.3372808726940955,-0.5095464602606092,-0.6770830410010026,9.57302509900168,0.015779733838059504,20,5,5.345310909797121,True,0.4813167450304122,False,0.18697974129559408,True,False,2,ALARM,train
2026-09-15 06:13:27.984833+00:00,0.5542561674776513,0.39240888568920157,0.45319184222826353,-0.6801458320345531,9.575427819462588,0.015131228688796185,28,6,6.561369163479818,True,0.5419534369320413,False,0.2035751620017908,True,False,2,ALARM,train
2026-09-15 06:18:41.008740+00:00,0.5492062872512463,0.35516647840253035,0.4195888774213637,0.6133071040762974,9.568598430646473,0.023038774359043942,22,6,6.504305036900447,True,0.5984610682969215,True,0.2035751620017908,True,False,2,ALARM,train
2026-09-15 07:45:15.628117+00:00,0.510081780086723,0.34554476321277316,-1.0392047418926684,0.07696175089391961,9.581483470770475,0.02487971060924936,20,8,7.378834490905471,True,0.6412671254770895,True,0.15116886399062554,True,False,2,ALARM,train
2026-09-15 07:50:12.924064+00:00,0.5570953265860087,0.3384619160428456,0.1735661229196709,1.21780636176653,9.570450753695459,0.014456832294800971,20,8,5.316658005971939,True,0.5927525239399917,True,0.15116886399062554,True,False,2,ALARM,train
2026-09-15 09:28:57.308496+00:00,0.6376994017176656,0.43569561016343916,1.495210030394403,2.529112876891939,9.625202037094532,0.14022392805794598,20,10,21.783202812651226,True,0.7740079075178327,True,0.07122858471459116,False,False,1,WATCH,train
2026-09-15 09:48:56.449812+00:00,0.5554749186881783,0.318678218409093,0.18587773141852088,0.37031841329446474,9.572126190078055,0.01840522651175368,23,10,5.339599269200546,True,0.6056954829527464,True,0.07122858471459116,False,False,1,WATCH,train
2026-09-15 09:53:58.834796+00:00,0.5689264415706529,0.34655240653580704,0.7938182123454838,0.6278814375336457,9.572600261772903,0.013635890143294352,24,10,5.9888848529743255,True,0.6347539355148061,True,0.07122858471459116,False,False,1,WATCH,train
2026-09-15 10:03:51.133567+00:00,0.947194337702765,0.9265032705752763,-1.1343714996100962,0.5380387141879042,9.572454769749664,0.018138357147217028,20,10,18.42070524408552,True,0.7326202787710394,True,0.07122858471459116,False,False,1,WATCH,train
2026-09-15 11:18:22.962816+00:00,0.2945953666343998,0.45346844041977835,-0.713516989615092,-1.3850351118781943,9.57408459460084,0.014609235163625648,22,11,12.05509952241223,True,0.6243221200047959,True,0.2782980525062608,True,False,2,WATCH,train
2026-09-15 11:52:24.347054+00:00,0.3033363845046843,0.44228730013916695,-0.8292282148417418,1.4450442631762461,9.57469590140419,0.014552555085074668,22,12,11.585950535795433,True,0.6293514137875048,True,0.23042132023402453,True,False,2,ALARM,train
2026-09-15 11:57:16.266406+00:00,0.31739016124966934,0.426122719195509,-0.5694154110315514,-0.11778570549897945,9.568897855063783,0.014352700094407018,20,12,11.082279824316105,True,0.6034592324965683,True,0.23042132023402453,True,False,2,ALARM,train
2026-09-15 12:02:06.502488+00:00,0.3171844465222135,0.4078079390578532,-0.1611566352737045,-0.2365131238704507,9.57859371951112,0.02182291615301421,22,12,10.571872408607778,True,0.6008306731542442,True,0.23042132023402453,True,False,2,ALARM,train
2026-09-15 21:05:25.851596+00:00,0.3579511985872337,0.4567428361159598,0.9019235083003957,1.0360988173036811,9.577458206524218,0.02047610395884271,24,23,12.17632804796519,True,0.554529114689786,False,0.18749482910389992,True,False,2,ALARM,train
2026-09-17 08:13:08.369446+00:00,-0.06355572486295456,-0.07947377227715165,0.29438411974960144,1.4499886602999343,9.599437473983008,0.012848321488792431,21,25,2.967664800125548,False,0.43507694935840696,False,0.6643972268554043,True,False,1,WATCH,train
2026-09-17 08:27:45.627092+00:00,-0.06890297923851485,-0.09101151736071196,0.398617161112755,-0.9131753451880034,9.5999050418407,0.016983385238216214,21,25,2.27956319505435,False,0.4045319909306516,False,0.6643972268554043,True,False,1,WATCH,train
2026-09-17 08:53:23.782985+00:00,-0.0711599530050041,-0.10020756280526825,0.06301251793393879,-0.540440445555488,9.601504130445116,0.013867504905630742,26,26,1.9696110776079667,False,0.39160205388224195,False,0.6604804796029865,True,False,1,WATCH,train
2026-09-17 08:58:17.627496+00:00,-0.04770644620324538,-0.1406847675807721,0.009228994466697745,-1.529919903538358,9.604863519207717,0.01708402485731756,26,26,2.975468849244818,False,0.42142685124771634,False,0.6604804796029865,True,False,1,WATCH,train
2026-09-17 09:03:33.289874+00:00,-0.08210086487801317,-0.1210920226459386,1.2340844631325625,-1.3654436095481362,9.597549865695527,0.01678603089873642,24,26,3.9402281351319695,False,0.5072968535528268,False,0.6604804796029865,True,False,1,WATCH,train
2026-09-17 09:08:16.465788+00:00,-0.07428001936025193,-0.13879999091510983,-0.6514320996340499,1.017076744245091,9.59998671379081,0.02092887363140431,26,26,3.9213089241863055,False,0.4832487649838431,False,0.6604804796029865,True,False,1,WATCH,train
2026-09-17 09:13:16.537147+00:00,-0.06844891889762816,-0.09436968935598422,-0.4683451754814594,-1.3394559578330294,9.599731955676907,0.015011023044897466,23,26,2.539756892033065,False,0.41844094461624687,False,0.6604804796029865,True,False,1,WATCH,train
2026-09-17 09:18:17.422953+00:00,-0.06654431875954353,-0.11043921113140327,-0.10401013570360608,-1.386710601482249,9.601985014305955,0.018633899812498262,24,26,2.663145356736764,False,0.4250163902284492,False,0.6604804796029865,True,False,1,WATCH,train
2026-09-17 09:28:25.006690+00:00,-0.069615943632944,-0.09089194649666632,-0.8589302167959995,0.8739521564908403,9.598474050044391,0.015164388470556633,22,26,2.8240033506753317,False,0.44494989980667915,False,0.6604804796029865,True,False,1,WATCH,train
2026-09-17 09:43:22.286507+00:00,-0.06626935879883186,-0.11008747411636566,-0.22810790732783823,-0.24489547419223573,9.603750155835728,0.019306734576307837,20,26,2.361226033875602,False,0.4058460262652972,False,0.6604804796029865,True,False,1,WATCH,train
2026-09-17 09:48:25.080853+00:00,-0.06799755678300651,-0.0783015165032062,-0.21017567887042823,0.7332136059446511,9.600879191094545,0.01582445016866293,22,26,1.766382383034261,False,0.3888116211146034,False,0.6604804796029865,True,False,1,WATCH,train
2026-09-17 10:33:44.035672+00:00,-0.05166485625278413,-0.09925526063570743,-0.029523940289504867,1.228218236766207,9.599036099142342,0.016733200530681527,20,27,2.3810371586628065,False,0.4153758544284355,False,0.6369300478916204,True,False,1,WATCH,train
2026-09-17 10:58:52.211994+00:00,-0.04711870399681321,-0.11371673032910265,-0.4793583729078605,0.25943698686903877,9.605335329838793,0.012884098726725137,20,27,2.2222022418141596,False,0.40705078009724327,False,0.6369300478916204,True,False,1,WATCH,train
2026-09-17 11:03:44.797124+00:00,-0.05389073800073718,-0.1178705198827098,-0.4649786542641485,-0.3216920165304826,9.602061109200648,0.013819269959813873,24,27,2.1615249814020863,False,0.4029389718398406,False,0.6369300478916204,True,False,1,WATCH,train
2026-09-17 11:08:46.457748+00:00,-0.058274760160790695,-0.07557961290282542,0.9328297071866092,1.6491546906111805,9.607014235307863,0.02290742237791062,20,27,4.23347550707325,False,0.5224158533022571,False,0.6369300478916204,True,False,1,WATCH,train
2026-09-17 11:13:59.697135+00:00,-0.03764884174037294,-0.07270452020249576,-0.05328096324154412,0.9065684946722902,9.603808661138421,0.014677176197545196,21,27,1.3484219651622893,False,0.39443177012424574,False,0.6369300478916204,True,False,1,WATCH,train
2026-09-17 11:18:51.026490+00:00,-0.03771855033485041,-0.060556069930271905,-0.6667104028230652,-2.355864845628016,9.607868719546424,0.02263462809256847,24,27,4.290136297142187,False,0.5458176457339565,False,0.6369300478916204,True,False,1,WATCH,train
2026-09-17 11:23:45.337948+00:00,-0.07083125674088754,-0.0987027224432751,-0.424640218509137,0.2603513148852158,9.604375162113747,0.014032135491302744,22,27,1.5402883910776723,False,0.39274660068182116,False,0.6369300478916204,True,False,1,WATCH,train
2026-09-17 11:43:48.219086+00:00,-0.08774316596762927,-0.06756299904630174,-0.01147757429984135,0.01865325231597602,9.600784253090014,0.016827350421923896,24,27,1.8196748703699046,False,0.38759165157567366,False,0.6369300478916204,True,False,1,WATCH,train
2026-09-17 11:48:45.991183+00:00,-0.05674678101779083,-0.1040435439842877,0.1373839087095678,-0.06746363349040094,9.596053569595222,0.016093476939431094,20,27,2.1464697166598747,False,0.39468246950558533,False,0.6369300478916204,True,False,1,WATCH,train
2026-09-17 11:53:51.771832+00:00,-0.0859461123876034,-0.0740446486789239,-0.15753644749292886,-1.1983184528550042,9.601818403996084,0.01626775952613022,25,27,1.9989471393732179,False,0.40042046656158975,False,0.6369300478916204,True,False,1,WATCH,train
2026-09-17 12:08:57.093165+00:00,-0.04995777358867421,-0.10137612437706855,-0.13593485537263963,-1.8145835431013637,9.604273975461785,0.016832508230603477,24,27,2.2554035649197637,False,0.4263643820744129,False,0.6369300478916204,True,False,1,WATCH,train
2026-09-17 12:18:49.679418+00:00,-0.06929163060537129,-0.13998739470526836,0.08228906436476148,0.23668709948407254,9.601283389756132,0.014624940645653553,24,27,2.0655440819428805,False,0.3886193383507153,False,0.6369300478916204,True,False,1,WATCH,train
2026-09-17 12:28:53.959118+00:00,-0.0486055736263158,-0.08488771980825882,0.273682656193499,0.8702718067940977,9.602076212208592,0.01822978721151013,23,27,2.035261592935865,False,0.4085194961733629,False,0.6369300478916204,True,False,1,WATCH,train
2026-09-17 12:34:06.492866+00:00,-0.07298763206855143,-0.09611662677185179,-0.6518573805635743,-0.2360466554617462,9.60293007234363,0.019579581200832686,25,27,2.5563369690107716,False,0.43001002788744175,False,0.6369300478916204,True,False,1,WATCH,train
2026-09-17 12:43:41.163329+00:00,-0.02761373821725307,-0.0963036479912423,-0.6584183210935518,-1.1270790367021937,9.59909059605327,0.012439855304624742,20,27,2.8120866721806004,False,0.46769237452890494,False,0.6369300478916204,True,False,1,WATCH,train
2026-09-17 12:48:52.133586+00:00,-0.049815391066739545,-0.12303153726407114,-0.12413038877029313,1.79639777777221,9.599919699024511,0.018115362309564936,23,27,2.974104742179157,False,0.44958539734732317,False,0.6369300478916204,True,False,1,WATCH,train
2026-09-17 12:53:44.152456+00:00,-0.027491479760648262,-0.07359436184871733,-0.13646829298179838,-1.6027257255866647,9.60599992544663,0.013669238185149844,21,27,1.9536891029485381,False,0.4230956105120843,False,0.6369300478916204,True,False,1,WATCH,train
2026-09-17 13:03:48.784308+00:00,-0.0505091336372964,-0.09461028102101122,0.5874114509965921,-0.47373540891001514,9.604651535142581,0.014761416201842698,26,27,1.5072775498841557,False,0.38924556189463033,False,0.6369300478916204,True,False,1,WATCH,train
2026-09-17 13:08:51.484444+00:00,-0.04006552859588705,-0.11258138529555388,-0.035924889189877914,-0.20598603858895523,9.606420977297228,0.01632607248305966,23,27,1.175880190378982,False,0.3741440703091824,False,0.6369300478916204,True,False,1,WATCH,train
2026-09-17 13:13:43.298465+00:00,-0.04427556714880229,-0.13452167538822432,0.2158503754410909,0.596343812169967,9.6018044502072,0.013652639225553773,21,27,2.179269598733565,False,0.39849371192274263,False,0.6369300478916204,True,False,1,WATCH,train
2026-09-17 13:18:44.977883+00:00,-0.04166911739181964,-0.1538983915543466,0.14395233448471498,-1.4683965866984054,9.604783922853612,0.015360257159305645,24,27,2.6068713471734486,False,0.40735649084709363,False,0.6369300478916204,True,False,1,WATCH,train
2026-09-17 13:23:47.271130+00:00,-0.06874354504898096,-0.14626415572308463,0.5038900545257072,0.6896187920670922,9.60306094663588,0.013558347069887944,29,27,2.488930856786543,False,0.4073049206936063,False,0.6369300478916204,True,False,1,WATCH,train
2026-09-17 13:28:49.659061+00:00,-0.047861010186239644,-0.09351274908264619,-0.5843322235170357,1.0577744792001211,9.601894098906902,0.015523412362008139,26,27,1.894298677038772,False,0.4119997376857567,False,0.6369300478916204,True,False,1,WATCH,train
2026-09-17 13:33:41.608474+00:00,-0.03928699105700826,-0.09700685571448613,0.6931644851884657,-1.1065628767619893,9.59891811190922,0.011379475182027579,27,27,3.272050258408925,False,0.4699534942293297,False,0.6369300478916204,True,False,1,WATCH,train
2026-09-17 13:43:46.452277+00:00,-0.05362701477428392,-0.11861238039521214,-0.6036520616207115,-0.2697770429389764,9.599462494326428,0.016424372134118265,25,27,2.0311676998850787,False,0.40458181019409056,False,0.6369300478916204,True,False,1,WATCH,train
2026-09-17 13:48:48.495287+00:00,-0.04552286226831258,-0.10982051800891932,-0.32066479244858337,0.7426742437620476,9.608263745027191,0.014498520634592907,26,27,1.4386266617356263,False,0.38382234151189193,False,0.6369300478916204,True,False,1,WATCH,train
2026-09-17 13:53:40.547005+00:00,-0.048976940579976244,-0.09991672107499806,0.27250941750685626,-1.0136828438957861,9.605698716457592,0.014533486237727624,30,27,1.2802963716402616,False,0.3882249146879987,False,0.6369300478916204,True,False,1,WATCH,train
2026-09-17 13:58:42.715357+00:00,-0.041876818014327036,-0.05846269280607443,0.9189204323687054,-0.9798008052782285,9.609102742304204,0.015265507337973236,28,27,2.4001767062632937,False,0.4290440314008807,False,0.6369300478916204,True,False,1,WATCH,train
2026-09-17 14:03:54.735236+00:00,-0.05467261007294232,-0.05979113403742893,-0.161493596674614,0.5306412650664325,9.603402381003924,0.01642190468936644,29,27,1.392424160312876,False,0.3806929806657107,False,0.6369300478916204,True,False,1,WATCH,train
2026-09-17 14:08:46.966215+00:00,-0.035420224726213576,-0.10400244812652344,-0.37696882197318465,0.14060621133279208,9.605576720079185,0.015919920777159063,28,27,1.1278704140099869,False,0.3753694950591182,False,0.6369300478916204,True,False,1,WATCH,train
2026-09-17 14:13:49.371098+00:00,-0.042772810270788705,-0.12014627485322969,-1.214551813332077,-0.5497879617358508,9.604926193965309,0.015559329893349638,29,27,2.953796839496018,False,0.46028088265372863,False,0.6369300478916204,True,False,1,WATCH,train
2026-09-17 14:18:41.327175+00:00,-0.046167280674735967,-0.15931798105599165,0.43204932007896274,-0.32465398734871415,9.59968410249898,0.01640016820771604,29,27,2.4847019508587733,False,0.39397387947485135,False,0.6369300478916204,True,False,1,WATCH,train
2026-09-17 14:23:43.207899+00:00,-0.054794889052031816,-0.07408867985451065,0.6130232063174399,-0.2288736800195151,9.603412319718483,0.013601470508735152,20,27,1.8910139639993884,False,0.3960654206507776,False,0.6369300478916204,True,False,1,WATCH,train
2026-09-17 14:28:46.472195+00:00,-0.04641916414056749,-0.10578772289033163,0.399392720688899,-0.6573898931813675,9.599931695445598,0.014702762486433006,29,27,1.53084909167235,False,0.3839269352257756,False,0.6369300478916204,True,False,1,WATCH,train
2026-09-17 14:33:57.813303+00:00,-0.052327117059531296,-0.14477581145146726,-0.45404614788651093,1.4116648283260758,9.602013823939549,0.012862041003099976,27,27,2.816810454756138,False,0.43131749890487114,False,0.6369300478916204,True,False,1,WATCH,train
2026-09-17 14:38:40.445476+00:00,-0.03690272294838582,-0.09534779148050795,0.02906244286618337,-0.372941992482773,9.604737464374704,0.017088981646019144,29,27,0.9256945356274819,False,0.37401784494034185,False,0.6369300478916204,True,False,1,WATCH,train
2026-09-17 14:43:42.528550+00:00,-0.05511004279815129,-0.1259709389554352,0.3924460197021278,-1.0651176024989064,9.601767288426833,0.019717391059774676,28,27,2.5155201745349327,False,0.41785610632656306,False,0.6369300478916204,True,False,1,WATCH,train
2026-09-17 14:48:44.979242+00:00,-0.038359566805270605,-0.15202910222979124,0.044383408770199535,1.1129450265891472,9.602047016716813,0.01795091735837294,29,27,2.644242920809941,False,0.40338669155864904,False,0.6369300478916204,True,False,1,WATCH,train
2026-09-17 14:53:46.806927+00:00,-0.04564851742775165,-0.12441104597447014,0.13571970086836052,-0.8195644768014746,9.603035079351766,0.01779632500471572,28,27,1.6860824807183434,False,0.3887890600460412,False,0.6369300478916204,True,False,1,WATCH,train
2026-09-17 14:58:49.290690+00:00,-0.04690953007062153,-0.10235773127585814,0.015322190999011685,1.5107979910976264,9.601494434769176,0.013223934701124023,28,27,2.1918937246444723,False,0.4153302824368445,False,0.6369300478916204,True,False,1,WATCH,train
2026-09-17 15:08:42.794992+00:00,-0.02766978763547833,-0.18013401723892244,-1.154662539706636,0.21160640113673157,9.601887176293728,0.015396007178390035,27,27,3.8095354536956862,False,0.46220663460045297,False,0.6369300478916204,True,False,1,WATCH,train
2026-09-17 15:13:44.660316+00:00,-0.053870696647474,-0.11036121684422064,-0.152200288745992,1.2302336364419066,9.601078330111768,0.015551685908661645,29,27,1.644255874861522,False,0.39577647068760596,False,0.6369300478916204,True,False,1,WATCH,train
2026-09-17 15:18:47.393941+00:00,-0.021322093398590584,-0.09177670642909694,-0.29620241553467846,0.834035554223951,9.605241770653999,0.014395215254459465,30,27,1.2772831112215646,False,0.3865824039010908,False,0.6369300478916204,True,False,1,WATCH,train
2026-09-17 15:23:49.968454+00:00,-0.04787372207092957,-0.1085012205834344,0.16599361447604935,0.10944495208966025,9.606135616891331,0.015431712643191656,28,27,0.5640493894420696,False,0.3714933559871784,False,0.6369300478916204,True,False,1,WATCH,train
2026-09-17 15:28:40.666469+00:00,-0.036435361913020214,-0.10554452073181336,-0.233469519923832,0.8815215563892581,9.599396538655323,0.01728958777478852,29,27,1.6691035646149164,False,0.3933978050265881,False,0.6369300478916204,True,False,1,WATCH,train
2026-09-17 15:33:42.886771+00:00,-0.04703376278108366,-0.14772951510539037,-0.15227800892788743,-0.2923598726619762,9.60156769198286,0.014975207414212413,29,27,1.6337202386804073,False,0.3808071139982539,False,0.6369300478916204,True,False,1,WATCH,train
2026-09-17 15:38:45.387857+00:00,-0.06155356048134206,-0.12510966305052149,0.26870872861569023,0.8471079809358324,9.601761214096916,0.01608538453750429,29,27,1.5457477193414566,False,0.3867947545715746,False,0.6369300478916204,True,False,1,WATCH,train
2026-09-17 15:43:46.934630+00:00,-0.025582571161359525,-0.08017512592716249,-0.032813995840471476,1.089395347568502,9.60456885743634,0.0165214764374577,28,27,1.4126480995649116,False,0.38611361750560974,False,0.6369300478916204,True,False,1,WATCH,train
2026-09-17 15:53:41.356516+00:00,-0.06351765469195927,-0.09740329588389132,-0.4275922846297679,1.6812808664627064,9.599297747551448,0.019405039437103862,30,27,2.884205343918,False,0.45275894184998966,False,0.6369300478916204,True,False,1,WATCH,train
2026-09-17 15:58:43.965614+00:00,-0.05361925526252959,-0.10750986892160269,0.5148133275566684,-0.041884780945078956,9.604692986944688,0.011060440015358048,30,27,2.841858978379636,False,0.45135636698976717,False,0.6369300478916204,True,False,1,WATCH,train
2026-09-17 16:03:45.840817+00:00,-0.04367125263000417,-0.14318252799359912,0.6184747578380418,-0.6106800617069047,9.600515528214272,0.01980883671220012,29,27,2.739065988884487,False,0.4333697687489769,False,0.6369300478916204,True,False,1,WATCH,train
2026-09-17 16:08:49.045542+00:00,-0.03202570649977537,-0.11806917198510744,0.1379473196515211,0.8311150935994297,9.601130519165338,0.016960738977611415,30,27,1.5285048046574863,False,0.38834325771336503,False,0.6369300478916204,True,False,1,WATCH,train
2026-09-17 16:13:50.526089+00:00,-0.05446322820054684,-0.13792749621159292,0.44102454039678296,0.26054165701222987,9.602862776430788,0.011865276230403633,29,27,2.5578990070661694,False,0.4280984228849535,False,0.6369300478916204,True,False,1,WATCH,train
2026-09-17 16:18:42.600603+00:00,-0.04400846706011699,-0.09900901942335781,-0.4630804718144783,0.32489308875244016,9.603445888329336,0.018285618735948778,29,27,1.7394624259571898,False,0.39875428682696273,False,0.6369300478916204,True,False,1,WATCH,train
2026-09-17 16:23:45.055193+00:00,-0.05189157766638792,-0.10510595461281577,-0.3223731938022088,1.3688376685243488,9.598636600536175,0.016401219466856742,30,27,1.9889472345647499,False,0.4139529282483435,False,0.6369300478916204,True,False,1,WATCH,train
2026-09-17 16:28:46.617273+00:00,-0.04555401426818857,-0.14568464915347945,-0.09513152612327797,-0.46640617216939295,9.602933892589823,0.015124483462254187,20,27,1.4461748945062454,False,0.38492865664466674,False,0.6369300478916204,True,False,1,WATCH,train
2026-09-17 16:33:59.785474+00:00,-0.03825272049076183,-0.12850098628975615,-0.09401704412001666,0.625553874859473,9.6000497951506,0.016186498802527538,27,27,1.3945251281324733,False,0.38902199901510603,False,0.6369300478916204,True,False,1,WATCH,train
2026-09-17 16:38:40.972465+00:00,-0.05051584618809711,-0.1736555640547751,-0.21646219209798687,0.6255835492735053,9.599265353169066,0.017151489814408137,29,27,2.5414084473161926,False,0.4109326801819881,False,0.6369300478916204,True,False,1,WATCH,train
2026-09-17 16:43:43.784571+00:00,-0.044022853583010994,-0.1172138292777373,-0.9996336766626639,0.11459363006272737,9.597326763506507,0.016836628435494775,29,27,2.577953139923916,False,0.43801965348651994,False,0.6369300478916204,True,False,1,WATCH,train
2026-09-17 16:48:45.546725+00:00,-0.03737603205418379,-0.1431100356238324,-0.21622651364037726,-2.2006676141908605,9.59894023864425,0.018607047649270504,30,27,3.130366224804088,False,0.4714606277749773,False,0.6369300478916204,True,False,1,WATCH,train
2026-09-17 16:53:47.624975+00:00,-0.03571708153152627,-0.11630634359195009,-1.0690134408713445,-0.6770164453395573,9.598964011298719,0.018488827293635424,28,27,3.01288427017317,False,0.46566860292981105,False,0.6369300478916204,True,False,1,WATCH,train
2026-09-17 16:58:40.506362+00:00,-0.0459129448445335,-0.13512352877274333,0.006891142769584792,-0.7304224293986268,9.60621120949697,0.01610016211024657,29,27,1.3387990875371203,False,0.38642490362984644,False,0.6369300478916204,True,False,1,WATCH,train
2026-09-17 17:03:41.740224+00:00,-0.051113865482966085,-0.059451604654092514,-0.7944123121484985,-0.18790091985814628,9.60264100958488,0.017040205656008063,29,27,2.441951904280823,False,0.42283545145568374,False,0.6369300478916204,True,False,1,WATCH,train
2026-09-17 17:08:44.123104+00:00,-0.0433960963915192,-0.05887901562534973,-0.9183257015832397,0.8028214119493498,9.60268938120238,0.015307950004273393,30,27,2.565226979112545,False,0.4431581908229956,False,0.6369300478916204,True,False,1,WATCH,train
2026-09-17 17:18:47.787272+00:00,-0.04487052992016517,-0.10354394410327679,0.37398984396768203,-1.7343251572843432,9.604333793591552,0.016142699114270763,28,27,2.0389974776594237,False,0.4240059372055353,False,0.6369300478916204,True,False,1,WATCH,train
2026-09-17 17:23:40.151858+00:00,-0.06492842866188397,-0.14195568171016887,0.27260813163405506,1.8513981514551592,9.60269269176476,0.019137154380016026,29,27,2.9750809729253698,False,0.46165112773015377,False,0.6369300478916204,True,False,1,WATCH,train
2026-09-17 17:28:42.234352+00:00,-0.05307299386505241,-0.09323690618250093,-1.197614580104121,-2.454592130667128,9.5995217569065,0.01953684892995215,29,27,4.392598272711015,False,0.5612235806384851,False,0.6369300478916204,True,False,1,WATCH,train
2026-09-17 17:33:44.814605+00:00,-0.047362559289881055,-0.11171953346411764,-0.4004021458087534,0.9595083043136162,9.604407737573501,0.012883821856737532,29,27,2.0703064829165188,False,0.41644126744227405,False,0.6369300478916204,True,False,1,WATCH,train
2026-09-17 17:38:56.617834+00:00,-0.04038988204655908,-0.137717299942125,-0.18045787632060198,-1.6551730436136687,9.60224952740304,0.019192993172518286,29,27,2.694057125476747,False,0.44367778170518085,False,0.6369300478916204,True,False,1,WATCH,train
2026-09-17 17:43:48.769016+00:00,-0.04638929016217541,-0.12183434198559903,-0.4756937173220177,-0.9600140295562933,9.601988570444636,0.012876968840942834,28,27,2.2541081208738896,False,0.42137520764340725,False,0.6369300478916204,True,False,1,WATCH,train
2026-09-17 17:48:40.817890+00:00,-0.052125597408127944,-0.13490663425947932,-0.3146120541762204,-0.39130323771597064,9.601901506564921,0.011823404729953394,26,27,2.5166139397834546,False,0.4377440428049398,False,0.6369300478916204,True,False,1,WATCH,train
2026-09-17 17:53:42.707483+00:00,-0.040778177702494825,-0.1346921255729293,-0.5960224906218625,-1.007710801022715,9.603876884775417,0.018990523952750766,25,27,2.6261742815210254,False,0.4433582880307801,False,0.6369300478916204,True,False,1,WATCH,train
2026-09-17 17:59:35.288197+00:00,-0.045380544562980074,-0.09292450954263724,-0.6420358038221422,0.38270387863924943,9.601199924937793,0.016079800993793435,25,27,1.7617479910474085,False,0.4109282929897729,False,0.6369300478916204,True,False,1,WATCH,train
2026-09-17 18:03:46.962235+00:00,-0.04839957967372731,-0.13090492105356175,-0.25033619940272717,0.520380231970999,9.603324720758508,0.016072751268321608,30,27,1.3788638454274176,False,0.39622624874914203,False,0.6369300478916204,True,False,1,WATCH,train
2026-09-17 18:08:49.608658+00:00,-0.03370327662145708,-0.11109728243918263,0.4769387147007402,-0.4981058427503508,9.60185813426358,0.015596146829212908,28,27,1.375048890001834,False,0.3978677602362385,False,0.6369300478916204,True,False,1,WATCH,train
2026-09-17 18:13:41.422153+00:00,-0.046986535743585134,-0.12369830871067379,0.6020088878545051,-0.11762648293751173,9.605396148863923,0.016428295373802155,30,27,1.6772550622901712,False,0.41049151137960127,False,0.6369300478916204,True,False,1,WATCH,train
2026-09-17 18:18:43.514212+00:00,-0.0524226574047029,-0.1180943678389562,0.36238589089666545,0.44398680998169215,9.606244386553891,0.0186070476492705,30,27,1.948447615470826,False,0.4170636090418228,False,0.6369300478916204,True,False,1,WATCH,train
2026-09-17 18:23:45.567679+00:00,-0.040150098495223156,-0.13984394273570439,-0.7410970294259038,-0.4370680446457718,9.602558374608545,0.012394621210766512,29,27,2.784685304798331,False,0.46857750729713604,False,0.6369300478916204,True,False,1,WATCH,train
2026-09-17 18:28:47.659338+00:00,-0.050485105145021116,-0.1451396302748148,0.26762352716823595,1.0293109335149393,9.605490742787389,0.01573411661593082,29,27,1.9968675477271214,False,0.40864042027084385,False,0.6369300478916204,True,False,1,WATCH,train
2026-09-17 18:33:50.047683+00:00,-0.037174383801072027,-0.149793796142653,0.9610627503652073,-0.8665150527305815,9.602580017902014,0.015131228688796343,28,27,2.718041435640199,False,0.45667394551561846,False,0.6369300478916204,True,False,1,WATCH,train
2026-09-17 18:43:44.279120+00:00,-0.06097514328818403,-0.09954370686056978,-0.1453002790606071,0.6136537579240832,9.599706483965829,0.017847087115787804,27,27,1.842487199598534,False,0.408665577733544,False,0.6369300478916204,True,False,1,WATCH,train
2026-09-17 18:48:49.249320+00:00,-0.05098368320327324,-0.08199320659976557,0.16418607371244318,1.9183147359463781,9.599465061473028,0.014854619558313254,24,27,2.6827015783376984,False,0.4468101230253746,False,0.6369300478916204,True,False,1,WATCH,train
2026-09-17 18:54:01.244961+00:00,-0.054249201905978484,-0.10269831580014604,0.8521159771474867,-1.2528229915267035,9.600785331303102,0.013643937290730587,22,27,2.7987515294170966,False,0.46123197489452705,False,0.6369300478916204,True,False,1,WATCH,train
2026-09-17 18:58:53.189193+00:00,-0.03632047673310975,-0.11046197511573315,-0.2813040167887267,0.020053735257295025,9.602221104658682,0.01598610507770908,24,27,1.2360560271685819,False,0.3988500313593845,False,0.6369300478916204,True,False,1,WATCH,train
2026-09-17 19:03:42.571895+00:00,-0.04512755728697172,-0.1288960314811193,-0.465511621864158,-0.6975820649695628,9.60369092813565,0.015919920777159063,28,27,1.820288480559314,False,0.4181161131930033,False,0.6369300478916204,True,False,1,WATCH,train
2026-09-17 19:08:47.212270+00:00,-0.04023530013764095,-0.14446133216749152,-0.5985074424523407,1.251926861722519,9.599813576417228,0.014215601757693333,24,27,2.611612028825964,False,0.46197334147528085,False,0.6369300478916204,True,False,1,WATCH,train
2026-09-17 19:13:49.401915+00:00,-0.044280128974589224,-0.09205149761314095,0.48178258989831146,1.5046751567800871,9.60228051870736,0.015971914124998515,28,27,2.391563243151494,False,0.445168527274043,False,0.6369300478916204,True,False,1,WATCH,train
2026-09-17 19:18:41.348224+00:00,-0.022243315373351395,-0.14765316181212362,0.05731749481418978,-1.00599336542088,9.603628864059008,0.015475986974649034,27,27,2.061720161596029,False,0.4204953550519932,False,0.6369300478916204,True,False,1,WATCH,train
2026-09-17 19:28:45.424826+00:00,-0.0408181514141753,-0.13392240995178664,0.4224873001982491,0.29255099498189696,9.602653370992245,0.01498970840359117,27,27,1.786133313218859,False,0.4211108150601993,False,0.6369300478916204,True,False,1,WATCH,train
2026-09-17 19:33:47.599879+00:00,-0.04426926920529993,-0.11964400188484511,0.27236283264609285,0.4776848173042545,9.60196890456657,0.012936264483053352,28,27,2.147294506402678,False,0.4268017943935146,False,0.6369300478916204,True,False,1,WATCH,train
2026-09-17 19:38:49.893722+00:00,-0.05531623340908286,-0.179647330014423,0.036979494994890866,0.5355161671409222,9.604169583816386,0.0182139484775783,29,27,2.7567707208336256,False,0.4658117948018341,False,0.6369300478916204,True,False,1,WATCH,train
2026-09-17 19:43:41.532313+00:00,-0.037155612615340436,-0.13981557221449875,-0.5289088884816393,-0.7143864772235708,9.596897204113276,0.016817854699288818,26,27,2.3776251120476384,False,0.44726882639073273,False,0.6369300478916204,True,False,1,WATCH,train
2026-09-17 19:48:43.810025+00:00,-0.05999089270856855,-0.11452814205142628,-0.1941750335217869,-1.7296596671159834,9.601155028013215,0.018128881969786105,29,27,2.629829884998613,False,0.463325399982454,False,0.6369300478916204,True,False,1,WATCH,train
2026-09-17 19:53:45.787327+00:00,-0.04936608966416308,-0.1289030494785795,0.3517677546322079,-1.664603970730963,9.603774519539401,0.015464739353293558,28,27,2.339299828006109,False,0.46416800791461166,False,0.6369300478916204,True,False,1,WATCH,train
2026-09-17 19:58:47.979734+00:00,-0.0472222933498096,-0.09385310579685388,-0.1316990305849438,2.4450017886243383,9.6054001956756,0.0182086670449969,30,27,3.2709375519451256,False,0.5032789392259152,False,0.6369300478916204,True,False,1,WATCH,train
2026-09-17 20:08:41.897793+00:00,-0.03357698819750051,-0.07375448367357647,-0.5798339252043998,2.1189428701894637,9.599396802205444,0.019351738834491546,28,27,3.44285914467556,False,0.521885375375708,False,0.6369300478916204,True,False,1,WATCH,train
2026-09-17 20:13:44.193825+00:00,-0.05590574590281556,-0.10220261251538329,-0.17895089263359878,0.8774700643337299,9.601207902779471,0.016501360157248842,29,27,1.8846747048026709,False,0.4310195819544231,False,0.6369300478916204,True,False,1,WATCH,train
2026-09-17 20:18:46.182981+00:00,-0.04503286950830642,-0.1327152652103981,0.011176692970448748,0.43137670305676473,9.60217756576502,0.015988161300635805,26,27,1.7000019514410256,False,0.42936623421640463,False,0.6369300478916204,True,False,1,WATCH,train
2026-09-17 20:23:48.459899+00:00,-0.04007115471147624,-0.13846779510623153,-0.279281268213325,0.8632912996624618,9.597359516701408,0.016777409856157235,27,27,2.2896380118046764,False,0.45284437965713115,False,0.6369300478916204,True,False,1,WATCH,train
2026-09-17 20:28:49.527996+00:00,-0.054334965398723414,-0.1441026475891838,0.19118768623965576,-1.8138647665299275,9.600652859157766,0.016995495900601808,23,27,2.7055463092880334,False,0.4920018393387365,False,0.6369300478916204,True,False,1,WATCH,train
2026-09-17 20:33:42.506863+00:00,-0.05622245027670921,-0.10920299872531415,0.8988967064538924,-0.5347903678777692,9.598843311243991,0.014907119849998611,24,27,2.720375176446773,False,0.46967738068309073,False,0.6369300478916204,True,False,1,WATCH,train
2026-09-17 20:43:56.689140+00:00,-0.03363365727551038,-0.1155419525929223,0.10755733232518881,0.7682314374049272,9.598857130280669,0.01420045395619393,22,27,2.0412308392655554,False,0.43681078057712924,False,0.6369300478916204,True,False,1,WATCH,train
2026-09-17 20:53:40.479540+00:00,-0.05752409462518324,-0.1619763190100693,-0.0302587506797661,-1.5235488479219124,9.599965366254173,0.01593715958242108,24,27,2.769174066487419,False,0.49192287283965497,False,0.6369300478916204,True,False,1,WATCH,train
2026-09-17 21:03:44.543143+00:00,-0.042812347756104235,-0.13276382484136617,0.8387065134062204,2.218465822847883,9.601148742109778,0.01802202509236275,22,27,3.7943570651730623,False,0.562274807640807,False,0.6369300478916204,True,False,1,WATCH,train
2026-09-17 21:08:47.442922+00:00,-0.05683948150516808,-0.08316700274383568,0.10659716083016621,-0.41621866191515583,9.599075365065199,0.01162149609979857,26,27,3.212807124998231,False,0.4764576852493146,False,0.6369300478916204,True,False,1,WATCH,train
2026-09-17 21:13:49.118409+00:00,-0.04076121427536623,-0.10609887363609523,-0.41872350228287303,0.9694120971338823,9.604183743250587,0.01230284519938377,25,27,2.8205744226104814,False,0.4928325133312083,False,0.6369300478916204,True,False,1,WATCH,train
2026-09-17 21:18:50.898174+00:00,-0.06665972267323216,-0.1266246496762045,0.7814583184574925,0.7286531238226333,9.605170898232226,0.018008485654145277,24,27,2.788119341762393,False,0.5274598236915122,False,0.6369300478916204,True,False,1,WATCH,train
2026-09-17 21:23:52.972593+00:00,-0.05408299965659914,-0.10271970859846621,-0.6670883660764098,0.6903666564494847,9.60042977266213,0.014110030847646645,21,27,2.5587839520923774,False,0.47990881049099515,False,0.6369300478916204,True,False,1,WATCH,train
2026-09-17 21:33:46.823018+00:00,-0.032706952485291804,-0.12779652648755302,0.036075412140825346,-0.5815981098027743,9.598453079922566,0.017923783159352405,27,27,2.216689232101051,False,0.46340717407310483,False,0.6369300478916204,True,False,1,WATCH,train
2026-09-17 21:38:49.002831+00:00,-0.024776226442225956,-0.1369770365920092,-0.005113691236739602,0.12714946120346077,9.601336607882342,0.013609081548426267,26,27,2.318111538937296,False,0.47223606377525024,False,0.6369300478916204,True,False,1,WATCH,train
2026-09-17 21:43:41.137480+00:00,-0.04013062745820509,-0.10451771255166634,0.14674111059091688,-0.3532609965241871,9.59905410307654,0.017172537094027406,23,27,1.9424295675706498,False,0.4500578056410146,False,0.6369300478916204,True,False,1,WATCH,train
2026-09-17 21:48:53.247720+00:00,-0.04960580760349435,-0.0920835189758588,-0.3147177389202127,-0.24254127596936317,9.603296498825896,0.016488762436705245,27,27,1.9596838648179666,False,0.4579820489384793,False,0.6369300478916204,True,False,1,WATCH,train
2026-09-17 21:53:45.298815+00:00,-0.03682942183734018,-0.10203167292436918,-0.5296875858953594,0.3403250055557766,9.600580775262731,0.014995747696583597,28,27,2.156272572042319,False,0.46963030130577466,False,0.6369300478916204,True,False,1,WATCH,train
2026-09-17 21:58:47.683573+00:00,-0.03114211333939467,-0.08779467955532247,0.1776203912042376,-1.927457598778141,9.601226704611928,0.01626913946494546,29,27,2.6946166792298576,False,0.48951347319742033,False,0.6369300478916204,True,False,1,WATCH,train
2026-09-17 22:03:49.767172+00:00,-0.04925837868700791,-0.10532645648109613,0.016479416285725502,-0.5279888014320332,9.601688898531634,0.01440968038815883,24,27,2.026655431539049,False,0.46500395648462983,False,0.6369300478916204,True,False,1,WATCH,train
2026-09-17 22:08:41.612215+00:00,-0.039316736879930064,-0.11162174001019617,0.2468387999055342,-1.7012635663417193,9.605038498371012,0.014395215254459467,30,27,2.652610275114996,False,0.5136667285247644,False,0.6369300478916204,True,False,1,WATCH,train
2026-09-17 22:18:45.893334+00:00,-0.04876961645205401,-0.11106168783269428,-0.30470478594208333,-0.825688239453824,9.601797295573162,0.015365446260213552,28,27,2.1877574618672777,False,0.4837270646450341,False,0.6369300478916204,True,False,1,WATCH,train
2026-09-17 22:23:48.167724+00:00,-0.049804009242914254,-0.12646837914969625,-0.42625609864448255,-0.09689167246633182,9.599053469937646,0.011791928882793248,22,27,3.2467152867254097,False,0.5236016148104894,False,0.6369300478916204,True,False,1,WATCH,train
2026-09-18 04:44:13.243253+00:00,-0.06556548036165115,-0.09315615540447483,0.3822784048291345,0.11241293306206655,9.605845326415373,0.014581496062984846,27,28,1.7945555340208332,False,0.41483034846582234,False,0.024789984577667772,False,False,0,OK,train
2026-09-18 04:49:15.518011+00:00,-0.060782335802927766,-0.08647312978750685,-0.09562068710621631,-1.1392737769971242,9.611808456020482,0.016360521589077387,30,28,1.8048122034189684,False,0.41971503624739026,False,0.024789984577667772,False,False,0,OK,train
2026-09-18 04:54:17.617354+00:00,-0.08592789079889154,-0.09981348430924522,-0.05328897570380867,-0.29851414646676205,9.60565708334384,0.012893047652303117,29,28,2.2432496126443873,False,0.4257147913497074,False,0.024789984577667772,False,False,0,OK,train
2026-09-18 04:59:19.697652+00:00,-0.05788706499128732,-0.08612352085484985,-0.22442237276252539,-0.38288364705406547,9.607346705875486,0.01739927698143845,29,28,1.6111904063829996,False,0.41315113764506545,False,0.024789984577667772,False,False,0,OK,train
2026-09-18 05:04:22.084210+00:00,-0.06691408900047308,-0.007662258199631677,-0.4919064679428099,-1.3864335293330268,9.609061516316302,0.01766352173265569,25,28,3.0471741806907917,False,0.4441177622957515,False,0.024789984577667772,False,False,0,OK,train
2026-09-18 05:09:24.911882+00:00,-0.056763658904742886,-0.09910916381854883,-0.37030901918488696,0.4060735808342896,9.605144382472858,0.01334435587236767,23,28,2.175017695297745,False,0.4224946328685659,False,0.024789984577667772,False,False,0,OK,train
2026-09-18 05:14:16.111533+00:00,-0.06508161513664597,-0.0912084441868422,0.4757812325698689,-0.3271562789920236,9.606597526600273,0.010196962887359936,27,28,3.7335274718676286,False,0.5100000603731256,False,0.024789984577667772,False,False,0,OK,train
2026-09-18 05:24:30.839224+00:00,-0.0613745340908448,-0.12040368108240794,0.29434609825748487,0.9972589373289933,9.602091193524904,0.01586984095231746,27,28,2.5821186250281265,False,0.42839085321611164,False,0.024789984577667772,False,False,0,OK,train
2026-09-18 05:29:13.374510+00:00,-0.05691370331623489,-0.07845003385602528,0.32973133472836363,1.3829306264015395,9.60880921916983,0.01712373657646227,29,28,2.157769368099604,False,0.42365616284295027,False,0.024789984577667772,False,False,0,OK,train
2026-09-18 05:34:15.023603+00:00,-0.04517078365398933,-0.06988657087598342,0.03966765816620352,-0.4926379131604109,9.607971120949152,0.017535423634608457,29,28,1.3388100970873016,False,0.39445668521203664,False,0.024789984577667772,False,False,0,OK,train
2026-09-18 05:39:17.833649+00:00,-0.08141290927509627,-0.05155515063823591,-0.7381935151924783,-1.3728234251176377,9.607814857679012,0.01641303613296581,28,28,2.654179965764453,False,0.4481192420818078,False,0.024789984577667772,False,False,0,OK,train
2026-09-18 05:44:19.698215+00:00,-0.10023071053695952,-0.11560064365388685,-0.7516306810631648,-1.2416567362719635,9.607826646615093,0.016978377605721035,28,28,2.771219795849503,False,0.4586642521248428,False,0.024789984577667772,False,False,0,OK,train
2026-09-18 05:49:21.583098+00:00,-0.1035685129374791,-0.07373000956665585,0.2792770022427416,1.107581644025828,9.60735561156644,0.01567354231360486,29,28,1.9771234361768728,False,0.41115014002394845,False,0.024789984577667772,False,False,0,OK,train
2026-09-18 05:54:13.732673+00:00,-0.0889753160169745,-0.04331995605208549,0.1403835301519015,0.7209614981113667,9.603368615143012,0.015693980387657038,28,28,2.12850161987544,False,0.3981860461730497,False,0.024789984577667772,False,False,0,OK,train
2026-09-18 05:59:16.252901+00:00,-0.08998323897633848,-0.09248110970474573,0.3963594680464417,-1.2849890520207283,9.60613906241959,0.018260339536821324,25,28,2.320419653574065,False,0.4333880309883207,False,0.024789984577667772,False,False,0,OK,train
2026-09-18 06:04:18.309182+00:00,-0.09696533151312821,-0.07913817257049074,0.3651642669247397,0.2562303927243422,9.615817865286715,0.018567444627627157,20,28,1.9246346848059006,False,0.4166878777055694,False,0.024789984577667772,False,False,0,OK,train
2026-09-18 06:09:21.015509+00:00,-0.09661399964381476,-0.06681675082608399,-0.18996060308257873,0.36023202924080694,9.605547167188373,0.011571008093491144,29,28,2.8221525070350504,False,0.44268406998634224,False,0.024789984577667772,False,False,0,OK,train
2026-09-18 06:14:22.777924+00:00,-0.07693686558064235,-0.07220226659641751,0.6518814337035224,-1.5696762422780153,9.60892924183687,0.016413718374933602,27,28,2.2878592627394867,False,0.4321404720880328,False,0.024789984577667772,False,False,0,OK,train
2026-09-18 06:19:15.034775+00:00,-0.09802564545081965,-0.023207423103535133,-0.8396199787159586,-0.5827753717302304,9.60990662603683,0.016871903203758722,29,28,2.846291408112188,False,0.4417130969195648,False,0.024789984577667772,False,False,0,OK,train
2026-09-18 06:24:17.123709+00:00,-0.10721641734751661,-0.0013978535722178412,-0.21962604530861943,0.8821783575943778,9.605296216290059,0.015596146829212896,28,28,3.0730142456438116,False,0.4089760444070327,False,0.024789984577667772,False,False,0,OK,train
2026-09-18 06:29:19.508361+00:00,-0.08367454285167915,-0.00044724826274339635,0.12824471815609365,-0.7873927356742831,9.60650580279969,0.01515353521887304,27,28,2.67377891933227,False,0.394265405987531,False,0.024789984577667772,False,False,0,OK,train
2026-09-18 06:34:22.407661+00:00,-0.051821113594770124,-0.07131239567448945,0.15436268824233507,-0.23466064375631462,9.609599671245117,0.015988161300635805,26,28,0.767953737324773,False,0.3826049903458299,False,0.024789984577667772,False,False,0,OK,train
2026-09-18 06:39:14.152987+00:00,-0.07738164621280717,-0.041690169046267336,0.4388579119384447,-0.724777085017948,9.604596936886804,0.01669045920792562,28,28,2.018705531822055,False,0.40046723981084914,False,0.024789984577667772,False,False,0,OK,train
2026-09-18 06:44:16.653558+00:00,-0.062320111871234624,0.0005510646151886732,1.0823353250562646,-0.04547059687243407,9.609459491297642,0.015603789952109695,23,28,3.168305601480284,False,0.44278979704058996,False,0.024789984577667772,False,False,0,OK,train
2026-09-18 06:50:08.794212+00:00,-0.04527134052814578,-0.06147628529312713,-0.42374602893297425,0.960655718311876,9.604213296532881,0.017240134054647683,24,28,1.8462923057131735,False,0.404749176594337,False,0.024789984577667772,False,False,0,OK,train
2026-09-18 06:54:20.504965+00:00,-0.07535513969730323,-0.021558869165900666,0.27665494061585977,-1.1131148441581928,9.607673003482333,0.01874914964058099,28,28,2.5342906317915146,False,0.41970322613055544,False,0.024789984577667772,False,False,0,OK,train
2026-09-18 06:59:22.811681+00:00,-0.05447845731602901,-0.027652448172689376,-0.49645973607245186,2.0127953824487284,9.606823974549455,0.017243011006533315,28,28,2.7934023821377774,False,0.4587611639245149,False,0.024789984577667772,False,False,0,OK,train
2026-09-18 07:04:15.142801+00:00,-0.05571706435059692,-0.02376619901085245,0.16307158297782234,-0.9024044630485383,9.598579019190447,0.015511401178793688,27,28,2.448568837283909,False,0.39633811383691225,False,0.024789984577667772,False,False,0,OK,train
2026-09-18 07:09:17.444086+00:00,-0.0615207257002319,-0.004178091704661478,-0.13231714760707364,-0.760077844697782,9.606573224272838,0.019571407716360106,25,28,2.7601429148323624,False,0.415161374798406,False,0.024789984577667772,False,False,0,OK,train
2026-09-18 07:14:19.616271+00:00,-0.03741921898834564,-0.019982305618488093,-0.3379162800857084,0.0513841851346316,9.603680592671413,0.013683745757620023,28,28,1.812192231719935,False,0.38412347291145327,False,0.024789984577667772,False,False,0,OK,train
2026-09-18 07:19:21.916163+00:00,-0.07227902320603143,0.013672827014984916,0.02180895979086177,-1.9145769017238836,9.609390194173121,0.015405401289446787,24,28,3.3016020938808937,False,0.43552353139747385,False,0.024789984577667772,False,False,0,OK,train
2026-09-18 07:24:14.491325+00:00,-0.03175288849749706,-0.04618229252058256,0.2128892956302566,-0.15564289023312977,9.61018764825428,0.015026268722296898,27,28,0.6285279685932532,False,0.37584117197577827,False,0.024789984577667772,False,False,0,OK,train
2026-09-18 07:29:16.131887+00:00,-0.055164248788341606,-0.023305241204799886,-0.40949977810783783,0.8074341024996955,9.603491322181554,0.012688577540449516,20,28,2.515990585542019,False,0.41340018120581495,False,0.024789984577667772,False,False,0,OK,train
2026-09-18 07:34:19.572386+00:00,-0.04594932870657862,-0.03191895122842841,0.26732128540243394,0.7831316570574479,9.605065217473259,0.01593389120362283,30,28,1.5669958477307993,False,0.38198329892492444,False,0.024789984577667772,False,False,0,OK,train
2026-09-18 07:39:20.837385+00:00,-0.05745280562172515,-0.028583275000845683,0.02714003365736312,-1.423889982179812,9.602763943620955,0.015398009352942157,29,28,2.223845763406017,False,0.3954230876798116,False,0.024789984577667772,False,False,0,OK,train
2026-09-18 07:44:23.617200+00:00,-0.06218292035540456,-0.05333093409768692,-0.1385743240877767,-0.07338100660125951,9.604955424393658,0.011441903677418099,26,28,2.563178434140804,False,0.4244502758472791,False,0.024789984577667772,False,False,0,OK,train
2026-09-18 07:49:14.640727+00:00,-0.06385363514049024,-0.005354259450671294,-0.189930997371119,-0.360743424973839,9.611512263477557,0.022800379661815764,29,28,3.5352654325021153,False,0.466716297233276,False,0.024789984577667772,False,False,0,OK,train
2026-09-18 07:54:17.671683+00:00,-0.04699906902119979,-0.004035177847711873,0.10286201672798548,-0.3234672065624442,9.603183102456269,0.01448275862068966,29,28,2.0805056326209934,False,0.38461258038549434,False,0.024789984577667772,False,False,0,OK,train
2026-09-18 07:59:19.750894+00:00,-0.055727199433381024,-0.022682604553195932,-0.2651896180175122,-2.0808290274303913,9.605100641561728,0.01604760138475785,28,28,2.7818758951154114,False,0.4429196502030231,False,0.024789984577667772,False,False,0,OK,train
2026-09-18 08:04:31.561152+00:00,-0.03258152862767994,-0.07843574112340733,-0.5644617952756459,0.021414145107141836,9.602362087260557,0.013917254983745148,27,28,1.8906679210383601,False,0.39464642211902595,False,0.024789984577667772,False,False,0,OK,train
2026-09-18 08:09:14.146977+00:00,-0.050630777996061686,-0.017997282089101046,0.47876516089329985,0.4085325480166654,9.608622981330369,0.013636229154796809,26,28,2.0290876653610397,False,0.3971657610945677,False,0.024789984577667772,False,False,0,OK,train
2026-09-18 08:19:18.554184+00:00,-0.054297972589100164,-0.049564224848901016,-0.4924200741843501,0.5928189537763966,9.60435980103367,0.01586050300449377,30,28,1.5582665614236118,False,0.390470108524224,False,0.024789984577667772,False,False,0,OK,train
2026-09-18 08:24:21.234287+00:00,-0.05273896004036407,-0.03184761900635519,0.027903461301902233,-0.8573650127000499,9.600546815102586,0.013913269656435743,29,28,2.1621079576109703,False,0.39587193044962526,False,0.024789984577667772,False,False,0,OK,train
2026-09-18 08:29:22.704201+00:00,-0.044243400939367496,-0.02286216281519836,-0.14872334289969383,-2.1253902187663534,9.60396286324086,0.015336107557197992,29,28,2.712822832635855,False,0.4490398240589381,False,0.024789984577667772,False,False,0,OK,train
2026-09-18 08:34:15.059490+00:00,-0.05814517194761481,-0.057248511959312694,0.08648852826265514,1.0921676257953052,9.607325016484689,0.014540116305040022,29,28,1.4506978361332392,False,0.38674274171781486,False,0.024789984577667772,False,False,0,OK,train
2026-09-18 08:39:17.258322+00:00,-0.04778653207225317,-0.05694351474687799,0.830210547738659,-0.5543395459560554,9.607845282897664,0.01584999123729167,30,28,1.902747946483098,False,0.4028258010032952,False,0.024789984577667772,False,False,0,OK,train
2026-09-18 08:44:19.853969+00:00,-0.05860399009283335,-0.048533139765405076,-0.5844280024952059,0.06747607208239143,9.606808621109357,0.014224392195567927,30,28,1.5654222045332928,False,0.3903434342185456,False,0.024789984577667772,False,False,0,OK,train
2026-09-18 08:49:21.933273+00:00,-0.048697922734029925,-0.06761551102133137,-0.13834283229576877,-0.5989880236069721,9.603568695503322,0.01576832267554163,25,28,1.1551778186554371,False,0.37658769892436805,False,0.024789984577667772,False,False,0,OK,train
2026-09-18 08:59:16.153310+00:00,-0.06123089226462485,-0.026699599344032206,-0.05696978441872535,0.6579929064280025,9.611817645377414,0.013940349110884327,30,28,1.5877052229162107,False,0.38971850248851403,False,0.024789984577667772,False,False,0,OK,train
2026-09-18 09:04:18.328690+00:00,-0.054138800070138146,-0.05077105373453263,0.07321722486885131,2.232707110399688,9.607370893183035,0.01802467444612771,30,28,2.8502550610396793,False,0.4594727451767826,False,0.024789984577667772,False,False,0,OK,train
2026-09-18 09:09:20.630228+00:00,-0.06713286885858664,-0.06304054601276529,0.8859485073489454,-0.5920117406439119,9.603124324197237,0.017413277182145314,30,28,2.4985920776490844,False,0.4192655639924632,False,0.024789984577667772,False,False,0,OK,train
2026-09-18 09:14:23.143731+00:00,-0.059830177547973644,-0.08108512590416807,-0.18194233907865195,-0.3802775570395262,9.60162841046562,0.01255091670771828,28,28,2.1819068902866654,False,0.40866864677048725,False,0.024789984577667772,False,False,0,OK,train
2026-09-18 09:19:14.878435+00:00,-0.058732227319348455,-0.08472070451048772,0.8750863414632153,-1.3947265964061493,9.60911545553083,0.013417294109202574,29,28,2.608432849585788,False,0.44584426249318293,False,0.024789984577667772,False,False,0,OK,train
2026-09-18 09:24:17.153658+00:00,-0.06021747266213887,-0.06340103792516309,0.07444004749574658,-0.1781941649007437,9.607298832005009,0.01603355577594853,29,28,0.5898777477278093,False,0.3708773947890308,False,0.024789984577667772,False,False,0,OK,train
2026-09-18 09:29:19.328965+00:00,-0.043225331799254,-0.025827251659015723,-0.23760759954705898,0.8821014122705572,9.611215264254144,0.016210564515231948,29,28,1.6131308089722325,False,0.39245680318821047,False,0.024789984577667772,False,False,0,OK,train
2026-09-18 09:34:22.234199+00:00,-0.0439646938716642,-0.08695268503366145,-0.3032237160189516,-0.877103717550805,9.609494772170523,0.015734116615930816,29,28,1.403399726698174,False,0.38318337341165376,False,0.024789984577667772,False,False,0,OK,train
2026-09-18 09:39:14.077822+00:00,-0.061941891375359805,-0.05434853345171296,-0.39739237145554657,-0.9574431263807606,9.606303305255143,0.016000000000000014,20,28,1.5779393838450364,False,0.3894316095185714,False,0.024789984577667772,False,False,0,OK,train
2026-09-18 09:44:16.073680+00:00,-0.06419681425075595,-0.049643964661465735,-0.0058534440484501885,0.37505100057572577,9.604545329353353,0.013085190950926733,30,28,1.7509043546909895,False,0.39140701393960203,False,0.024789984577667772,False,False,0,OK,train
2026-09-18 09:49:17.934500+00:00,-0.055126809689606364,-0.057726447971417,0.7634485496636597,0.2829819082537581,9.60866031580703,0.017937664556744778,29,28,2.140808424666305,False,0.4138533935270857,False,0.024789984577667772,False,False,0,OK,train
2026-09-18 09:54:20.227481+00:00,-0.05549725066459671,-0.0481467461412198,-0.14308952702016187,0.24879516489489575,9.605290959865181,0.014466328940277964,29,28,1.1108569494813596,False,0.38257042261879637,False,0.024789984577667772,False,False,0,OK,train
2026-09-18 09:59:22.713376+00:00,-0.04085567710125903,-0.07820772375614587,0.15499900655118087,-0.5882917284256046,9.60814212522838,0.01791112953547664,29,28,1.4605148427307793,False,0.3846959672598468,False,0.024789984577667772,False,False,0,OK,train
2026-09-18 10:04:14.453262+00:00,-0.044028070139884135,-0.09034038307332713,-0.10271994221389917,2.163689206359163,9.608793555812513,0.020240896164721092,28,28,3.424916386219859,False,0.4681853928003957,False,0.024789984577667772,False,False,0,OK,train
2026-09-18 10:09:16.953425+00:00,-0.0457463447953191,-0.09325307832806545,-0.6565386189467999,-0.3019708630956188,9.609808194967302,0.016203227757890674,29,28,1.8402476564255674,False,0.4003841676211698,False,0.024789984577667772,False,False,0,OK,train
2026-09-18 10:14:18.928994+00:00,-0.0433985375053564,-0.06608416370771866,0.2516019194955069,0.8298942313381088,9.606886180355456,0.016762902432430494,28,28,1.4243377525708323,False,0.386239954221154,False,0.024789984577667772,False,False,0,OK,train
2026-09-18 10:19:21.730657+00:00,-0.05877368214287548,-0.07396096517173997,-0.8370943838441237,-0.10843641195583377,9.610551257133649,0.011224972160321586,20,28,2.968503273232776,False,0.47612754585579614,False,0.024789984577667772,False,False,0,OK,train
2026-09-18 10:24:23.200072+00:00,-0.06005588436003708,-0.06425600662572013,-0.22500368072787053,0.39448259871340313,9.607595119126596,0.0154027561806056,28,28,0.8039749698522786,False,0.3768620507720791,False,0.024789984577667772,False,False,0,OK,train
2026-09-18 10:29:15.271857+00:00,-0.04893258117276617,-0.08941485518797827,-0.10701122913026939,0.323742414572386,9.605389166887377,0.01605578858872114,29,28,1.0798560696092028,False,0.37479663916547407,False,0.024789984577667772,False,False,0,OK,train
2026-09-18 10:34:17.338207+00:00,-0.06582362537648033,-0.09656318634519137,0.47378216727287653,-0.42419187017486487,9.607733120932172,0.014225966444645717,29,28,1.4474825570955967,False,0.3844658148768546,False,0.024789984577667772,False,False,0,OK,train
2026-09-18 10:39:19.730875+00:00,-0.06667564046900162,-0.06646198780946726,-0.037095802701932905,0.6012658338118653,9.609830194742461,0.01562795750844782,29,28,0.8231545192030911,False,0.37706432922417,False,0.024789984577667772,False,False,0,OK,train
2026-09-18 10:44:21.801647+00:00,-0.05781546154379722,-0.08703968830267055,-0.12378983251709577,-1.1866394518242476,9.604549054789118,0.014482758620689486,29,28,1.6001600638191764,False,0.39575082856066107,False,0.024789984577667772,False,False,0,OK,train
2026-09-18 10:49:13.846098+00:00,-0.0495821544268209,-0.09717413618141772,-0.5372724930137874,-2.0412171702746775,9.609904671731124,0.01858172791332654,28,28,3.083329173694858,False,0.46627059333515236,False,0.024789984577667772,False,False,0,OK,train
2026-09-18 10:54:16.051595+00:00,-0.04662627927550541,-0.10074005618220035,0.1844250398718587,-0.24358773197033887,9.607995387749622,0.012817398889232843,28,28,1.7347019301007565,False,0.3922398428977047,False,0.024789984577667772,False,False,0,OK,train
2026-09-18 10:59:18.016640+00:00,-0.04240086680327294,-0.10926770499246993,-0.026628301731644963,2.4427504106754303,9.608525994940866,0.02056861143725069,29,28,3.8910182433075238,False,0.4922057774968273,False,0.024789984577667772,False,False,0,OK,train
2026-09-18 11:09:22.386357+00:00,-0.03183482083822297,-0.07576329563223544,0.3230272091879791,0.7918224142619692,9.614970078557038,0.015000000000000015,26,28,1.80781433814965,False,0.39160286631618585,False,0.024789984577667772,False,False,0,OK,train
2026-09-18 11:14:14.336969+00:00,-0.036988108023667476,-0.05141632661033292,0.11796189662189549,0.027628094959934107,9.609038142212112,0.016478942792411046,30,28,0.9171598787802111,False,0.38232320698532196,False,0.024789984577667772,False,False,0,OK,train
2026-09-18 11:19:17.742086+00:00,-0.034002016166265726,-0.06222538940258173,-0.6119321511125728,-0.5178124841984743,9.6060782788761,0.014624940645653547,24,28,1.5629661017043677,False,0.40599686308543603,False,0.024789984577667772,False,False,0,OK,train
2026-09-18 11:24:20.871966+00:00,-0.05587028477969969,-0.057362729326914524,-0.19691822235761708,0.6432582748743019,9.610555628741974,0.022498285257018455,27,28,3.197214516585888,False,0.4550423610153986,False,0.024789984577667772,False,False,0,OK,train
2026-09-18 11:29:20.882136+00:00,-0.04132735411464435,-0.05682046194586531,-0.002834278123307298,0.7244535566159072,9.609136039960184,0.014487116456005898,27,28,1.1068645524999023,False,0.38760788513173783,False,0.024789984577667772,False,False,0,OK,train
2026-09-18 11:34:22.656613+00:00,-0.030385624615796067,-0.09146774917832262,0.8769697012894188,-0.33401894833795676,9.605592045396223,0.01992424215198192,23,28,2.9149270190870595,False,0.4482382790970927,False,0.024789984577667772,False,False,0,OK,train
2026-09-18 11:39:14.917011+00:00,-0.03491703905464688,-0.08942939496776048,0.18735135691484742,-0.4083401597880256,9.606454292992234,0.017999433097648804,28,28,1.562857326109982,False,0.39177947231261906,False,0.024789984577667772,False,False,0,OK,train
2026-09-18 11:44:16.992311+00:00,-0.07499045231933558,-0.061275818896581846,0.3149007042942853,-0.4016694908749056,9.603725682057647,0.013915846853526162,21,28,1.7046593746184326,False,0.3900486829161175,False,0.024789984577667772,False,False,0,OK,train
2026-09-18 11:49:49.601345+00:00,-0.04614697755771105,-0.11470155293742844,0.45530244331975517,0.877862128405278,9.605197731968744,0.013499282344573947,23,28,2.251828263059859,False,0.40686563127987374,False,0.024789984577667772,False,False,0,OK,train
2026-09-18 11:54:22.512913+00:00,-0.05080063086779756,-0.036298424105644427,0.39823121127643973,0.29697281213273063,9.61056144885311,0.013072431633367802,23,28,2.020810561984709,False,0.40610884379211043,False,0.024789984577667772,False,False,0,OK,train
2026-09-18 11:59:13.411676+00:00,-0.053317001932731235,-0.06290654192717685,-1.017990817535114,0.33354778221312215,9.60781401648156,0.015634719199411447,27,28,2.317629578742859,False,0.43836280285190826,False,0.024789984577667772,False,False,0,OK,train
2026-09-18 12:04:16.117726+00:00,-0.03707804786902729,-0.030440430035304642,0.8562968675643835,1.4396217152892088,9.610436382308128,0.012297953871334906,22,28,3.3764300848932756,False,0.4824648989762091,False,0.024789984577667772,False,False,0,OK,train
2026-09-18 12:09:27.931090+00:00,-0.03254625954787811,-0.12439024743802693,0.1532939793160525,-0.5834367458387469,9.610169037808443,0.013851494696437788,26,28,1.9769666191849382,False,0.38991667584400597,False,0.024789984577667772,False,False,0,OK,train
2026-09-18 12:14:20.279186+00:00,-0.025341063933166128,-0.06877729120839712,0.9014277824153193,-1.6239782355236219,9.611150217661715,0.016694879702006327,22,28,2.714677560473192,False,0.4574956728668296,False,0.024789984577667772,False,False,0,OK,train
2026-09-18 13:35:47.377297+00:00,-0.04827411007565942,-0.04929940364864348,0.1955414451699349,1.1380999627553516,9.608613442317454,0.0172916164657906,20,29,2.037729991157404,False,0.40848582264619604,False,0.029103828736374415,False,False,0,OK,train
2026-09-18 13:40:50.693984+00:00,-0.05071765970317212,-0.03944102386442746,-0.16235359866253912,0.7743273013498196,9.61381581635595,0.013379088160259664,20,29,2.2182540457889495,False,0.408718823999538,False,0.029103828736374415,False,False,0,OK,train
2026-09-18 13:45:42.256288+00:00,-0.050832130988576425,-0.087178725306705,-0.3102668500828287,0.705329577647612,9.609612004648197,0.016564424689353284,22,29,1.3554221870668617,False,0.3840421431879218,False,0.029103828736374415,False,False,0,OK,train
2026-09-18 14:00:48.293318+00:00,-0.062028530393704734,-0.056578209476626465,-0.30554571365365607,-0.606948976391436,9.60923975721691,0.01381760746267019,23,29,1.6903166113942236,False,0.3909857933528745,False,0.029103828736374415,False,False,0,OK,train
2026-09-18 14:05:52.413542+00:00,-0.044445543107018884,-0.08352850905494061,0.7716046500191734,-0.3487371806479351,9.611661122611059,0.016045775728039956,23,29,1.934445085254551,False,0.4008351511072542,False,0.029103828736374415,False,False,0,OK,train
2026-09-18 14:10:43.631827+00:00,-0.05734048395701645,-0.07955513165344487,-0.18185976645463905,0.8206021117454685,9.605086293336724,0.01566977466763422,27,29,1.139192354805711,False,0.3810377511633372,False,0.029103828736374415,False,False,0,OK,train
2026-09-18 14:25:40.652082+00:00,-0.051932092602386674,-0.05566445329924119,-0.4637132607870432,0.2051790293246432,9.612284517211513,0.01774474663267559,22,29,2.140882225141535,False,0.40423172965719023,False,0.029103828736374415,False,False,0,OK,train
2026-09-18 14:51:08.461072+00:00,-0.05016643098263589,-0.12352731192910756,0.1853770996808347,-0.6085371785645024,9.617908600528976,0.014565713164826515,25,30,2.1996977059133913,False,0.3952149481236829,False,0.02485028006282825,False,False,0,OK,train
2026-09-18 14:56:11.292087+00:00,-0.03659909305154027,-0.07517694112681374,0.01706270545490923,1.0286612111962457,9.606714203596155,0.01698321972024493,22,30,1.5271951425608616,False,0.3885124925293833,False,0.02485028006282825,False,False,0,OK,train
2026-09-18 15:01:23.197393+00:00,-0.050681826783020294,-0.03971457034483597,-0.47063195865602,0.4659600341281828,9.606473210725152,0.014294713812287639,22,30,2.0714427937450735,False,0.3971079630848485,False,0.02485028006282825,False,False,0,OK,train
2026-09-18 15:06:27.028999+00:00,-0.0395783109044193,-0.1163102901813113,-0.047250285336380454,-1.2307945111939893,9.611719499463746,0.015033296378372921,20,30,1.799151017987488,False,0.3945119587277801,False,0.02485028006282825,False,False,0,OK,train
2026-09-18 15:11:17.634107+00:00,-0.05478700909711903,-0.07545635422171408,1.0823419066395845,-0.027840189017227034,9.60449903294527,0.016372322072837172,23,30,2.5545485082460613,False,0.43416822929150384,False,0.02485028006282825,False,False,0,OK,train
2026-09-18 15:16:10.841745+00:00,-0.04005550085567705,-0.05796310545738535,0.3682833349829288,-2.507974365248169,9.609169836558875,0.02102950308495188,25,30,3.836213776267662,False,0.5178607902264523,False,0.02485028006282825,False,False,0,OK,train
2026-09-18 15:26:14.471898+00:00,-0.042936563830555885,-0.0430126614770414,-0.16736059903483247,0.012408013721553387,9.614282260075344,0.015173850753578405,23,30,2.1222499096224716,False,0.39398023745468774,False,0.02485028006282825,False,False,0,OK,train
2026-09-18 15:31:16.551806+00:00,-0.03293023100668832,-0.05068696383021457,-0.42558994911705744,-0.7857350788514982,9.60909705682209,0.015051910177781437,25,30,1.9191312334883748,False,0.39581499504840023,False,0.02485028006282825,False,False,0,OK,train
2026-09-18 15:36:18.220646+00:00,-0.034198190142160516,-0.0545761085996783,0.056261100086790417,-0.35724102063370256,9.604328487167988,0.01666981696754855,23,30,1.33980860327504,False,0.37777629424089854,False,0.02485028006282825,False,False,0,OK,train
2026-09-18 15:41:10.377965+00:00,-0.0430029172818099,-0.08479393911100759,0.1515202180423176,2.090992690079565,9.608883060703253,0.01681785469928882,26,30,2.6095272481843828,False,0.44774245636479443,False,0.02485028006282825,False,False,0,OK,train
2026-09-18 15:46:12.871380+00:00,-0.010188594336804718,-0.02485173534772651,-1.1201459116075443,0.454227896447891,9.609965366109607,0.01301620096661459,22,30,3.4097457116779517,False,0.48001166315364746,False,0.02485028006282825,False,False,0,OK,train
2026-09-18 15:51:15.077838+00:00,-0.06516085661332853,-0.06544011535495269,-0.16179962248346158,-0.517614044411977,9.607925028198464,0.015761900266148127,24,30,1.459783727845859,False,0.3796222758740955,False,0.02485028006282825,False,False,0,OK,train
2026-09-18 15:56:18.034454+00:00,-0.041309709981372504,-0.010982500519285527,-0.08013117334754309,-2.0018314820107452,9.605837348238115,0.014705682195902417,23,30,3.443704586159661,False,0.4526486178578362,False,0.02485028006282825,False,False,0,OK,train
2026-09-18 16:01:09.683334+00:00,-0.05279928902271585,-0.08057362396249063,0.39073236817912005,0.7447593034453752,9.61097777140881,0.014367575340746367,23,30,1.757322953621341,False,0.39355662720950424,False,0.02485028006282825,False,False,0,OK,train
2026-09-18 16:06:42.090376+00:00,-0.040642634117784085,-0.065104966682083,-0.3877490357819571,-0.12635182727009844,9.610796636077904,0.015124483462254014,20,30,1.6513509577980108,False,0.3850376098809042,False,0.02485028006282825,False,False,0,OK,train
2026-09-18 16:11:14.392989+00:00,-0.03680575744043711,-0.06060921288110048,0.11227244486722572,1.6774446557312537,9.609212443050598,0.013768411709333954,21,30,2.457636696635356,False,0.4270308937871467,False,0.02485028006282825,False,False,0,OK,train
2026-09-18 16:16:16.051809+00:00,-0.04014338329817144,-0.08264125817194572,-0.28468304323828436,0.9701113805527485,9.607326454832325,0.015396007178390033,27,30,1.4326108958022523,False,0.3895049784713313,False,0.02485028006282825,False,False,0,OK,train
2026-09-18 16:21:18.526708+00:00,-0.04327399360986342,-0.0860124775103083,0.32870732479632897,-0.28043719898217623,9.60769987965975,0.018225257199831243,25,30,1.636930711141389,False,0.39451750342288694,False,0.02485028006282825,False,False,0,OK,train
2026-09-18 16:26:20.302786+00:00,-0.026144587079173148,-0.08615754946161575,0.3132185083576487,0.09332426254093003,9.609867939635977,0.017672758383707098,24,30,1.6811621483231318,False,0.3941371228753986,False,0.02485028006282825,False,False,0,OK,train
2026-09-18 16:31:12.458862+00:00,-0.04102971491467498,-0.10871177769861909,0.1767166571984969,-0.6362868985590208,9.606712918532876,0.013716331692622527,28,30,1.2708388565990063,False,0.39032359992454013,False,0.02485028006282825,False,False,0,OK,train
2026-09-18 16:36:14.773635+00:00,-0.037368555836586534,-0.05601518630252065,-0.7537219591916793,0.41741381606885275,9.616394901009958,0.016169106345126204,25,30,2.95163432176051,False,0.43550771956258544,False,0.02485028006282825,False,False,0,OK,train
2026-09-18 16:41:16.709590+00:00,-0.03364244792365799,-0.057805244827471264,0.18883508643492505,1.1200686913466777,9.613697601575781,0.019144008346100253,24,30,2.9494508453636747,False,0.43602980694489113,False,0.02485028006282825,False,False,0,OK,train
2026-09-18 16:51:10.990952+00:00,-0.041878072105585064,-0.047250345300697785,-0.14675268662754845,-0.020138769068919194,9.612014931149782,0.013980813209403078,23,30,2.198092018752794,False,0.3984851296544845,False,0.02485028006282825,False,False,0,OK,train
2026-09-18 16:56:13.184107+00:00,-0.04144257610232573,-0.014680824198805873,1.1899091305794294,-0.3093290298675329,9.614524997121222,0.016029971927611106,25,30,4.025147030395461,False,0.4887382802171664,False,0.02485028006282825,False,False,0,OK,train
2026-09-18 17:01:15.840652+00:00,-0.05572054319881578,-0.04292509967726574,0.0591044021982976,-1.1080232236846306,9.607671653996743,0.017320508075688787,26,30,2.5296156296124033,False,0.4063929917197066,False,0.02485028006282825,False,False,0,OK,train
2026-09-18 17:06:17.908699+00:00,-0.04887293401380992,-0.06153907736937182,0.15612270385701205,-0.825388587476242,9.613918820772962,0.015331639559995973,26,30,2.215254410828823,False,0.4033332916043565,False,0.02485028006282825,False,False,0,OK,train
2026-09-18 17:11:09.993859+00:00,-0.04374099442396611,-0.09383280191422909,-0.6034279477193545,0.35387132308436964,9.614230414686263,0.016874931514215635,26,30,2.3801795686359384,False,0.42355211391609526,False,0.02485028006282825,False,False,0,OK,train
2026-09-18 17:16:12.483286+00:00,-0.048612714184768986,-0.08021318993947889,0.5351532988964414,-0.1969540434888752,9.61714784729974,0.0126743836142039,25,30,2.867980916542454,False,0.44990548310609896,False,0.02485028006282825,False,False,0,OK,train
2026-09-18 17:21:14.468734+00:00,-0.04655455617282439,-0.07986665325545646,-0.1553991307029236,-1.5499899016561793,9.612867237749372,0.01891134286318371,24,30,2.871361105958339,False,0.44601650819640665,False,0.02485028006282825,False,False,0,OK,train
2026-09-18 17:26:17.142474+00:00,-0.05368839886675829,-0.05732579058790319,0.6308523576614903,0.14429201143461043,9.61367244185492,0.014352700094407337,20,30,2.626266901513873,False,0.42124740892777696,False,0.02485028006282825,False,False,0,OK,train
2026-09-18 17:36:11.164254+00:00,-0.04922098633649999,-0.06414040899060906,0.6421041807904404,-1.3895291213297116,9.619932672302847,0.016836599252229228,22,30,3.477621246647752,False,0.471932098404577,False,0.02485028006282825,False,False,0,OK,train
2026-09-18 17:41:23.288227+00:00,-0.0370453458767562,-0.055769854165346446,-0.8393781558731298,0.5637491547509901,9.612055549283589,0.01611004679328263,27,30,2.83254059341693,False,0.44693106544203387,False,0.02485028006282825,False,False,0,OK,train
2026-09-18 17:46:15.533696+00:00,-0.030404903095482196,-0.06403147150659304,-0.5377451267020513,0.4421729126376224,9.61252657732109,0.013181805642627277,25,30,2.5803778671025412,False,0.43482979637415203,False,0.02485028006282825,False,False,0,OK,train
2026-09-18 17:51:17.871417+00:00,-0.040463234968946236,-0.13228737656243095,-0.07450629414372555,-1.5747898348081175,9.6167348248388,0.013457206556993196,23,30,3.043425592064568,False,0.46579897332969955,False,0.02485028006282825,False,False,0,OK,train
2026-09-18 17:56:09.374327+00:00,-0.049510159296648676,-0.08567536564726269,-0.03110404147884036,-1.1229498917267182,9.608647833133357,0.01743539662742308,24,30,1.9489146139692062,False,0.4105411454386236,False,0.02485028006282825,False,False,0,OK,train
2026-09-18 18:01:11.569241+00:00,-0.035324896888157944,-0.09259995974192552,0.05646766356664614,0.1877950509264825,9.608951497318268,0.017939097649820532,28,30,1.6942103404029647,False,0.39869065962271094,False,0.02485028006282825,False,False,0,OK,train
2026-09-18 18:06:13.763575+00:00,-0.030902606572156655,-0.08732429729430762,-0.06656867634032106,1.0129450209004274,9.6065780978346,0.014505745987941018,24,30,1.6183695940436886,False,0.4002334826644625,False,0.02485028006282825,False,False,0,OK,train
2026-09-18 18:15:07.473882+00:00,-0.03415999091465006,-0.03948327455137277,0.02988240030575092,0.1467412115596182,9.610871827682754,0.018093092604637845,25,31,2.6464025009819556,False,0.41501480419036696,False,0.01006028572797474,False,False,0,OK,train
2026-09-18 18:20:09.864225+00:00,-0.04363983226896115,-0.07429550981915559,0.05258866182658154,0.9204500880314477,9.611343493627873,0.01623149834308401,26,31,2.082188702855745,False,0.41193993078807645,False,0.01006028572797474,False,False,0,OK,train
2026-09-18 18:25:22.412996+00:00,-0.04422572347784508,-0.04874472768777726,0.22109806823659284,0.14873500027194558,9.6101498262103,0.014119490075778245,25,31,2.3558800492397496,False,0.4154728140415133,False,0.01006028572797474,False,False,0,OK,train
2026-09-18 18:30:13.999342+00:00,-0.05204434153977218,-0.06410317684460475,-0.0238500372871736,-0.1144139280834242,9.60851630855495,0.014328049611551388,23,31,1.9179421732300035,False,0.4034465307628998,False,0.01006028572797474,False,False,0,OK,train
2026-09-18 18:35:16.389101+00:00,-0.040440125655281337,-0.08251701541320138,0.04713744479963127,1.1943446409452458,9.606955323154912,0.01276569477008452,27,31,2.3868587052687156,False,0.428883514115894,False,0.01006028572797474,False,False,0,OK,train
2026-09-18 18:40:08.553917+00:00,-0.02570806603436466,-0.05464784932187929,0.3181517573142741,-1.097371848392726,9.60922651734942,0.01700480041962816,27,31,2.4140247657164324,False,0.4235013248725778,False,0.01006028572797474,False,False,0,OK,train
2026-09-18 18:45:10.939732+00:00,-0.04585818893613802,0.0028945240007193485,-0.7743017259929209,-0.929555293159529,9.611261119022068,0.014427741410983993,24,31,4.210304063659525,False,0.4894453436188674,False,0.01006028572797474,False,False,0,OK,train
2026-09-18 18:50:12.814279+00:00,-0.049204277054055424,-0.08151074242701169,-1.0602939294036609,1.270060767492351,9.611625874382312,0.012140522651411403,21,31,3.681442569338705,False,0.5417870248024823,False,0.01006028572797474,False,False,0,OK,train
2026-09-18 19:00:17.398764+00:00,-0.04750730475012186,-0.07922689746516695,0.9079499120144776,0.10943436732283525,9.607383495203623,0.014367575340746366,23,31,2.593709379206495,False,0.44260415260819713,False,0.01006028572797474,False,False,0,OK,train
2026-09-18 19:05:09.443935+00:00,-0.02234505913192799,-0.08076573462829365,0.3291651111721233,-1.9707497273238266,9.61372620744526,0.017482109216601417,27,31,3.1580482945748094,False,0.49633672855876737,False,0.01006028572797474,False,False,0,OK,train
2026-09-18 19:10:11.728888+00:00,-0.03544664818821805,-0.06135244771414298,-0.0701120162287123,0.005421629658095979,9.611103345617922,0.01637153660730581,21,31,2.1270419227694024,False,0.418501796600577,False,0.01006028572797474,False,False,0,OK,train
2026-09-18 19:15:13.708621+00:00,-0.02743274377351963,-0.054234889026955335,-0.4236986466597748,0.1153456886787321,9.604776000680877,0.014135996211406158,24,31,2.13816920822234,False,0.4166818723698316,False,0.01006028572797474,False,False,0,OK,train
2026-09-18 19:20:36.063903+00:00,-0.04082184797309592,-0.07223442585124407,0.5745303186799506,0.10112717478681439,9.609523924190482,0.017905443723455657,23,31,2.42373881469394,False,0.44584939500978094,False,0.01006028572797474,False,False,0,OK,train
2026-09-18 20:33:58.089411+00:00,-0.03736940595626297,-0.10332483405693837,-0.18588003384960347,0.6972052353499743,9.609162790173507,0.01575247586469406,22,33,1.9589377207247862,False,0.45537434483370237,False,0.04030799331958042,False,False,0,OK,train
2026-09-18 21:11:36.154058+00:00,-0.026325181272943546,-0.06172542066612354,-0.1517808330900262,-1.254465560217287,9.611883174513942,0.01855310451312207,21,34,3.0499063902669223,False,0.5022893072119666,False,0.01028721729810699,False,False,0,OK,train
2026-09-18 21:21:40.905212+00:00,-0.053652164389458044,-0.0840553578018659,-0.11322842375654256,0.11402532095029397,9.613372785915224,0.013883443376914835,20,34,2.489997234470423,False,0.4844748072965103,False,0.01028721729810699,False,False,0,OK,train
2026-09-18 21:26:43.088787+00:00,-0.04445283502598183,-0.047340858847391094,-0.3463151705829007,0.5868862331992115,9.612063642604223,0.013707724148203872,23,34,3.00298355827304,False,0.4922212475091135,False,0.01028721729810699,False,False,0,OK,train
2026-09-18 21:31:34.013322+00:00,-0.027468596684344336,-0.03441193839417848,0.35762016037763467,2.5504293595282035,9.614633304905908,0.024027572974367365,21,34,5.364185035099392,True,0.6231511481975248,True,0.01028721729810699,False,False,1,OK,train
2026-09-18 21:36:36.633288+00:00,-0.021912709767221036,-0.09455651413093619,0.06912770204174516,-1.1089321224045154,9.612201592020206,0.013743685418725546,24,34,2.66260050044121,False,0.4955975200120991,False,0.01028721729810699,False,False,0,OK,train
2026-09-18 21:41:38.378134+00:00,-0.056634209145534714,-0.09609635519673265,0.4383727016893946,-1.499166423212792,9.609056604574043,0.016326665305566857,25,34,2.618731384697513,False,0.5162588050786914,False,0.01028721729810699,False,False,0,OK,train
2026-09-18 21:49:22.393343+00:00,-0.04012260027332886,-0.07358365744609033,0.8942220628691563,0.813921344992353,9.609547923508735,0.01270289873862012,22,35,3.4489541558686696,False,0.5353472724024922,False,0.009083119782141722,False,False,0,OK,train
2026-09-18 21:54:24.873995+00:00,-0.029154992130587837,-0.0899767363414729,-0.03755776396301001,1.5822695860765592,9.614791370629883,0.015098917699291612,23,35,3.0659331318974634,False,0.5286760956178469,False,0.009083119782141722,False,False,0,OK,train
2026-09-18 21:59:37.814139+00:00,-0.05253718401485724,-0.10513235875603416,-0.09618887855465952,-0.3270207488625145,9.606630882711059,0.01785555548500256,21,35,2.079596027150728,False,0.49215795241513666,False,0.009083119782141722,False,False,0,OK,train
2026-09-18 22:04:29.014255+00:00,-0.05150431253538638,-0.04100352316611237,0.15292380886532403,-0.058524889615338506,9.616934390619106,0.012688488185213561,21,35,3.590654782726741,False,0.5128179824566073,False,0.009083119782141722,False,False,0,OK,train
2026-09-18 22:14:33.833168+00:00,-0.0440798946125827,-0.056634253353353634,-0.41437320385701776,-0.924594931413308,9.607985247485065,0.012960524935802872,22,35,3.0759041454736735,False,0.5046759179735303,False,0.009083119782141722,False,False,0,OK,train
2026-09-19 04:14:39.627561+00:00,-0.046720243872402145,-0.08417008936642768,-0.03933319527469806,0.7348438761939845,9.611072894992548,0.01642684601015272,21,36,1.709981039050912,False,0.41784477827271593,False,0.004263019069740433,False,False,0,OK,train
2026-09-19 04:49:54.206602+00:00,-0.040727827820224466,-0.06785589114393654,0.9818717565376215,0.016444547591335398,9.60871332631339,0.016141164458695196,22,36,2.388668874532394,False,0.4385746115156602,False,0.004263019069740433,False,False,0,OK,train
2026-09-19 04:57:27.529240+00:00,-0.045185198934680496,-0.009620471324365101,-0.07499143807943824,-0.5751903797276965,9.6151439036244,0.013101321020277706,23,37,2.546102829527216,False,0.4292725758930542,False,0.013474432828014155,False,False,0,OK,train
2026-09-19 05:07:31.056480+00:00,-0.006961558434022171,-0.08290892190695948,0.033339616870098766,1.3823517589698224,9.613397740686766,0.016135571045031098,27,37,2.457936747174883,False,0.4257117234589481,False,0.013474432828014155,False,False,0,OK,train
2026-09-19 05:12:42.976925+00:00,-0.03687286654186591,-0.051032185204166074,1.1726906605705334,0.07551794244853376,9.609207019224698,0.01589352593563389,24,37,2.739237826938784,False,0.4584144494110254,False,0.013474432828014155,False,False,0,OK,train
2026-09-19 05:17:35.121839+00:00,-0.04218070046298091,-0.051087506566892905,0.04573712029756271,1.076180206911102,9.613010107142385,0.01545962483374032,20,37,1.6864323897335225,False,0.4066503608880222,False,0.013474432828014155,False,False,0,OK,train
2026-09-19 05:22:38.020854+00:00,-0.05957030382847804,-0.08114022526100904,0.5756125046178716,-2.646552456396238,9.613529436442617,0.01624807680927192,20,37,3.210727382609648,False,0.5161050441416493,False,0.013474432828014155,False,False,0,OK,train
2026-09-19 05:52:51.441260+00:00,-0.009798432381486585,-0.11487521191179548,-0.16199436652125584,0.9524906144321307,9.615680561017708,0.01061838029079766,20,37,4.010647633254539,False,0.49988018872177536,False,0.013474432828014155,False,False,0,OK,train
2026-09-19 06:07:27.792271+00:00,-0.033251453592360904,-0.06070088267927607,0.7087492036486422,0.29920971787575285,9.613013211317124,0.016995495900601808,23,37,2.003257122949629,False,0.41440422159247303,False,0.013474432828014155,False,False,0,OK,train
2026-09-19 06:28:27.631665+00:00,-0.03192179196550871,-0.06871568461562128,-0.6113128805262479,0.43982151539719583,9.616060788010483,0.018441913313608956,24,38,2.53928370887215,False,0.429480511140405,False,0.012430567890917283,False,False,0,OK,train
2026-09-19 06:48:06.368664+00:00,-0.01711049098295903,-0.10554677822292469,-0.26265303766330345,-0.32277420602442314,9.614698600505456,0.014517017656974045,22,38,2.3186882322346496,False,0.39896480303841375,False,0.012430567890917283,False,False,0,OK,train
2026-09-19 06:53:08.688971+00:00,-0.03162922809913452,-0.06474365055370013,0.6955685196952189,0.3134156908710906,9.612428052278885,0.013299276232160775,21,38,2.1281276368496975,False,0.41248333562967365,False,0.012430567890917283,False,False,0,OK,train
2026-09-19 06:58:11.074991+00:00,-0.022369107341514153,-0.06064350717904248,0.007199043508571248,0.13262481560379863,9.60838549727679,0.014854619558313218,24,38,0.6173628465917602,False,0.37608813670399444,False,0.012430567890917283,False,False,0,OK,train
2026-09-19 07:05:55.338379+00:00,-0.04246648431127875,-0.1374566625656064,-0.48044950243232903,-0.8101656199773405,9.610141187466898,0.015832296918289687,23,39,2.836985494617168,False,0.41198587190729746,False,0.020982971511138444,False,False,0,OK,train
2026-09-19 07:10:57.008927+00:00,-0.027268374598722393,-0.070970402423549,0.36788517407126947,-0.7372216563315228,9.615517173007953,0.013919410907075118,24,39,1.8215038910019004,False,0.3965416066101437,False,0.020982971511138444,False,False,0,OK,train
2026-09-19 07:15:59.703365+00:00,-0.036434166441026386,-0.13165744748903835,0.731794811422455,-0.1344520488481099,9.608892502073084,0.015312319229346233,21,39,2.8073430531916856,False,0.40908524976242394,False,0.020982971511138444,False,False,0,OK,train
2026-09-19 07:21:01.988896+00:00,-0.0442756288883779,-0.10835799369559737,0.6679944416537898,-0.9357414215974196,9.61533548399944,0.018761260009036034,23,39,2.8774953125722016,False,0.4357369912532705,False,0.020982971511138444,False,False,0,OK,train
2026-09-19 07:26:15.249414+00:00,-0.023513152172393494,-0.08762832168178603,-1.2890590354314497,0.7175775578490813,9.613564828937774,0.011516895800904288,24,39,3.9207594502882808,False,0.5148433500754367,False,0.020982971511138444,False,False,0,OK,train
2026-09-19 07:30:56.223871+00:00,-0.03122309975296065,-0.08954713993178949,0.7436762354337242,-0.7891955067389637,9.619592182422604,0.01733653816526114,30,39,2.858750447505093,False,0.4253382401932975,False,0.020982971511138444,False,False,0,OK,train
2026-09-19 07:35:58.719091+00:00,-0.040520034270708195,-0.10021833307777002,-0.4800870472214697,1.2635663408508655,9.618746668044679,0.012379597645716327,26,39,3.160056035736001,False,0.44988419511547556,False,0.020982971511138444,False,False,0,OK,train
2026-09-19 07:41:00.933621+00:00,-0.031670824465157864,-0.07411838492807245,-0.02553104482284206,-0.13370162652942053,9.617632247013425,0.01437398936440174,22,39,1.668031355073253,False,0.38419138639420947,False,0.020982971511138444,False,False,0,OK,train
2026-09-19 07:50:55.868680+00:00,-0.012603230153692921,-0.07785597245643566,-0.14432806987038574,0.01570199114202052,9.617270314345175,0.01636581803638334,25,39,2.0452193624773654,False,0.3872896973207795,False,0.020982971511138444,False,False,0,OK,train
2026-09-19 07:55:57.933497+00:00,-0.02483884143871521,-0.038287430733820516,-0.20411161109290865,-0.5969819513569736,9.613923454599593,0.015574337867145426,25,39,1.2462295202446971,False,0.3788883892028063,False,0.020982971511138444,False,False,0,OK,train
2026-09-19 08:01:00.229830+00:00,-0.028583031519037773,-0.09018212311018717,0.060444943033788966,1.4880859652533638,9.618257252914423,0.01587954659302338,25,39,2.7045043109919487,False,0.41558293166311006,False,0.020982971511138444,False,False,0,OK,train
2026-09-19 08:06:02.511340+00:00,-0.0226113591046333,-0.0990250531926119,0.27400831487146304,-0.8044434571371284,9.616420386928251,0.013948476619330168,25,39,2.310184307296121,False,0.39278182245012605,False,0.020982971511138444,False,False,0,OK,train
2026-09-19 08:11:05.329200+00:00,-0.028444151139427564,-0.05299870986189095,-0.32598372141455084,0.5261043653999841,9.614066008906834,0.01690968657308587,24,39,1.5713681672167583,False,0.3842743852000664,False,0.020982971511138444,False,False,0,OK,train
2026-09-19 08:15:57.269642+00:00,-0.025799836680067485,-0.027257843203963406,-0.26448504472571155,0.5826300869710008,9.618087262436907,0.014854619558313374,24,39,1.9058218010352062,False,0.39723599658952047,False,0.020982971511138444,False,False,0,OK,train
2026-09-19 08:21:19.614448+00:00,-0.01601868990911458,-0.13509184566540547,0.14414890895482482,-0.5361683093939613,9.617580909434366,0.013652639225553685,21,39,3.259333475713359,False,0.4018672575896948,False,0.020982971511138444,False,False,0,OK,train
2026-09-19 08:26:02.133966+00:00,-0.022502055006727396,-0.11318677937478387,-0.3408318066112124,2.552092812620222,9.618982593789658,0.014798648586948755,20,39,4.029798258982697,False,0.48452849226507383,False,0.020982971511138444,False,False,0,OK,train
2026-09-19 08:31:24.494846+00:00,-0.025219068612127585,-0.09696685835901864,-0.2872042512506377,-0.9810888859251783,9.612878697007325,0.014235396124995579,23,39,2.0678286547991296,False,0.39897145041137716,False,0.020982971511138444,False,False,0,OK,train
2026-09-19 08:35:56.798519+00:00,-0.03792429535140771,-0.09606459499436243,0.31900233290119434,0.5795114400730034,9.617092142354242,0.015784465096235968,23,39,2.1072621934721063,False,0.3851676094124348,False,0.020982971511138444,False,False,0,OK,train
2026-09-19 09:16:05.078492+00:00,-0.033272300627331115,-0.11238511538572127,0.7235366504163446,-0.619922135757746,9.617694662944839,0.015400915836948801,21,39,2.758222929518036,False,0.4023547284941003,False,0.020982971511138444,False,False,0,OK,train
2026-09-19 09:45:58.630613+00:00,-0.02140260799076293,-0.09154618800947842,1.1659829162861501,-0.4529877304122924,9.620443746623062,0.014826824027545708,22,39,3.4442526147082826,False,0.45430481586712257,False,0.020982971511138444,False,False,0,OK,train
2026-09-19 09:51:00.711077+00:00,0.004456715103788059,-0.07155517025088226,-0.3593155128494723,0.9072269513032792,9.619429438325973,0.017720045146669368,20,39,3.0949633365636893,False,0.4192988084751413,False,0.020982971511138444,False,False,0,OK,train
2026-09-19 09:57:03.397359+00:00,-0.018858623372394183,-0.09834059758527189,-0.19741130498669182,-0.3472772504358664,9.618039892438603,0.013964645998681122,21,40,2.3926021817088734,False,0.39135818103350084,False,0.03356604560265943,False,False,0,OK,train
2026-09-19 10:32:08.988278+00:00,0.008640300886347487,-0.07052892393094524,-0.05113354921058171,-0.8163899104494494,9.616824996953035,0.01095445115010323,20,40,3.2611620036414872,False,0.46446176421167124,False,0.03356604560265943,False,False,0,OK,train
2026-09-19 10:59:53.096062+00:00,-0.012252091750740017,-0.07902503845626734,0.4656893469591802,0.5799188296210638,9.619573385559077,0.013669238185149939,21,41,2.708144872782311,False,0.4095252840182661,False,0.01531539045980449,False,False,0,OK,val
2026-09-19 11:52:57.574652+00:00,-0.008785908863495763,-0.08178101667678965,0.6478034257746068,-0.9517524362227864,9.61226373976436,0.014349065879351768,21,42,2.1586961051209923,False,0.41751178514948484,False,0.008672211765940028,False,False,0,OK,val
2026-09-19 11:57:58.408346+00:00,-0.0376605944203532,-0.09188311988494455,-0.3446135001898174,0.8186724055981482,9.610436344136303,0.014448183276799748,20,42,1.5760942523484458,False,0.3929093409234097,False,0.008672211765940028,False,False,0,OK,val
2026-09-19 12:05:31.728772+00:00,-0.02204631340021947,-0.02406466073249862,-0.07106826790475232,0.01695696324902528,9.616370669326196,0.017275343701356572,24,43,2.2972449132949793,False,0.4020725871620007,False,0.05100633595321916,False,False,0,OK,val
2026-09-19 12:10:34.748028+00:00,-0.04186694265139498,-0.1040327102212683,0.10107639505217555,-0.9247541159197058,9.616795602058989,0.016286088738261654,26,43,2.0857634576303044,False,0.3933121545789189,False,0.05100633595321916,False,False,0,OK,val
2026-09-19 12:15:36.193482+00:00,-0.008403482274724067,-0.0784752420974895,-0.19962773763310088,1.305202535642965,9.618465546192366,0.018384673488579112,23,43,3.216284065697984,False,0.43521054127072506,False,0.05100633595321916,False,False,0,OK,val
2026-09-19 12:20:38.893005+00:00,-0.02793337605135832,-0.09839115608186086,-0.505547159535157,-0.6877027040152236,9.616424724612353,0.011907012119677535,23,43,2.907878972389125,False,0.4441610998519329,False,0.05100633595321916,False,False,0,OK,val
2026-09-19 12:25:31.991948+00:00,-0.02164520243535879,-0.02728668876748283,0.14759333071735295,-0.2506677215925446,9.62205986571896,0.015460918472070307,25,43,2.811758940977573,False,0.4084570287533136,False,0.05100633595321916,False,False,0,OK,val
2026-09-19 12:30:33.138113+00:00,-0.015522922593406823,-0.03345284172719806,-0.08539863887745347,0.4611590485404493,9.61777654035076,0.016768969768815215,22,43,2.414103424065336,False,0.40583773313483656,False,0.05100633595321916,False,False,0,OK,val
2026-09-19 12:35:35.319571+00:00,-0.014778571134864077,-0.028710490109674934,-0.34285748631852403,-0.19650720766170363,9.617390673764314,0.011763260224755536,23,43,2.9735598027344436,False,0.44326858784574846,False,0.05100633595321916,False,False,0,OK,val
2026-09-19 13:09:09.860135+00:00,-0.016855479797760236,-0.04851423833885641,0.3430336919515834,0.26334674929125895,9.621452347551962,0.016329931618554536,21,44,2.855321175830569,False,0.41186592927878085,False,0.036238451592433156,False,False,0,OK,val
2026-09-19 14:56:58.846409+00:00,-0.019014678561071,-0.09089620756131066,-0.7244096578474903,-0.42047385209851523,9.60924182285237,0.014135996211406158,24,47,1.9960866055613569,False,0.4129767396851956,False,0.012065935323049672,False,False,0,OK,val
2026-09-19 15:27:02.430740+00:00,0.0012264164541390854,-0.10972126449002347,0.13855120193684473,-0.9802144141039565,9.618002234802683,0.014952684255340567,21,47,2.8543005079665575,False,0.40720461448718853,False,0.012065935323049672,False,False,0,OK,val
2026-09-19 15:32:15.372225+00:00,-0.026986738228475905,-0.08105910798945276,1.1531640976718935,-2.0308401976248396,9.615817031624934,0.013819269959814178,24,47,3.7256041760803886,False,0.5255234850730905,False,0.012065935323049672,False,False,0,OK,val
2026-09-19 15:44:59.595839+00:00,-0.001918354262397081,-0.07548357443720172,-0.4140233629876276,-1.241535691670484,9.621162639070066,0.016713433009863866,22,48,3.521095432406009,False,0.43480872437499585,False,0.004500045072943052,False,False,0,OK,val
2026-09-19 15:50:13.993497+00:00,-0.02564648619547255,-0.04607896083954277,0.0912759758073179,-0.25561971092575886,9.621652454176896,0.01428261375083552,24,48,3.096094325974108,False,0.4209990603433877,False,0.004500045072943052,False,False,0,OK,val
2026-09-19 15:55:05.437392+00:00,-0.021367038738116982,-0.06545101752727249,0.12765989929627178,0.4553664315876315,9.622019839010536,0.01523154621172811,25,48,3.051499954328553,False,0.41536588342725045,False,0.004500045072943052,False,False,0,OK,val
2026-09-19 16:10:01.599253+00:00,-0.027774794033021938,-0.004376187571435584,1.1485641214047677,0.4833662339451413,9.62143954667612,0.013583042914620586,23,48,4.646394379554193,False,0.5071106472143003,False,0.004500045072943052,False,False,0,OK,val
2026-09-19 16:15:13.720781+00:00,-0.03242272704916907,-0.06067798055638965,0.5495335716232842,0.4052021200311362,9.623545462517974,0.015620209016054038,21,48,3.4703502647386393,False,0.4388354859273338,False,0.004500045072943052,False,False,0,OK,val
2026-09-19 16:25:05.598546+00:00,-0.018615449245240126,-0.08163700208723396,0.7364702051703409,-0.47772032131463915,9.615880666345456,0.01569601488919786,27,48,2.5988999041627108,False,0.4175585556034262,False,0.004500045072943052,False,False,0,OK,val
2026-09-19 16:29:58.428903+00:00,0.015676862937955137,-0.06703237555200359,-0.9701163178067527,1.0374740843311017,9.620057890776549,0.014620533505997665,25,48,3.939181371008657,False,0.478926626782282,False,0.004500045072943052,False,False,0,OK,val
2026-09-19 16:35:03.105065+00:00,-0.03456889600780968,-0.06711851479419288,0.11010045036901349,1.3952718440666503,9.620244908374138,0.014062716664997569,25,48,3.2078548174678096,False,0.4484841733660238,False,0.004500045072943052,False,False,0,OK,val
2026-09-19 16:40:02.404510+00:00,-0.017755123738794225,-0.06770283266313196,0.2866109177919007,0.25470111426015335,9.622019892829861,0.016064179133702096,22,48,3.2065273944266113,False,0.4228739820970607,False,0.004500045072943052,False,False,0,OK,val
2026-09-19 16:45:04.508911+00:00,-0.020210811187819058,-0.09012764775284128,-0.7080989374271899,-0.8517844715249135,9.621051118494659,0.016155494421403526,30,48,3.52558383681114,False,0.4573136314374129,False,0.004500045072943052,False,False,0,OK,val
2026-09-19 16:50:17.071416+00:00,-0.010483910925210886,-0.09468507522127201,0.3275782727149863,-0.06296809478368628,9.62350240437888,0.018821264569629764,25,48,3.8518098525610798,False,0.4516279181291471,False,0.004500045072943052,False,False,0,OK,val
2026-09-19 16:54:58.329720+00:00,-0.027904232042306947,-0.10424208955878636,0.3850992968677653,0.8617653777643373,9.622367098870424,0.01730577348512247,28,48,3.5035862519269223,False,0.44654313797309775,False,0.004500045072943052,False,False,0,OK,val
2026-09-19 17:05:12.422949+00:00,-0.00985675133916685,-0.08475698483621223,-0.509505961016214,1.5386944306886845,9.618799956179005,0.014947825928876762,24,48,3.3901883881639803,False,0.46749092570866224,False,0.004500045072943052,False,False,0,OK,val
2026-09-19 17:10:04.894343+00:00,-0.028673442573591813,-0.0634937364110198,0.016005400775435975,-0.2673120387756879,9.618152705143993,0.016287702606517213,22,48,2.641710155957322,False,0.4122256212828631,False,0.004500045072943052,False,False,0,OK,val
2026-09-19 17:15:17.949578+00:00,-0.016625788752634246,-0.08566510899440512,-0.7777543097312798,1.5217366597693458,9.619498310032318,0.015239140558400206,22,48,3.6695462215955956,False,0.48527318347321774,False,0.004500045072943052,False,False,0,OK,val
2026-09-19 17:19:58.913321+00:00,0.0029660131809256898,-0.03638840123023462,-0.06835572163898979,0.21961293558730194,9.625593281265328,0.014225570776082266,26,48,4.105122197226205,False,0.4551002395871456,False,0.004500045072943052,False,False,0,OK,val
2026-09-19 17:25:01.937940+00:00,-0.019883032988236616,-0.008670291593316122,0.8002987748609107,-1.9912392607807123,9.621224254337552,0.017213259316477415,27,48,4.7607180659016235,False,0.5325598318460391,False,0.004500045072943052,False,False,0,OK,val
2026-09-19 17:30:13.217607+00:00,-0.03553185767009506,-0.08328249356760171,-0.1277114509565987,0.2895509116348993,9.621430352818152,0.015252504348102621,24,48,2.9759291100735394,False,0.4357707301311686,False,0.004500045072943052,False,False,0,OK,val
2026-09-19 17:35:06.090636+00:00,-0.018113041155394635,-0.09951123426682275,-0.5831711344250702,-0.4479207575377249,9.619297665495797,0.015688363958842374,23,48,3.1437158666708527,False,0.44690298608211076,False,0.004500045072943052,False,False,0,OK,val
2026-09-19 17:50:02.404125+00:00,-0.02184890683042515,-0.06311735389161786,0.31469706811785064,0.1172824844105247,9.623988803937479,0.016217784340828444,22,48,3.6419608872732647,False,0.4578601500444482,False,0.004500045072943052,False,False,0,OK,val
2026-09-19 17:55:04.680957+00:00,-0.0033375918811922724,-0.07960887948874003,0.0819051941220321,-0.41191360955658174,9.62461603543361,0.014142135623730965,24,48,3.7635659723645194,False,0.4558484871828908,False,0.004500045072943052,False,False,0,OK,val
2026-09-19 18:00:17.518198+00:00,-0.030963500712731046,-0.035559399122632646,0.01965597428463387,1.5981047169173375,9.618921359914633,0.014966629547095765,25,48,3.642681230759583,False,0.47717678917605627,False,0.004500045072943052,False,False,0,OK,val
2026-09-19 18:04:59.048924+00:00,-0.011885479920726713,-0.0609109927910478,-0.323248414203207,0.9702013724816129,9.61934344229828,0.01498970840359117,27,48,3.254055079813358,False,0.4577268717567218,False,0.004500045072943052,False,False,0,OK,val
2026-09-19 18:10:01.510824+00:00,-0.028299233846009117,-0.09877698153270513,-0.34405315281112564,-1.7078491907817723,9.618204929055032,0.014917126437656312,22,48,3.270421954398821,False,0.4763867226490718,False,0.004500045072943052,False,False,0,OK,val
2026-09-19 18:15:13.129267+00:00,-0.0075718750748125325,-0.09254245834542303,0.09287040179889408,-0.4760087925871557,9.61788471145399,0.013418097908195604,21,48,2.8833280786232445,False,0.4436274026190123,False,0.004500045072943052,False,False,0,OK,val
2026-09-19 18:20:05.187906+00:00,-0.033068523287080154,-0.0809071341377592,-0.2607861659949866,0.5122418704417848,9.618855544912105,0.01745393938341716,25,48,3.0263759854918666,False,0.4527270299635092,False,0.004500045072943052,False,False,0,OK,val
2026-09-19 18:30:50.193635+00:00,-0.007974619263231555,-0.10053708615725958,0.5477429300789791,0.021355064829717097,9.620157037584463,0.01966112916391123,25,48,3.8166587993456047,False,0.495508118068072,False,0.004500045072943052,False,False,0,OK,val
2026-09-19 18:35:01.803055+00:00,0.00926569570466209,-0.056251988778182965,-0.28951338570366614,-0.5136414332966002,9.617874373922774,0.01459512766231561,26,48,3.111340717457705,False,0.45115098031640233,False,0.004500045072943052,False,False,0,OK,val
2026-09-19 18:40:13.898573+00:00,-0.013833029337730854,-0.09187090724996351,-0.4012012075035266,-0.24077313845624654,9.619409245326377,0.016463785756216955,27,48,3.164742971069542,False,0.46021412932249867,False,0.004500045072943052,False,False,0,OK,val
2026-09-19 18:45:06.726189+00:00,-0.025380348167791406,-0.0927857510276823,-0.2506888903787015,-0.4874215801816289,9.61737388618344,0.016480219450483516,26,48,2.7352011212693794,False,0.4507063109163043,False,0.004500045072943052,False,False,0,OK,val
2026-09-19 18:49:58.211971+00:00,-0.008541221973601828,-0.06930855986815673,-0.019467746408086167,-0.8702810692780273,9.619704091339122,0.014664242223858703,25,48,3.213042225013915,False,0.4630501253242597,False,0.004500045072943052,False,False,0,OK,val
2026-09-19 18:55:00.305229+00:00,-0.01811131755382383,-0.08043812439770302,-0.698726507133285,0.1012998901899959,9.62135844934141,0.01546473935329356,28,48,3.6330557209589927,False,0.492242754299038,False,0.004500045072943052,False,False,0,OK,val
2026-09-19 19:00:12.867552+00:00,-0.02122453275878369,-0.07383017500044566,0.8114700301858748,0.7043996008192713,9.616970269076372,0.015293276219327944,22,48,3.252535965173422,False,0.48382966041158465,False,0.004500045072943052,False,False,0,OK,val
2026-09-19 19:05:05.270377+00:00,0.002398313886532331,-0.07002641870785972,-0.031725828356599914,0.4455924928562584,9.617847588119032,0.013609081548426263,26,48,3.0629599595411072,False,0.4605083781372595,False,0.004500045072943052,False,False,0,OK,val
2026-09-19 19:15:19.983858+00:00,0.0021904689060754244,-0.07856052221578018,0.48737609175957575,-1.1373683824714504,9.618685151595233,0.013471246421591029,23,48,3.4637694714832103,False,0.4923301218790456,False,0.004500045072943052,False,False,0,OK,val
2026-09-19 19:20:01.425956+00:00,-0.0022687965624771564,-0.09696509917833235,0.20760432108575008,-0.2719271239824266,9.611197989637652,0.015315351775261329,25,48,1.9614973670667084,False,0.42673014486528027,False,0.004500045072943052,False,False,0,OK,val
2026-09-19 19:25:03.887706+00:00,-0.01825789254131018,-0.0931162828908154,0.5857488206683775,1.9751779830003384,9.62098012905775,0.017139136501002628,24,48,4.218727680080055,False,0.5410052857756997,False,0.004500045072943052,False,False,0,OK,val
2026-09-19 19:30:06.097791+00:00,-0.006520601920561871,-0.05798373772800258,0.09602196903463862,-1.9241150615251272,9.620300648762571,0.017240134054647683,24,48,3.99436011295593,False,0.5154185593511844,False,0.004500045072943052,False,False,0,OK,val
2026-09-19 19:34:58.326370+00:00,-0.02330930629823583,-0.06675200302726171,0.7194251595005934,0.3384207102970901,9.619228582617133,0.018701871564097552,25,48,3.7245688342587173,False,0.5096140926528131,False,0.004500045072943052,False,False,0,OK,val
2026-09-19 19:40:00.743748+00:00,-0.02260644560398317,-0.025313257834090757,0.5453595359027766,-0.8394686456899516,9.61725500426267,0.015200000000000003,25,48,3.650952044389403,False,0.48982145383850134,False,0.004500045072943052,False,False,0,OK,val
2026-09-19 19:45:03.286187+00:00,-0.0052165186692822605,-0.056565951563980754,0.12029952581481397,0.7424577876299305,9.617763374384005,0.015147276983009201,25,48,3.124461846315198,False,0.4676159023587823,False,0.004500045072943052,False,False,0,OK,val
2026-09-19 19:50:15.147508+00:00,-0.01345175382720476,-0.08176081662279845,0.5250334188966093,-1.1957844532526205,9.615118573616792,0.01319090595827293,20,48,3.150170426249209,False,0.49861524966418164,False,0.004500045072943052,False,False,0,OK,val
2026-09-19 19:56:27.946600+00:00,-0.029276426903082124,-0.1351900842599899,0.04654193742399934,1.247491313830359,9.621899536090483,0.015321553446044574,20,48,3.8005179263005853,False,0.5104754893327621,False,0.004500045072943052,False,False,0,OK,val
2026-09-19 19:59:59.636945+00:00,0.0003402295069205155,-0.0926691227630465,-0.424984854697246,0.025978461234130286,9.61846132613019,0.016316862443496928,25,48,3.2633019133959644,False,0.47762862509617177,False,0.004500045072943052,False,False,0,OK,val
2026-09-19 20:05:11.312102+00:00,-0.010779017106309567,-0.08231001833226054,0.3926627359948807,0.4061283288407076,9.61638034920682,0.018547236990991423,25,48,3.1652618784875903,False,0.48978506626068247,False,0.004500045072943052,False,False,0,OK,val
2026-09-19 20:10:03.793424+00:00,-0.0018941688317887634,-0.04044884068830882,0.18858617357916035,-0.2802873419939307,9.619983617507001,0.014523687548277823,24,48,3.5412691217258097,False,0.47610203186548733,False,0.004500045072943052,False,False,0,OK,val
2026-09-19 20:15:05.676721+00:00,-0.009554594097972522,-0.053069249742517484,0.0738484441092106,-1.1945654236249668,9.615061165771786,0.012749901960407395,25,48,3.3427369133727263,False,0.4946025653197247,False,0.004500045072943052,False,False,0,OK,val
2026-09-19 20:19:57.938641+00:00,-0.02183761454615139,-0.03758991843227507,0.38723272030208505,0.08775939490135777,9.622636746389684,0.013316315670580545,21,48,4.07180419270119,False,0.4976982246329473,False,0.004500045072943052,False,False,0,OK,val
2026-09-19 20:24:59.891813+00:00,0.0022791496420888875,-0.07933394059998464,-0.6369908980677622,-0.517869065565142,9.626700154143816,0.01343582010904968,27,48,4.682250273505869,False,0.5211454242566518,False,0.004500045072943052,False,False,0,OK,val
2026-09-19 20:30:01.987316+00:00,-0.029254857769369445,-0.06501074567338488,0.5187165810402371,1.1075241012879387,9.620978917697508,0.017325126262166188,25,48,3.8433077251907837,False,0.5206141406429194,False,0.004500045072943052,False,False,0,OK,val
2026-09-19 20:39:26.098633+00:00,-0.009493522443516924,-0.08390371176033186,0.5352339816387245,-1.142858381009381,9.623755559934457,0.01668096034015497,26,49,4.092056656362476,False,0.5071159419740576,False,0.013710373713693293,False,False,0,OK,val
2026-09-19 20:44:29.720532+00:00,-0.0059607417511731604,-0.07320985441739711,-0.04089823978939802,1.540695066495404,9.620961999715915,0.01777560750641797,24,49,4.008457739196646,False,0.5190264493588703,False,0.013710373713693293,False,False,0,OK,val
2026-09-19 20:49:30.887370+00:00,-0.008234871911760162,-0.08312969151680263,0.7268810270230512,0.48118385511001627,9.619819976969803,0.0161411644586952,22,49,3.6173597527479973,False,0.5063582103727562,False,0.013710373713693293,False,False,0,OK,val
2026-09-19 20:54:32.668002+00:00,-0.01146340193657351,-0.09517098538027678,0.32751965685164225,-0.14869523705543036,9.618667514530815,0.016000000000000014,25,49,3.109210886101844,False,0.48774999152487025,False,0.013710373713693293,False,False,0,OK,val
2026-09-19 20:59:26.248719+00:00,-0.0011514459366215625,-0.0571434664453889,0.7264806028659172,2.2106608048954683,9.62441290750206,0.01877775723207293,24,49,5.22641184437388,True,0.5735981264031569,True,0.013710373713693293,False,False,1,OK,val
2026-09-19 21:04:27.313047+00:00,-0.011484865759396242,-0.06999883969776412,-0.2772176150666553,-1.962040153077178,9.61774633308448,0.019230769230769246,26,49,4.099893892416265,False,0.5548985645561577,False,0.013710373713693293,False,False,0,OK,val
2026-09-19 21:09:29.402779+00:00,-0.013624983201449477,-0.10207233231099701,0.3339278734117822,0.2610351734281535,9.619717461557634,0.018317674254190817,22,49,3.5542258638714306,False,0.5133397504344992,False,0.013710373713693293,False,False,0,OK,val
2026-09-19 21:14:32.102992+00:00,0.01515775857713661,-0.0813156962349893,0.49821696099245655,0.6730586150590399,9.622127713081191,0.014373989364401736,22,49,3.9799350323211735,False,0.5099604456202042,False,0.013710373713693293,False,False,0,OK,val
2026-09-19 21:24:46.924108+00:00,0.02670108305984676,-0.09136385368476156,-0.056071425163000045,1.1940697162874783,9.62203008532162,0.016943282737768774,21,49,4.2166595322723115,False,0.5103107245701127,False,0.013710373713693293,False,False,0,OK,val
2026-09-19 21:29:38.673825+00:00,0.013444941032869492,-0.05112726048740335,0.4923983234097843,-0.07267310662370144,9.628031014192514,0.015430334996209206,21,49,4.723769037899707,False,0.4902971935855668,False,0.013710373713693293,False,False,0,OK,val
2026-09-19 21:34:30.518696+00:00,-0.007029919765626602,-0.024333398431704505,-0.23032537936887262,0.436909179925897,9.620687445495042,0.01699264546796668,20,49,3.9522123879666595,False,0.4927864964824169,False,0.013710373713693293,False,False,0,OK,val
2026-09-21 06:11:25.812863+00:00,0.057978410373748804,0.02815469119239844,-0.6209889015702609,1.263423685138913,9.62406336674546,0.02242208732477876,20,50,5.152582586279753,False,0.5432347344423663,False,0.09409444913057752,False,False,0,OK,val
2026-09-21 06:16:28.203153+00:00,0.027073456126561563,0.014594881187300592,-0.2465213295952381,-1.824392761810179,9.630460331517448,0.014510685717773647,25,50,4.687384432677496,False,0.4990857255977737,False,0.09409444913057752,False,False,0,OK,test
2026-09-21 06:21:30.382364+00:00,0.06431177174214343,0.0707060859411187,0.8061553447340359,1.2040885038346447,9.633842374860285,0.021586389744981272,24,50,6.520443988715672,True,0.5765145015613103,True,0.09409444913057752,False,False,1,OK,test
2026-09-21 06:26:32.578001+00:00,0.047136772530755634,-0.015510653048311368,-0.28317099930973405,0.19921498301528867,9.626034744795222,0.017868151368659966,24,50,3.9094038570350875,False,0.44260727721255627,False,0.09409444913057752,False,False,0,OK,test
2026-09-21 06:31:27.176931+00:00,0.055782046056188604,-0.016177606493524517,-0.9406177411806185,1.5646629735342235,9.627552168956246,0.023713422125220554,24,50,6.036736654949391,True,0.5839226230928823,True,0.09409444913057752,False,False,1,OK,test
2026-09-21 06:36:27.118970+00:00,0.02944834317123448,-0.031870583282442126,0.9716650622049334,0.34545388352831824,9.64219858417579,0.04648824609289321,22,50,10.837521021260342,True,0.6026815067766507,True,0.09409444913057752,False,False,1,WATCH,test
2026-09-21 06:41:31.569550+00:00,0.0702463726528622,0.014091395564286775,0.48292762728964767,0.32559606120575435,9.628158905796719,0.02223355719986446,21,50,5.2698878382572625,True,0.5158645333430742,False,0.09409444913057752,False,False,1,WATCH,test
2026-09-21 06:46:43.471383+00:00,0.08051129704122728,-0.04068521976930201,0.4753100906391044,-0.0023356798712121825,9.62223455537911,0.023288524468090266,22,50,4.982689435350657,False,0.49669490210441253,False,0.09409444913057752,False,False,0,OK,test
2026-09-21 06:56:37.701874+00:00,0.05075077431794943,-0.09910279101428106,-0.1619580931356057,1.4158216453677357,9.62870180973596,0.02121885953579994,25,50,5.856685543264309,True,0.5189791468507807,False,0.09409444913057752,False,False,1,OK,test
2026-09-21 07:01:34.049314+00:00,0.05811985754398046,-0.03014172813651309,0.314406137533242,0.08170540040567388,9.629664909260113,0.014937887931959088,22,50,4.295168306830793,False,0.4394376591752609,False,0.09409444913057752,False,False,0,OK,test
2026-09-21 07:06:31.328867+00:00,0.03449134294934557,-0.03761065660783189,-0.4799707600753479,-0.01784857074149236,9.629693356656801,0.014769583256448842,21,50,4.199216276093547,False,0.4393207359635634,False,0.09409444913057752,False,False,0,OK,test
2026-09-21 07:11:34.739111+00:00,0.0527315815696387,-0.0043059146838983365,0.09050520987126336,-1.82328246260548,9.63164154105888,0.02610809554642475,21,50,6.51521157731947,True,0.5604444963341106,False,0.09409444913057752,False,False,1,OK,test
2026-09-21 08:11:26.234363+00:00,0.10626030321697422,-0.017047827278131002,-0.33605328035055376,0.8130531591142702,9.635786703485726,0.014086784586980816,24,50,5.909732814147683,True,0.4868644702536072,False,0.09409444913057752,False,False,1,WATCH,test
2026-09-21 09:45:36.001177+00:00,0.2041768506501381,-0.13049010290660532,0.4497178648536802,-1.833009635587683,9.634955671987688,0.01855310451312207,21,51,9.014969983189062,True,0.5268194036155529,False,0.21779048772462534,True,False,2,WATCH,test
2026-09-21 09:49:58.145697+00:00,0.1932850550825494,-0.13575826187582157,0.38942228287269576,-0.6512486367431939,9.633189460441391,0.017775723089679007,26,51,8.52348050724244,True,0.47186557577590815,False,0.21779048772462534,True,False,2,ALARM,test
2026-09-21 09:54:50.916183+00:00,0.1803486466605672,-0.08239009814436314,-0.4462500974006377,1.8359202157168528,9.631701519359494,0.016927446988204156,26,51,7.583708919216975,True,0.5065236826048429,False,0.21779048772462534,True,False,2,ALARM,test
2026-09-21 10:00:00.978428+00:00,0.16266057189577232,-0.12402382429745602,-1.1652691525746532,0.2429624723352325,9.63353189015901,0.01611004679328264,27,51,8.254911363754319,True,0.516799218067429,False,0.21779048772462534,True,False,2,ALARM,test
2026-09-21 10:04:44.147703+00:00,0.1637784168485741,-0.11454009137023528,-0.6818442140485846,-0.11522577508213988,9.631067347456701,0.022263416678987596,24,51,8.202846602854171,True,0.5213630720453842,False,0.21779048772462534,True,False,2,ALARM,test
2026-09-21 10:09:47.737267+00:00,0.22372603060691756,-0.12929871513567848,0.13588198775086333,0.49834897413762036,9.632669413044537,0.014837789592793141,25,51,8.696941408935862,True,0.4514848671121417,False,0.21779048772462534,True,False,2,ALARM,test
2026-09-21 10:14:47.871682+00:00,0.19598502245834293,-0.11183568152842402,-0.6954161281515211,0.3293657165739647,9.630678563592692,0.013301243435223537,26,51,7.852028164334516,True,0.48381866762366466,False,0.21779048772462534,True,False,2,ALARM,test
2026-09-21 10:19:50.501367+00:00,0.19617704879398304,-0.13487442948445666,0.7946601447751674,-1.1567189135675735,9.627184143993135,0.017837651700316887,22,51,7.989101564518826,True,0.48843727479353233,False,0.21779048772462534,True,False,2,ALARM,test
2026-09-21 10:33:26.627783+00:00,0.21437028304913247,-0.06241252791427722,0.3730015935598873,-0.07289894746113106,9.629637781788507,0.01447640585679409,28,52,6.969149634163369,True,0.4474502040472042,False,0.20973602766037983,True,False,2,ALARM,test
2026-09-21 10:38:29.844806+00:00,0.2025610301257832,-0.06428031679240298,-0.6882926333619207,-0.965197802372928,9.64127165901886,0.018052643036544948,23,52,8.90766507011261,True,0.5281551172037368,False,0.20973602766037983,True,False,2,ALARM,test
2026-09-21 10:43:31.709351+00:00,0.19397071543824412,-0.013842365384288272,0.5126779442556252,0.08406366305707544,9.632209085637928,0.010721046049820283,26,52,6.869595812406572,True,0.5229820522317448,False,0.20973602766037983,True,False,2,ALARM,test
2026-09-21 10:48:26.917617+00:00,0.17512552748685112,-0.13006727635712373,0.3905066487908725,2.231255472536268,9.63158012492389,0.017058722109231997,20,52,8.376230080651544,True,0.5217890405933074,False,0.20973602766037983,True,False,2,ALARM,test
2026-09-21 11:03:43.321564+00:00,0.21385761877078138,-0.10032034666451575,0.28299463755140386,-0.5611664715263425,9.631660713063676,0.012884098726725142,20,52,7.833363196883402,True,0.4711059548735536,False,0.20973602766037983,True,False,2,ALARM,test
2026-09-21 11:43:41.537322+00:00,0.20130882057768185,-0.05157274611839291,-0.2522388198846105,-0.1676445900048546,9.63580595290825,0.015514589241705479,22,52,7.59456068751769,True,0.46599583067662664,False,0.20973602766037983,True,False,2,ALARM,test
2026-09-21 12:04:49.319696+00:00,0.20989295789930132,-0.061682406117918635,0.5788578652372725,0.5149691427616072,9.631367090075237,0.016098807335735668,26,53,7.330451906970535,True,0.4734959629643198,False,0.15713172384719856,True,False,2,ALARM,test
2026-09-21 12:09:41.419304+00:00,0.20744716416624542,-0.0654841649241421,0.1207778808802038,-1.7551999230723876,9.634105034044413,0.018973665961010282,25,53,8.027998355905051,True,0.5226489135514105,False,0.15713172384719856,True,False,2,ALARM,test
2026-09-21 12:14:43.816425+00:00,0.20331100150119788,-0.0630317244852036,-1.0538086631485906,1.067412670387082,9.63059924011395,0.016489415588379155,22,53,7.641484659118626,True,0.5325830574081121,False,0.15713172384719856,True,False,2,ALARM,test
2026-09-21 12:19:36.493532+00:00,0.22637439184567892,-0.10810166069078468,-0.6300179041543101,0.08570581748426732,9.633258693692905,0.017645396000090234,25,53,8.72653882316917,True,0.49117404966331035,False,0.15713172384719856,True,False,2,ALARM,test
2026-09-21 12:24:38.276229+00:00,0.21524562867174876,-0.10318365398891424,0.026428091358764522,-0.3669250019778679,9.631957967071845,0.015112986695683478,26,53,7.923252784785901,True,0.446519137022962,False,0.15713172384719856,True,False,2,ALARM,test
2026-09-21 12:29:40.546952+00:00,0.21770311272202275,-0.06119240293056425,-0.6443800528470887,1.2253152667732725,9.635164991758218,0.01840000000000002,25,53,8.422171040659727,True,0.5289015647484794,False,0.15713172384719856,True,False,2,ALARM,test
2026-09-21 12:41:55.799103+00:00,0.21618855011049412,-0.06958215360898659,-0.46125068856598006,-1.274448272939784,9.633482937488031,0.015719651332536905,22,54,7.8801128342670035,True,0.49080300878470895,False,0.026300271111702165,False,False,1,WATCH,test
2026-09-21 12:47:01.336441+00:00,0.204043079206554,-0.09858497247387657,-0.1808969392091657,-0.17342385599734428,9.634899508579743,0.015124483462254187,20,54,8.095099462563407,True,0.4591716668413512,False,0.026300271111702165,False,False,1,WATCH,test
2026-09-21 12:52:02.925068+00:00,0.21743285624572237,-0.08379510577079845,0.14106510199964356,-0.24776195743671586,9.635130447217758,0.014381174563233082,22,54,8.065290820258067,True,0.46566047322970705,False,0.026300271111702165,False,False,1,WATCH,test
2026-09-21 12:56:54.844147+00:00,0.19541085102315967,-0.07387465566353113,-0.11395256396986223,-2.7649323493445275,9.635277143762323,0.016996731711975965,21,54,8.24188076413222,True,0.5577213855068732,False,0.026300271111702165,False,False,1,WATCH,test
2026-09-21 13:02:09.138622+00:00,0.21224195780886118,-0.10029417593789686,0.25118854609133473,1.3014527601018708,9.63033438944348,0.017625481450782635,21,54,7.996041515153974,True,0.48759975090874597,False,0.026300271111702165,False,False,1,WATCH,test
2026-09-21 13:25:53.379217+00:00,0.2319419836035097,-0.12845560166841233,-0.18638265608141663,1.8792360037276044,9.629635267006513,0.014521857792358973,21,55,8.66399887944271,True,0.507998048824104,False,0.0481658877205251,False,False,1,WATCH,test
2026-09-21 13:50:57.559568+00:00,0.22105326907606224,-0.08757829501670696,-0.845112224547187,0.5281174295201692,9.641522878681275,0.017660953053556454,23,55,9.59110948187092,True,0.541583410370244,False,0.0481658877205251,False,False,1,WATCH,test
2026-09-21 13:56:00.511421+00:00,0.20689667929751376,-0.08543086273304343,-0.8988487027764238,-0.1358307031709718,9.633479825534248,0.015932550136314217,26,55,8.1016458320999,True,0.4996118524358721,False,0.0481658877205251,False,False,1,WATCH,test
2026-09-21 14:05:54.124049+00:00,0.22230716120090588,-0.07707550962262873,0.450348765466441,0.15883359256618487,9.637061145160942,0.013482241406136207,24,55,8.369732156174942,True,0.49531567058328946,False,0.0481658877205251,False,False,1,WATCH,test
2026-09-21 14:10:56.473473+00:00,0.21935471724315758,-0.08659315931192342,-0.21120017437604371,2.3012332276694814,9.636829244612873,0.01569398038765703,28,55,8.924346014731258,True,0.549025340423906,False,0.0481658877205251,False,False,1,WATCH,test
2026-09-21 14:15:58.459013+00:00,0.23318555020263462,-0.07014204478732784,0.4285227130023624,-1.9776844895123624,9.636898282465495,0.020474481423830022,27,55,9.072636920181331,True,0.5809465408354063,True,0.0481658877205251,False,False,1,WATCH,test
2026-09-21 14:21:00.953619+00:00,0.2292999590607294,-0.11311958517242841,0.44084629698162603,-0.4297756453096235,9.633868956971947,0.018658728470829646,27,55,8.793252118414628,True,0.49481173300540077,False,0.0481658877205251,False,False,1,WATCH,test
2026-09-21 14:26:02.672379+00:00,0.21665466199348093,-0.07615263209976948,-0.08466438044525539,2.018094103122215,9.635271276400589,0.017458553702803976,27,55,8.564851851817346,True,0.5448517488277601,False,0.0481658877205251,False,False,1,WATCH,test
2026-09-21 14:30:54.784891+00:00,0.22337041198116167,-0.14153371089314007,-0.5699811836098343,0.8974499934328491,9.635795714871392,0.02211692029341579,28,55,10.038686806414253,True,0.5669817730347987,True,0.0481658877205251,False,False,1,WATCH,test
2026-09-21 14:35:57.488181+00:00,0.20492540599907072,-0.13490316429361146,-0.5567849513048838,-0.4862500611632356,9.637138558577709,0.013003246644803661,29,55,9.033179199361305,True,0.5129538386005223,False,0.0481658877205251,False,False,1,WATCH,test
2026-09-21 14:46:01.682145+00:00,0.18794749519536927,-0.11709581099761282,0.08284221164602008,-0.4995015546583031,9.632332592420832,0.017524285769068504,26,55,7.863055905549873,True,0.4717121699715355,False,0.0481658877205251,False,False,1,WATCH,test
2026-09-21 14:51:03.961371+00:00,0.2039790788469813,-0.14131269247973197,0.6092806114938037,-0.04126400589867779,9.629887634441578,0.015329709716755903,20,55,8.107172386837417,True,0.4656904876037339,False,0.0481658877205251,False,False,1,WATCH,test
2026-09-21 14:55:58.969115+00:00,0.19873012982648117,-0.1476904897970359,0.4047221154855933,-0.24676171163617286,9.63092387702735,0.014628738838327807,20,55,8.191125524744907,True,0.4641560090635993,False,0.0481658877205251,False,False,1,WATCH,test
2026-09-21 15:01:20.315097+00:00,0.24475208984707458,-0.11866779303196169,-0.17517896623245074,0.410232755978581,9.632900162379096,0.019723082923316038,20,55,9.154300288264665,True,0.5104905103100801,False,0.0481658877205251,False,False,1,WATCH,test
2026-09-21 15:06:02.420085+00:00,0.2528766319874513,-0.061751483023998695,-0.8112095079693643,0.03133044828772835,9.635057581658048,0.015310275531877766,23,55,8.628008965759273,True,0.5113320659933823,False,0.0481658877205251,False,False,1,WATCH,test
2026-09-21 15:10:54.672319+00:00,0.1855693135982498,-0.10846701247526278,-0.21922383979184992,1.11300134589485,9.629598790066725,0.0135922772190682,20,55,7.32990111612712,True,0.4893309688449654,False,0.0481658877205251,False,False,1,WATCH,test
2026-09-21 15:21:08.158316+00:00,0.2332106664888562,-0.08391065282383536,1.4130162066342857,0.16712568752497436,9.632043544453413,0.01707659150194393,21,55,8.482342312960705,True,0.5404265394953418,False,0.0481658877205251,False,False,1,WATCH,test
2026-09-21 15:28:10.972454+00:00,0.22236436706793822,-0.10855766567168691,0.4796078604349728,-0.3381681363730794,9.635555837364778,0.014115376591954729,23,56,8.539112896872185,True,0.49923563837049056,False,0.023074605258998362,False,False,1,WATCH,test
2026-09-21 15:33:13.371791+00:00,0.2219403142936734,-0.1470358130063862,0.4766605420897166,0.3552372648212667,9.633582782939685,0.014249955245185731,28,56,8.912737039465156,True,0.49992946891087175,False,0.023074605258998362,False,False,1,WATCH,test
2026-09-21 15:38:17.301262+00:00,0.23337239738570262,-0.1437657062231663,-0.24641486019974201,-0.8093925452340304,9.633365280999719,0.0165301583644233,29,56,9.104870640435157,True,0.4873351392428451,False,0.023074605258998362,False,False,1,WATCH,test
2026-09-21 15:43:18.248507+00:00,0.2027643159218428,-0.10653141150926208,0.04656021711278164,0.043789699874825956,9.634064943628664,0.014382583584405993,27,56,7.98967121480017,True,0.4723465639326624,False,0.023074605258998362,False,False,1,WATCH,test
2026-09-21 15:48:21.563038+00:00,0.22129391477910984,-0.13560158908351216,0.4154014991590208,-1.5748343289945828,9.63488827411743,0.016363497803240402,27,56,8.988932721861199,True,0.5211816442034782,False,0.023074605258998362,False,False,1,WATCH,test
2026-09-21 15:53:13.672311+00:00,0.21887907861792671,-0.13198613911912566,0.16841405824531003,-0.482826691054326,9.631385834475884,0.016193277068654838,30,56,8.31498369474337,True,0.47349268705171105,False,0.023074605258998362,False,False,1,WATCH,test
2026-09-21 15:58:16.221059+00:00,0.21401957637431487,-0.1481964186021073,-0.12213676511812468,-0.5144922069653198,9.632242439052535,0.016248076809271938,25,56,8.65390507610511,True,0.4779376294847725,False,0.023074605258998362,False,False,1,WATCH,test
2026-09-21 16:03:17.471846+00:00,0.23920558115036172,-0.0816313615159524,0.4514503926875601,1.494337508157011,9.632534670504484,0.015484848118790289,27,56,8.29501157947631,True,0.5270336099547179,False,0.023074605258998362,False,False,1,WATCH,test
2026-09-21 16:13:13.338792+00:00,0.21596238738215964,-0.07376969892758313,1.022599175983505,1.4763098905322891,9.63711517743093,0.01742160717885165,22,56,8.84370710223675,True,0.5715118883365753,True,0.023074605258998362,False,False,1,WATCH,test
2026-09-21 16:18:15.716895+00:00,0.22366656714758443,-0.09308682989297035,0.4731044867242272,0.38934958302891476,9.628533639803212,0.01646207763315434,20,56,7.49394032871331,True,0.4842155397777198,False,0.023074605258998362,False,False,1,WATCH,test
2026-09-21 16:23:26.442600+00:00,0.2299709395408359,-0.05744686054987946,-0.024104738944268008,-0.05060706180649669,9.63755256238393,0.013514395616856077,24,56,8.342502302018866,True,0.48894235118496215,False,0.023074605258998362,False,False,1,WATCH,test
2026-09-21 16:28:19.687327+00:00,0.23423948024444297,-0.08340679034728907,0.6149237265079733,-0.9410231257863495,9.637791552995708,0.02084387488403744,21,56,9.27587447753346,True,0.5537969082728124,False,0.023074605258998362,False,False,1,WATCH,test
2026-09-21 16:33:11.882817+00:00,0.21446941069476078,-0.06770611288133621,-1.2683656943156882,0.10701890715535416,9.634013251641605,0.012526615655206057,21,56,8.333193401322095,True,0.5680876367499136,True,0.023074605258998362,False,False,1,WATCH,test
2026-09-21 16:38:14.537780+00:00,0.22091648827463892,-0.0911537204058801,-0.8115093816469785,-0.5784453842182518,9.634834556807034,0.017032444529974763,24,56,8.588082150216483,True,0.5219791439479247,False,0.023074605258998362,False,False,1,WATCH,test
2026-09-21 16:43:15.454589+00:00,0.23346691235298234,-0.10322721684837552,0.22975390663781245,0.6349583612032298,9.633175357686644,0.016169106345126204,25,56,8.403416071021791,True,0.49245183671657305,False,0.023074605258998362,False,False,1,WATCH,test
2026-09-21 17:08:17.286195+00:00,0.2142217803791538,-0.0737700373587803,0.16292278457639578,-0.37524860086871736,9.632466437928178,0.014239030865898153,20,56,7.514158319152784,True,0.4869757070759841,False,0.023074605258998362,False,False,1,WATCH,test
2026-09-21 17:13:18.754961+00:00,0.21572334942165985,-0.14230122740980222,1.3412982716578465,0.6745409690670302,9.629166991991493,0.014705682195902415,23,56,8.54747876880756,True,0.5641239524342353,False,0.023074605258998362,False,False,1,WATCH,test
2026-09-21 17:28:15.385889+00:00,0.22737268181717804,-0.11899443539258474,0.8942265411549083,-1.4116606610673184,9.633716290209218,0.012609520212918503,20,56,8.708739786594434,True,0.5594625448323541,False,0.023074605258998362,False,False,1,WATCH,test
2026-09-21 17:36:49.644907+00:00,0.21206037724112806,-0.11620619599593134,-0.6925686933619964,-0.07942816213245918,9.634864475978004,0.011922615498731262,22,57,8.651581814426864,True,0.5364369150459495,False,0.02247034185615237,False,False,1,WATCH,test
2026-09-21 17:41:51.934195+00:00,0.2009763218162486,-0.1266480105886359,-0.12104380096452491,0.17095193273993875,9.637971526036724,0.013302631318653061,25,57,8.816690094855092,True,0.48961888842019413,False,0.02247034185615237,False,False,1,WATCH,test
2026-09-21 17:46:54.529478+00:00,0.22665669257237545,-0.10675999901357969,0.3077040575814444,1.1565463966312348,9.635194349243429,0.01739295239168465,26,57,8.806458843260947,True,0.5107747514637366,False,0.02247034185615237,False,False,1,WATCH,test
2026-09-21 17:51:56.294651+00:00,0.21764292757659073,-0.1118779641211269,-0.17819343398413778,0.40673858631508086,9.630817426195891,0.0171130693581585,28,57,8.011962389915317,True,0.48846494832962084,False,0.02247034185615237,False,False,1,WATCH,test
2026-09-21 17:56:58.411764+00:00,0.22800105538474486,-0.10658615211672588,1.9558575331798607,-1.7920081681542384,9.633564299429802,0.015198516307823736,28,57,9.246287029493901,True,0.5883173202301887,True,0.02247034185615237,False,False,1,WATCH,test
2026-09-21 18:01:50.636899+00:00,0.2183058486759783,-0.08237272223759183,-0.12879595052413498,0.6568397759703697,9.639214599283381,0.017924401956368324,29,57,8.964656287299789,True,0.49195704252822875,False,0.02247034185615237,False,False,1,WATCH,test
2026-09-21 18:06:52.703241+00:00,0.21364053884355566,-0.07903315763013109,0.695175649317774,-1.741416875094705,9.633093078413587,0.016868774571840005,30,57,7.99523471036371,True,0.5258023844333612,False,0.02247034185615237,False,False,1,WATCH,test
2026-09-21 18:11:55.129299+00:00,0.1964940243355553,-0.06843595268835562,-0.22741948823597807,-1.0591249026112353,9.631522310792414,0.01768866554856215,30,57,7.38677227347797,True,0.49067923370210303,False,0.02247034185615237,False,False,1,WATCH,test
2026-09-21 18:21:49.927024+00:00,0.2270865450160558,-0.12438661852091087,0.005686463704676004,-1.9075314796167904,9.636486816547485,0.017433413323813172,29,57,9.239516753677513,True,0.5299833980979394,False,0.02247034185615237,False,False,1,WATCH,test
2026-09-21 18:26:52.448070+00:00,0.20602660569061268,-0.10918388658342242,-0.4878606258561754,-0.14862083722024244,9.642112871735177,0.019041008376659063,25,57,9.653524716849407,True,0.49999899562933664,False,0.02247034185615237,False,False,1,WATCH,test
2026-09-21 18:31:54.445721+00:00,0.22773392082106042,-0.07036509117356433,0.4661251575719327,1.2901288106055073,9.634995890859955,0.017596345961618038,29,57,8.447130019969448,True,0.5147023745328443,False,0.02247034185615237,False,False,1,WATCH,test
2026-09-21 18:36:57.108438+00:00,0.21349196492115088,-0.07926008009620933,-0.0955887919303807,-1.517176608498567,9.634504413393078,0.015452362609131395,28,57,8.048347073123029,True,0.4925444364866435,False,0.02247034185615237,False,False,1,WATCH,test
2026-09-21 18:41:59.241785+00:00,0.2172570162792083,-0.07334219461954065,0.772264014884491,0.04897054089934876,9.633901778778624,0.01613435652009279,21,57,7.965698231115761,True,0.4908267451734283,False,0.02247034185615237,False,False,1,WATCH,test
2026-09-21 19:36:53.359966+00:00,0.2154607850972418,-0.0937248700018187,0.12302226516283539,-0.7264267889602013,9.635162274255649,0.021675822241411527,21,57,8.80292578520473,True,0.528603271342541,False,0.02247034185615237,False,False,1,WATCH,test
2026-09-21 19:47:17.494285+00:00,0.2274754476369761,-0.06984740872701503,-0.45396882204424055,1.3729672423204642,9.638921757246207,0.019241621553289123,25,57,9.257545033552336,True,0.5284721833966533,False,0.02247034185615237,False,False,1,WATCH,test
2026-09-21 19:51:49.955806+00:00,0.24338687650285704,-0.1140304244418252,-0.054082474354127344,-1.4844394633328915,9.636282187368693,0.012594470598448062,29,57,9.145986954706007,True,0.5205689181120275,False,0.02247034185615237,False,False,1,WATCH,test
2026-09-21 19:56:52.048969+00:00,0.21595180081665524,-0.07891902527000966,-0.8370916738716692,0.6276432390645107,9.635811803019793,0.012220720790806753,29,57,8.529253837062644,True,0.5402744115194692,False,0.02247034185615237,False,False,1,WATCH,test
2026-09-21 20:01:54.240660+00:00,0.2314001377831446,-0.12600737335256693,0.2644437676620659,0.02411736361123208,9.631793720846984,0.022067674288893946,26,57,9.027451190820862,True,0.5432772567411305,False,0.02247034185615237,False,False,1,WATCH,test
2026-09-21 20:06:56.528402+00:00,0.2152397512590748,-0.13332920268568837,0.7641060194512801,0.312160253517067,9.634805428886418,0.014985177861992693,30,57,8.788656175423993,True,0.5114450162402416,False,0.02247034185615237,False,False,1,WATCH,test
2026-09-21 20:11:58.823607+00:00,0.22409462873166175,-0.14103936362032374,-0.8260817414700427,0.857247228553402,9.631834617340768,0.01499900908340108,29,57,8.87939679364015,True,0.5307133337313384,False,0.02247034185615237,False,False,1,WATCH,test
2026-09-21 20:16:50.876883+00:00,0.2333823068356902,-0.08848435660793082,-0.09211959269166532,0.5522720110185724,9.633982462516155,0.01650856441873908,29,57,8.34936836621286,True,0.4760861602120707,False,0.02247034185615237,False,False,1,WATCH,test
2026-09-21 20:21:53.044239+00:00,0.21133697532582904,-0.11010894952524106,-0.5531901473850587,-1.7764579956503854,9.632317674224439,0.017771887913218463,25,57,8.431005113030483,True,0.5286954054468208,False,0.02247034185615237,False,False,1,WATCH,test
2026-09-21 20:27:55.749439+00:00,0.23049967500814075,-0.10616721133711483,-0.8139364171542687,1.6423146492588294,9.63004204537644,0.014431370787625053,22,57,8.353138915737741,True,0.5495880040524668,False,0.02247034185615237,False,False,1,WATCH,test
2026-09-21 20:31:57.701627+00:00,0.2311731220930802,-0.08388731811285023,-0.4980861268489772,-0.1767878748411564,9.635354203415545,0.015014785612264306,26,57,8.463802405834446,True,0.47916753543911794,False,0.02247034185615237,False,False,1,WATCH,test
2026-09-21 20:36:50.094956+00:00,0.2187140822060746,-0.12311461491069388,0.5280114491557493,0.7190151572470095,9.634173301402864,0.01416176385749868,30,57,8.590919986470151,True,0.5130155547324345,False,0.02247034185615237,False,False,1,WATCH,test
2026-09-21 20:41:52.346648+00:00,0.19819863036548532,-0.0903935651288969,0.028240147161238793,1.6008810062261722,9.630776806963068,0.019365949499056342,25,57,7.8832527849726635,True,0.5280654506882128,False,0.02247034185615237,False,False,1,WATCH,test
2026-09-21 20:46:57.311761+00:00,0.22450569175695803,-0.11339420479966231,0.6804108210335715,-0.30210329586002027,9.634631701150045,0.015118578920369104,28,57,8.565581237114166,True,0.4972041722187462,False,0.02247034185615237,False,False,1,WATCH,test
2026-09-21 20:51:59.001782+00:00,0.21376773326582058,-0.09017699291234423,0.034866882379003546,0.4851984849644876,9.637405703618866,0.014971394764005745,27,57,8.50726042758529,True,0.4707906409819707,False,0.02247034185615237,False,False,1,WATCH,test
2026-09-21 20:56:51.236794+00:00,0.2273540033633908,-0.09899064193012712,0.4264110337834091,-1.4776093410129036,9.63293894374668,0.016480219450483516,26,57,8.272381547776332,True,0.5089398350110607,False,0.02247034185615237,False,False,1,WATCH,test
2026-09-21 21:01:54.356702+00:00,0.20552501381889376,-0.10504415162875093,0.5988018239460623,-0.29739655677600063,9.63509632383286,0.01787142286170974,28,57,8.39188814756146,True,0.507642191188151,False,0.02247034185615237,False,False,1,WATCH,test
2026-09-21 21:46:32.038051+00:00,0.22887218573289,-0.14242301377413916,0.043325878349505124,-0.5505335130978057,9.629359283726503,0.01766095305355645,23,58,8.463619462549529,True,0.5134253136195065,False,0.027377033380208533,False,False,1,WATCH,test
2026-09-21 21:56:16.668017+00:00,0.22730928107962164,-0.08386482650656209,0.07532281281523547,-0.030469793455492326,9.62960790470285,0.010721046049820758,26,58,7.77171515122274,True,0.5437947193609911,False,0.027377033380208533,False,False,1,WATCH,test
2026-09-21 22:01:08.817296+00:00,0.2247582520739738,-0.07799542561231533,0.3610297516858764,0.43902993677665586,9.63356842998737,0.014743143673401356,29,58,7.953118822965787,True,0.4874000837578369,False,0.027377033380208533,False,False,1,WATCH,test
2026-09-21 22:06:11.002867+00:00,0.2284148446967621,-0.04424717954863282,0.04195869803927521,-0.1781519284285984,9.640596415920946,0.01579029237643603,30,58,8.736718320930425,True,0.46307818314078203,False,0.027377033380208533,False,False,1,WATCH,test
2026-09-21 22:11:13.468330+00:00,0.23056404947355585,-0.08070496758178408,0.476729404366321,0.2934741990911302,9.637453944547277,0.018015425489162226,30,58,8.810331415425882,True,0.5060962425517384,False,0.027377033380208533,False,False,1,WATCH,test
2026-09-21 22:16:15.329991+00:00,0.22364882834488048,-0.10995889107964311,-0.26649832784398675,0.6374608674883476,9.63753448493858,0.012064913185660107,26,58,9.049885823216588,True,0.5353270224052991,False,0.027377033380208533,False,False,1,WATCH,test
2026-09-21 22:21:17.425514+00:00,0.2407501298827861,-0.06456261229275816,-0.4753318815294177,0.6989325180648924,9.640273867384648,0.016193977212506636,28,58,9.201612700443386,True,0.48745575832582416,False,0.027377033380208533,False,False,1,WATCH,test
2026-09-21 22:26:09.903693+00:00,0.2206306093970243,-0.07141749359219075,-1.0888264570348154,-0.13002604294868578,9.633375527529585,0.015445495363766633,23,58,8.24442205889848,True,0.535248319905439,False,0.027377033380208533,False,False,1,WATCH,test
